target_id,class_label,is_transit,label,bls_detected,candidate_period,candidate_t0,candidate_duration,candidate_depth,bls_sde,bls_snr,bls_max_power,bls_period,bls_depth,bls_duration,bls_duty_cycle,flux_std,flux_skewness,flux_kurtosis,flux_mad,flux_p1,flux_p5,flux_iqr,flux_min,flux_depth_robust,von_neumann_ratio,outlier_fraction_low,outlier_fraction_high,folded_transit_depth,odd_even_depth_ratio,secondary_eclipse_depth,shape_depth_to_local_mad,shape_candidate_duty_cycle,shape_in_out_contrast,shape_ingress_ratio,shape_in_transit_fraction,shape_in_transit_mad,shape_mad_ratio,morph_symmetry,morph_ingress_egress_diff,morph_flat_bottom_kurtosis,morph_broad_depression_ratio,morph_core_to_wing_ratio,event_n_observed,event_n_adequate,event_adequate_fraction,event_depth_scatter_mad,event_single_event_dominance,odd_even_depth_difference,odd_even_depth_ratio_v2,odd_even_significance,secondary_eclipse_max_depth_ratio,var_global_to_local_std,var_autocorr_peak,var_has_autocorr_modulation,var_flare_cadence_rate,var_out_of_transit_smoothness,local_variance_contrast,local_flux_deficit_concentration,local_dip_isolation,local_baseline_flatness
SYNTH-TRAN-0001,transit,1,1,True,5.860698664860574,4.052,0.04,0.009234850611127448,69.21742218037731,47.1801264745098,1112.982167075352,5.860698664860574,0.009234850611127448,0.04,0.006825124833636469,0.0016396561211021452,-0.6503888122378658,3.367981264747585,0.001029999337427756,0.9960847295495175,0.9974218427292423,0.002061514739975401,0.9882913984605036,0.003915270450482455,1.7251694098363055,0.00595459620394492,0.0012228188633101175,0.009175738733624539,0.9412322209947186,0.0,5.365985226837904,0.006825124833636469,6.026346136731604,,0.0032431282896485726,0.0014095791280269066,0.9257687014860074,,0.008269636629133147,0.17402285750780422,0.03733494094951009,0.5124232793196823,4.0,4.0,1.0,0.05407361451130143,0.26142547859221904,0.0005519884100921857,0.9412322208945098,1.7402763762373485,0.0,1.0768762731618298,0.2858909594281838,1.0,0.0,1.9231676433168676,111.7149326790973,0.046845633642729416,,1.3758914358329395
SYNTH-TRAN-0002,transit,1,1,True,1.2563162984034244,0.8220000000000001,0.084,0.005086416880524043,242.5487525413889,104.70972624870376,5482.063385539243,1.2563162984034244,0.005086416880524043,0.084,0.06686214300232392,0.002195852753971471,-0.8217126158969313,1.6656828934518995,0.0012616896091290908,0.9928390328354038,0.9958267713384922,0.0025243888156559757,0.9891332358914271,0.007160967164596244,1.260172710128318,0.028047293356661895,0.0007422724139759291,0.005326227186822852,0.9789149061394629,0.0001159947455422472,2.9371079433407394,0.06686214300232392,3.080679585036684,0.6666666666666665,0.06738773129738614,0.0021414754400170826,1.2386252855003304,,0.05432541677048801,0.21882976648580232,0.0,0.582912099547903,22.0,21.0,0.9545454545454546,0.051422761658653914,0.051640071815443785,0.0001139111716534913,0.9789149059582645,0.9473439173703017,0.031088958792881392,1.2700770195538194,0.23429298408319493,1.0,5.3019458141137794e-05,1.985754638600413,15.921699837535408,0.3478443639790188,2.9592728493260267,2.293093270134141
SYNTH-TRAN-0003,transit,1,1,True,3.1904924497093945,1.1880000000000002,0.128,0.0033556079468807882,89.66051297932594,51.032737764349186,1302.1701618624224,3.1904924497093945,0.0033556079468807882,0.128,0.04011919853051489,0.0019106814034755286,-0.22836269081965105,0.4004515523443066,0.0012310868120891105,0.9949761328455455,0.9967441749931131,0.0024623020384583194,0.991212778507315,0.005023867154454464,1.7341407990382947,0.006840598154629335,0.0010075299607593595,0.003412280563924286,0.9897929768138246,3.135608523519018e-05,1.8571953336614777,0.04011919853051489,1.9308905470111102,,0.03902852900625729,0.0019710400630137707,1.1153428196058264,,-0.11375236964848859,0.3545565052647417,0.0,0.5787905780502658,9.0,8.0,0.8888888888888888,0.1115777320130118,0.1447553343086629,3.490042986709074e-05,0.9897929765243485,0.23865371942172597,0.031266628070153964,1.0811879595498233,0.17431729202249152,0.0,5.302789267154523e-05,1.9723076356556322,27.494062801698572,0.16381110587602557,1.6310154630434954,2.437592330248927
SYNTH-TRAN-0004,transit,1,1,True,0.8154574880776013,0.54,0.04,0.008707848129562368,371.85144780877425,147.77376291552946,10918.54250310756,0.8154574880776013,0.008707848129562368,0.04,0.049052219870220244,0.002504228187998354,-1.7027839286681958,4.334992963486998,0.0011801832401002743,0.9901364824175762,0.9945841706890353,0.002370450481225972,0.9889489360744242,0.009863517582423764,0.8425665583764856,0.05076033411865496,0.0007496251874062968,0.008933919110105881,0.9815909234484805,0.00018844539754903078,4.472843029156607,0.049052219870220244,5.397962149047281,,0.04080102805739987,0.0014004592085795407,0.8461712834007827,,0.01676973028474424,0.2460561338143541,0.03643162221937817,0.5031277837695526,33.0,32.0,0.9696969696969697,0.047725186730389335,0.034100281570606794,0.000166749407563338,0.9815909233401132,1.669119322430541,0.01864718761344278,1.5130794005176713,0.8676651163152227,1.0,0.0,1.5946202624773076,5.704978689651355,0.3404069883281214,1.3367125517163427,11.16759974866653
SYNTH-TRAN-0005,transit,1,1,True,5.48393641746008,2.052,0.04,0.004980266509342765,82.16725106303008,47.23630190163029,1115.6341086709708,5.48393641746008,0.004980266509342765,0.04,0.007294030593178587,0.0013388412306497392,-0.4214075102285827,1.567966918477076,0.00085870205803662,0.9965262711901044,0.9978433634899444,0.001717817253655829,0.9923936777099718,0.0034737288098956043,1.776859357545375,0.007583390783263509,0.001378798324229729,0.005121353851798349,0.9413354867497266,0.0,3.5476573408179517,0.007294030593178587,4.055476637536283,,0.007477329373707376,0.001736816646892441,1.3753432273934851,,0.02566228074200613,1.896610020612929,0.0,0.5344392650446766,5.0,5.0,1.0,0.028397062998208822,0.22410557584983046,0.00030508701050990794,0.9413354865687191,1.1066508073288481,0.0,1.0601960906028278,0.10229613028711382,0.0,0.0,1.9912913046506635,206.77439359602462,0.06992945195150162,,1.259044728723522
SYNTH-TRAN-0006,transit,1,1,True,9.030481459336649,0.63,0.084,0.0016572357492424831,57.292243301079864,14.962138411153587,111.93279291725786,9.030481459336649,0.0016572357492424831,0.084,0.009301829628712885,0.0006457094066566478,-0.059839721344064276,0.6663054215798847,0.000429869073081679,0.9985267366227724,0.9989603862542634,0.000858644659780694,0.9953077811858789,0.0014732633772276404,1.953466367365462,0.002030565352142781,0.0014962060489473123,0.0014540202681980752,0.6699952223779398,0.0,2.6639061044059247,0.009301829628712885,2.2843883244551675,,0.0017633857005450466,0.0018660931109594973,2.9317894724431603,,0.2684205752833003,-1.0280686863134343,0.0,,3.0,3.0,1.0,0.0535100907938107,0.37975234451864204,0.0005138569297612472,0.6699952219476614,0.7756324434707077,0.0,1.0144638708408842,0.15283337314235654,0.0,5.343593031954686e-05,1.9928301209113501,673.0365590437075,0.011766626906576112,,1.1026580438101279
SYNTH-TRAN-0007,transit,1,1,True,4.378498710543477,2.956,0.128,0.004604901661015272,80.59902752471632,74.03832577022723,2740.8368414292004,4.378498710543477,0.004604901661015272,0.128,0.029233764461726226,0.001665965128086856,-0.6681655526672744,1.7870643994066677,0.0010121483021952038,0.9944954544692992,0.9972065490494068,0.0020257958223571793,0.9911653538751213,0.0055045455307007884,1.5451096361494532,0.016973425979950142,0.0010077971675595395,0.004832536639967411,0.9779007335763041,0.0,3.140951272280555,0.029233764461726226,3.331221422391108,,0.028907866122102582,0.001906348406348158,1.3141066737594271,,-0.006091310811583555,0.39493834777486825,0.0,0.5664423246946351,6.0,6.0,1.0,0.04323174557404736,0.1795325211810948,0.00010702137323681526,0.9779007333743734,0.6647785376225378,0.0,1.1484028238380632,0.21742492963036847,1.0,0.0,2.0053974197143822,43.772886784644925,0.19224825830232226,2.2425387395852012,2.047030062854091
SYNTH-TRAN-0008,transit,1,1,True,11.455963746646164,6.9639999999999995,0.04,0.004721505300156263,45.24644683140754,25.052772151085353,313.8206962270822,11.455963746646164,0.004721505300156263,0.04,0.0034916311612552334,0.0014689457960033387,-0.12875504907572255,0.3218320304014126,0.0009828163829814773,0.996487270192093,0.9975673857850172,0.001965748983545512,0.9927458330059459,0.0035127298079069558,1.9268652902541588,0.0034992842373150947,0.0009543502465404804,0.004700149038975532,0.9951736084624874,0.0,2.19999637145226,0.0034916311612552334,3.2365808955776174,,0.003075128572185992,0.001329070451427045,0.9152143892235174,,0.09030216880436594,-0.42976550357324417,0.09480375395492119,0.4908284480770774,2.0,2.0,1.0,,0.5028270615722451,2.2739634737090064e-05,0.9951736082512659,0.06383097588775624,0.0,1.011534285521241,0.0992180227453733,0.0,0.0,1.9903689930888782,268.16444668397503,0.0246493531017702,,0.8008411073717143
SYNTH-TRAN-0009,transit,1,1,True,11.20962756240631,3.9379999999999997,0.084,0.006094181442520553,76.00005422019281,38.49127673696642,740.7891924208759,11.20962756240631,0.006094181442520553,0.084,0.0074935585087332005,0.0016820123266296446,-0.3852317991268332,1.8675851655030975,0.0010925936617853793,0.9961254218517214,0.9973174023675557,0.002184513574220337,0.9896859628604082,0.003874578148278629,1.8262287819637737,0.004367044788837407,0.0012781594503914362,0.0071556671291068685,0.9925962387603963,0.0,3.813829314913076,0.0074935585087332005,4.444378044542852,,0.005538690951696224,0.0034788529287783057,2.1607122435816404,,0.3005966048327345,-0.5184137602273271,0.0,0.6563287745032615,3.0,3.0,1.0,0.10875725722723939,0.36374331379591934,5.3096205962610554e-05,0.9925962386219881,0.08441445998697127,0.0,1.0446962554637842,0.0813663578139306,0.0,0.0,2.0070451919332712,532.1331599001369,0.051332903426283494,,0.9704925408146421
SYNTH-TRAN-0010,transit,1,1,True,8.208880274510683,3.8400000000000003,0.128,0.002429398470086058,71.86192340837066,16.571186908532965,137.30211777876363,8.208880274510683,0.002429398470086058,0.128,0.01559286963868283,0.0007278338788859682,-0.14181734719647093,0.739174000333386,0.00048768015845918056,0.9982952626332587,0.9987977936062159,0.0009733130398813516,0.9951921143555433,0.0017047373667412602,1.9414757001287741,0.002472320756745136,0.001074922068150059,0.0024048540030539023,0.6961998120766165,5.767784690968725e-05,3.2514396848604887,0.01559286963868283,3.329390857098619,,0.0012899064817800709,0.0024421799896067187,3.38106667534094,,0.09000361484940793,-0.9512811522960272,0.0009204779803682429,,3.0,2.0,0.6666666666666666,,0.5433529799725267,0.0008631106230496677,0.6961998118315661,1.145154415456933,0.023859258501121184,1.0076468088176294,0.14243180435639152,0.0,5.3746103407502955e-05,1.9828129564308066,368.31133376455017,0.011016234654617645,,0.84565463191176
SYNTH-TRAN-0011,transit,1,1,True,1.0532547070004548,0.7220000000000001,0.084,0.002160552214546425,368.2970160011269,50.10831880819868,1255.4218068920252,1.0532547070004548,0.002160552214546425,0.084,0.07975278861009993,0.0008831634491367664,-0.7067933337023661,2.707083718666964,0.0005451770569833703,0.997564019991081,0.9985716652808908,0.00109015369794907,0.9947052158161223,0.002435980008918981,1.6526118523209212,0.010054225033890645,0.0012426570266606417,0.0021274435180780316,0.9031828091357786,1.1753127722613499e-05,2.806154197130927,0.07975278861009993,2.677255457171543,0.6666666666666665,0.01999548124717578,0.00204008410604232,2.5673190660897243,,-0.07127701258474364,-0.9771583049509069,0.0,0.7063822822410687,26.0,25.0,0.9615384615384616,0.15151986147158933,0.060996063945639924,0.00021761869503578168,0.9031828087339583,0.9762553595559323,0.006201379402643321,1.1114063163998533,0.13164771132278466,0.0,0.0,1.9897822637131577,45.95797603977603,0.12397702064698968,5.500390932410461,1.1379174157190577
SYNTH-TRAN-0012,transit,1,1,True,2.649898581870316,0.28800000000000003,0.04,0.0027317106737146744,145.5644895489189,34.15138638224656,583.1585959147486,2.649898581870316,0.0027317106737146744,0.04,0.015094917320106545,0.0007475626818106389,-0.5665782143847808,2.6246663716188907,0.0004731533019731726,0.9981486419998216,0.9988040077634052,0.0009474769620136936,0.9949337526777065,0.001851358000178438,1.7302858902368383,0.006867196367763904,0.0010783200908059023,0.002709407442741063,0.9534226354026224,0.0,4.496486144248752,0.015094917320106545,3.884750898890968,,0.004370034052213394,0.0015693642446737279,2.2501559064205527,,,-0.9588900208541684,0.0,0.6154652644232762,11.0,0.0,0.0,,,0.00012745386444190654,0.953422635054199,0.3219318129533784,0.0,1.071856065030661,0.3736363485280607,1.0,5.675368898978434e-05,1.8650097700818875,176.53857401386102,0.040356423089211356,,23.6932058008517
SYNTH-TRAN-0013,transit,1,1,True,11.684199387198383,1.358,0.17200000000000001,0.003326833299963025,83.4384528550761,27.6621529039779,382.5973516415236,11.684199387198383,0.003326833299963025,0.17200000000000001,0.014720734754702083,0.0010291332265821647,-0.2721180223202788,1.252216304592948,0.0006781861786755439,0.9975986527493714,0.9983053217051203,0.0013546907679640174,0.9938237950050135,0.0024013472506285716,1.8962065370291505,0.0034997038712108975,0.0015075647445216174,0.0035217918024503803,0.6164264272498062,0.0,3.3589578549109844,0.014720734754702083,3.5188257208425835,,0.0037150702632854143,0.002907787219155774,2.905338257185869,,-0.527199514598224,-0.7547003734031019,0.0,0.6379398019502622,3.0,3.0,1.0,0.5427776588405244,0.45575901826908966,0.0020205916445840133,0.6164264271327885,4.437974011212274,0.0,1.0282664822353769,0.09177366277464434,0.0,0.0,2.0055430167092854,330.0712749035814,0.03098576007456912,,0.8102512524104643
SYNTH-TRAN-0014,transit,1,1,True,6.003176393838334,2.368,0.04,0.0044168200319423655,38.398869046509596,12.400750854352781,76.88931087586073,6.003176393838334,0.0044168200319423655,0.04,0.006663139207612829,0.0013926070011184163,-0.07204269735650744,0.4749457572852114,0.0009240076811571907,0.9967506942531194,0.9977514997554117,0.00184839576896767,0.9912831288443296,0.0032493057468806485,1.9642491796424049,0.001925030747018876,0.0020854499759371155,0.005474240667541319,0.32961782259399147,0.0,2.8936710623674267,0.006663139207612829,3.99916414552435,,0.0008020961445911984,0.0037285739318678,2.723880824362735,,-0.3302996267814741,-1.4571123703287991,0.0340580375530151,,5.0,0.0,0.0,,,0.0048508905208732855,0.329617822548439,5.718869528643111,0.0,1.0173582649920865,0.12530782616819264,0.0,0.0,1.9892761393827108,662.4350584968257,0.006491850343520835,,1.037597072981799
SYNTH-TRAN-0015,transit,1,1,True,8.944402868592775,6.04,0.128,0.0016060361280763951,30.03706492873294,19.16481913779911,183.64514629226989,8.944402868592775,0.0016060361280763951,0.128,0.014310625525316737,0.0013983348138063062,-0.0295754044035193,-0.0014706577126823994,0.0009438384862582305,0.9966958193155756,0.9976886165987938,0.00188597911061128,0.994781002667247,0.003304180684424396,1.9470180120180614,0.0016437775067606978,0.0011135266981282146,0.0016278735471966232,0.9354820219924419,4.984691677267783e-05,1.2071011754431389,0.014310625525316737,1.1721959900867507,,0.014634922318256536,0.0014331428165389646,1.031974667603402,,0.19881917556620857,-0.21266150589807387,0.0,0.5555224004416223,3.0,3.0,1.0,0.1192677611316311,0.3622495348886016,0.00011115944855100146,0.9354820214494795,0.6629841272962735,0.03984763717500206,1.0069101892866335,0.12012311208353316,0.0,0.0,1.9857611367765853,67.24095238252767,0.04350185209112957,,1.3945886487053683
SYNTH-TRAN-0016,transit,1,1,True,4.314082300003563,1.29,0.084,0.003209822749937128,86.78586558371971,61.88885642886033,1915.1152750360463,4.314082300003563,0.003209822749937128,0.084,0.019471116719291755,0.0009560597098690836,-0.9687070173271455,4.1035333064391315,0.0005834443911055809,0.9972009329738794,0.9985032612938685,0.0011675703838684992,0.9943086130014862,0.0027990670261206496,1.5611411142000555,0.01070914806329586,0.0010655868719697374,0.00401563582305331,0.8933008351142512,0.0,3.901623636931199,0.019471116719291755,4.689551958014429,,0.014332143427992968,0.0016665636794305082,1.946251430760114,,-0.42969843312454076,-0.8959494133656074,0.0,0.7051795561258406,7.0,6.0,0.8571428571428571,0.08864892489965243,0.19014659946297402,0.0004557821929410677,0.8933008349051283,2.275661353084936,4.1961942573520185e-05,1.1165085386120055,0.08835312469066824,0.0,0.0,1.9845457622831302,226.6910224439481,0.12349851844956132,,2.258361580477538
SYNTH-TRAN-0017,transit,1,1,True,10.034836943468818,2.576,0.216,0.004122391964589869,86.49441164498032,29.902582317107377,447.08221461569724,10.034836943468818,0.004122391964589869,0.216,0.02152501343238903,0.0015847144469718205,-0.27474923347809554,1.05969419192557,0.0010232373446561471,0.9962580339987991,0.997408587445138,0.0020452490353677355,0.990530663994957,0.0037419660012009137,1.8420439278822585,0.004535882067066256,0.0012959663048760731,0.004372549070077558,0.9138743169437903,1.5879095284887512e-05,2.6959860115216525,0.02152501343238903,2.8933104294599756,,0.006749824504562882,0.003992031508346888,2.6415224192390863,,-0.387108786996808,-1.1648941227651284,0.0,,3.0,3.0,1.0,0.041625449547039506,0.3670751597252611,0.00038067893272430986,0.9138743167370331,0.5236758321868701,0.004354985889870569,1.0486036322648147,0.1479365264272756,0.0,0.0,1.9761852694017241,187.54478855749178,0.04516485960205736,0.25691469216124524,1.128178583160079
SYNTH-TRAN-0018,transit,1,1,True,8.123600388725858,4.748,0.128,0.0018395409643775808,36.20145500629479,23.533188207365065,276.90547360161025,8.123600388725858,0.0018395409643775808,0.128,0.015756560376559352,0.0013225795921001841,-0.051774211435321106,0.05776383234887117,0.000884623553025321,0.9968630636547686,0.9977942255131962,0.0017691498290077767,0.9950264951082936,0.003136936345231378,1.9178630526851257,0.0021735673010655782,0.001219318242061178,0.001933955049254088,0.9085631967973224,0.0,1.5074179454317982,0.015756560376559352,1.4910749238099263,,0.014631818904734136,0.0013453681703014093,1.0372757850820733,,-0.15064996255150911,-0.30259637172182074,0.0,0.5108821627373326,3.0,3.0,1.0,0.0009845381142326993,0.33931181622821155,0.00017953481924104508,0.9085631963345926,1.1404762449412795,0.0,1.0197058433617454,0.16912903933317874,0.0,0.00015904150983406669,1.9708304200242814,61.206891349691126,0.05139499119080048,,1.6888700074665342
SYNTH-TRAN-0019,transit,1,1,True,10.276614484483822,6.87,0.17200000000000001,0.0044393849299728385,40.37533947131829,55.32928909987036,1530.6651161485113,10.276614484483822,0.0044393849299728385,0.17200000000000001,0.01673702952073319,0.0014525281764709568,-0.39281736274525203,1.054826946581449,0.0009212472043926834,0.9958859790483079,0.9975778559101323,0.0018439924799307228,0.9923123497503277,0.00411402095169211,1.7020175363652637,0.010241443353674716,0.0012735473600424517,0.004448450648845581,0.9989726199665108,0.0,3.1020982099688945,0.01673702952073319,3.325420222593401,,0.014751923587158397,0.0012562469664480673,0.9391020372187637,,0.04994801092513343,-0.2347189439495283,0.0,0.4996713683930134,3.0,2.0,0.6666666666666666,,0.5029322871312191,4.574078109609303e-06,0.9989726197421321,0.030684212899332625,0.0,1.0858312147796312,0.1113665362925263,0.0,0.0,1.9701299566426935,43.374875484328136,0.11033819098774701,,2.510714079700446
SYNTH-TRAN-0020,transit,1,1,True,2.1005919654585186,0.5,0.04,0.0008763896263451362,29.650213386011387,11.023121062223067,60.75459897621296,2.1005919654585186,0.0008763896263451362,0.04,0.019042251259524728,0.00149927398845977,-0.010729891342461939,-0.00045669731902808763,0.0010151802211327832,0.9965022652946611,0.997543908407864,0.00203002664637264,0.993664475220532,0.003497734705338873,1.9633388075089828,0.0012726019407179596,0.001166551778991463,0.0008311552065277672,0.6765166263626358,0.0,0.5454979554553517,0.019042251259524728,0.5544679885063375,,0.01892995386817965,0.0015246144625506,1.0170782877359748,,-0.35836097993964966,0.14473461108815622,0.04457120194109874,0.5810764671209323,13.0,12.0,0.9230769230769231,0.4186746006036931,0.154618543889387,0.00031122582155185263,0.6765166256594747,1.861097612364676,0.0,1.0001735248389982,0.10854225392115953,0.0,0.0,1.9749414132679095,54.7902699362912,0.03566749046626282,,1.7706927384578173
SYNTH-TRAN-0021,transit,1,1,True,8.208880274510683,2.9419999999999997,0.17200000000000001,0.0022126040425444475,32.48493008501733,28.024453422697597,392.6849948204542,8.208880274510683,0.0022126040425444475,0.17200000000000001,0.020952918576980055,0.0015646485576662006,-0.0721316207261961,0.013975812856801273,0.0010574602185662307,0.9962560167068795,0.9973771443754721,0.0021147617501016125,0.9931518571479421,0.003743983293120534,1.883421538381131,0.002014953072803436,0.000848401293811973,0.0021784859030640202,0.9775801186998495,6.655119009191246e-05,1.3205172739160926,0.020952918576980055,1.411118761701316,,0.019672305000265126,0.0015079167830488612,0.9767562235090619,,-0.16465835759502526,-0.02403206203416275,0.0,0.4926128652361849,3.0,3.0,1.0,0.011419365023295184,0.33683868462218136,4.8933850452681504e-05,0.9775801182519545,0.2790046508395241,0.04126615830283444,1.0135043481742438,0.267390789115146,1.0,0.0,1.9568955115553623,45.192006374890425,0.06890231614172607,0.7078369262726588,1.8210663261499191
SYNTH-TRAN-0022,transit,1,1,True,2.1167026263505537,1.248,0.128,0.006787125203433645,161.36076328578577,168.2609586063705,14155.875095567379,2.1167026263505537,0.006787125203433645,0.128,0.060471413606495675,0.0020659562944550756,-1.6779158296894654,4.145277937157586,0.0009619733204744296,0.9920239657692282,0.9948974662342497,0.0019268708611713814,0.989557772829011,0.007976034230771756,0.8048232960470395,0.05590986394557823,0.0008503401360544217,0.006889380860771621,0.9717092636541177,1.8611163915327467e-05,4.8733347388749095,0.060471413606495675,5.211806058939573,0.6666666666666665,0.05617559523809524,0.0013637286585207536,1.031658639413927,,0.001275281882550936,-0.0555094409273158,0.0,0.5131612284152128,13.0,12.0,0.9230769230769231,0.021449056746888406,0.08597242373383554,0.00019788656635910673,0.9717092635151977,2.4104622165318075,0.012806501290038179,1.5628927694003771,0.4481627828962697,1.0,5.314625850340136e-05,1.8870356144659752,6.84138629122873,0.43091993475968776,4.4923345181827,3.275293286401544
SYNTH-TRAN-0023,transit,1,1,True,2.8034884788302286,0.8540000000000001,0.084,0.0010074981998644836,44.40410457971307,16.04698272740575,128.7528273268293,2.8034884788302286,0.0010074981998644836,0.084,0.029962669950065027,0.0015638616971910423,-0.0013470167025076392,-0.04989915962470359,0.0010606903427984316,0.9963569980385086,0.9974248465709632,0.0021214803783421443,0.9936970351148713,0.0036430019614913656,1.996622737774186,0.0007423904974016332,0.0010605578534309047,0.001039514897443694,0.9242833224137332,0.0,0.6253513640496883,0.029962669950065027,0.6645987837081306,,0.03208187506628487,0.001527417433662836,0.9765321989355132,,-0.012548685618229543,0.4135400388449715,0.0,0.5491701589635364,10.0,10.0,1.0,0.1032638347219775,0.12136426226498152,8.222491515874619e-05,0.9242833215626084,0.6709732846044576,0.0222052605512892,0.9998323106256359,0.16863131633374748,0.0,0.0,2.026398898729965,31.37690751094301,0.06217646456880595,0.43997860100585956,1.4405266144484172
SYNTH-TRAN-0024,transit,1,1,True,0.9579842217120766,0.668,0.04,0.0028013988009197373,289.9298467738648,80.83767538445414,3267.3648807811956,0.9579842217120766,0.0028013988009197373,0.04,0.04175434113989202,0.0010973128022674944,-0.5979968683601489,1.2694749119158208,0.0006649867628073514,0.9965669935246929,0.9980594622474818,0.00133116657047605,0.9942602724659052,0.0034330064753070877,1.4497531234330883,0.01850280988230304,0.0010073162973173577,0.0028135904667602185,0.9934293805649292,5.305711027936422e-05,2.802000821593365,0.04175434113989202,3.004595324930909,,0.03965645212596755,0.0009416501201436477,1.005575467406981,,-0.03978621263120775,-0.12373943311766844,0.020325415153612088,0.48737452529664155,28.0,26.0,0.9285714285714286,0.08267025577771384,0.045381819157071,1.8528751199231586e-05,0.9934293802126418,0.2704494357141977,0.01984672070000579,1.171805546908944,0.1218120461887868,0.0,0.0,1.930735819058029,17.57998773728806,0.23608668967852306,2.362785071798002,1.735199783021006
SYNTH-TRAN-0025,transit,1,1,True,8.137690440965043,0.304,0.216,0.006782752612395385,53.04095269714347,97.62141378769702,4764.970214954386,8.137690440965043,0.006782752612395385,0.216,0.026543157615416087,0.002055092270418084,-1.1056924170967943,3.509574413382831,0.0011705494098162017,0.9919380208348487,0.9967961889243956,0.002340509945103042,0.988911860668188,0.008061979165151278,1.2815705440929854,0.02345495160089352,0.0009573449633017764,0.007249272727150147,0.9558900030328851,4.74881478039757e-05,3.715168394446974,0.026543157615416087,4.309708702258295,,0.02989043718753324,0.0021709019259447734,1.2906060061657412,,-0.030762790518954947,0.5125959811204681,0.0,0.5622288987688787,4.0,4.0,1.0,0.051748917342089605,0.26674152432829984,0.00032636605694358334,0.9558900029036917,1.837472082942311,0.014616559686789224,1.2217569092956997,0.23830819720390384,1.0,0.0,1.9302023348786566,48.196553887777554,0.2404479063043802,2.6702322305941704,1.982204172426441
SYNTH-TRAN-0026,transit,1,1,True,10.698412766050302,1.062,0.084,0.0025838615076389264,45.01879100366956,44.63427158475416,996.1090999507985,10.698412766050302,0.0025838615076389264,0.084,0.007851631997838086,0.000825153499028041,-0.339112383397879,0.9885753052513149,0.0005303199557922245,0.9977901757230649,0.9986450480807664,0.0010609783195525413,0.9947646925743755,0.0022098242769350573,1.7718104228317184,0.007687006308646557,0.0011663044054498223,0.0025595808248324303,0.9398402030379567,4.2487091354015405e-06,3.210278858644399,0.007851631997838086,3.2975322812252394,,0.009542490590044002,0.0007523054817511698,0.969202295684332,,-0.0068142758106741795,0.3147772300336147,0.0,0.4764389425825722,3.0,3.0,1.0,0.06134719960332217,0.35522042218145183,0.00015943548243479988,0.9398402026833267,1.3420396144933642,0.004697641899791862,1.0630530880731457,0.1291236383329847,0.0,5.3013836611355566e-05,1.947670990901577,121.66928957077192,0.07378681700373144,,0.7881848337487746
SYNTH-TRAN-0027,transit,1,1,True,0.8002960162108409,0.5920000000000001,0.04,0.004602493672435278,315.48155503496696,75.60443762603084,2858.015494374238,0.8002960162108409,0.004602493672435278,0.04,0.04998150583004009,0.0009026613682882845,-1.6122718057615586,7.600957058402386,0.0005044774589755274,0.9960959148429303,0.998687215094153,0.0010072969388282837,0.9943605498529624,0.0039040851570697477,1.3192049610276195,0.015101515744728452,0.0013982884948822642,0.004891301000498616,0.9950796480434707,3.928048470380752e-05,5.54588985684194,0.04998150583004009,6.5946292992521505,,0.008166004810112423,0.000687677405254914,0.9271516033598133,,-0.11662721739041723,1.0157213870111903,0.012863160022942029,0.5269777370923608,34.0,15.0,0.4411764705882353,0.03913051353652387,0.07130882545669205,2.4126277335723145e-05,0.9950796478405325,0.21625365112123987,0.007471550061763209,1.2170007746426037,0.5466280944659215,1.0,0.0,1.6892687736863563,18.162596673802746,0.10920241171593119,0.9588975260577296,17.268817445150187
SYNTH-TRAN-0028,transit,1,1,True,5.268408857235504,3.144,0.216,0.00591108267512086,65.61003948570479,89.23524555734046,3981.464524839537,5.268408857235504,0.00591108267512086,0.216,0.04099909590413638,0.001603688215216482,-1.0582086316988057,3.5196940067734417,0.0009270032998418554,0.9936306460209352,0.9975077984598255,0.0018613344604795357,0.9917335144430108,0.006369353979064796,1.3920903887449994,0.020110473534616827,0.001287070306215477,0.006215304445914782,0.9385442741440103,0.0,4.15933979097744,0.04099909590413638,4.654124895659803,,0.0219874510645144,0.0012921155440341239,0.9675579328235339,,0.05416605326264049,1.6070806160479743,0.0,0.5326888220152658,5.0,4.0,0.8,0.032825146856133115,0.2624121190591205,0.00039376876645169645,0.938544273997531,3.057889668143708,0.0,1.200868808964149,0.17541421383946207,0.0,0.0,1.996619215114938,22.7051352680194,0.1993203225826314,4.2780673461673615,2.264479716874916
SYNTH-TRAN-0029,transit,1,1,True,6.0652609337933585,3.46,0.128,0.0016396011776939868,67.69916951258347,16.034817665098593,128.55768877647552,6.0652609337933585,0.0016396011776939868,0.128,0.02110379114719237,0.0007067056530341661,-0.15545876264786437,0.6974072308225465,0.000474749125881746,0.9983354292271979,0.9988451687966322,0.0009494996074765893,0.9949376950667252,0.001664570772802132,1.9589999763134862,0.002211315463027884,0.0007550833288387897,0.0011171691246408821,0.41258206740555275,3.450361318702022e-05,2.304810320756902,0.02110379114719237,1.5897751480940514,,0.0025349226039587942,0.0022430331752976897,3.1919235143425864,,-1.158965211000802,-1.1526652417972192,0.0,,4.0,4.0,1.0,0.3057775586516872,0.35122633534107744,0.001361536864377788,0.4125820672275494,2.099979326186049,0.021212339484502532,1.0056696514705852,0.13845177358240263,0.0,0.0,2.0101072579624355,333.2811786957944,0.016192575693333038,0.09129657578882636,1.2774183542896045
SYNTH-TRAN-0030,transit,1,1,True,4.354118379666064,0.418,0.084,0.0029303790659484918,199.4395965621771,41.96914110136513,880.7044023931477,4.354118379666064,0.0029303790659484918,0.084,0.019292079974739303,0.0007286988422531915,-0.7191960933908316,4.382276201535098,0.00046209764086097005,0.9982764658348379,0.9988586199820979,0.0009236907898061419,0.9939560549084754,0.0017235341651621328,1.7765939303490006,0.005324298160696999,0.0013445197375497472,0.003201152486191461,0.9086777047647209,5.1665245994758635e-05,4.006874063224888,0.019292079974739303,4.696283106565849,,0.005162955792191029,0.0023199231852584854,3.4034667546943678,,-0.10649465102030163,-1.1400806008228836,0.0,0.6663194675525239,7.0,6.0,0.8571428571428571,0.196651754984629,0.20536230230804461,0.00031502490143919815,0.908677704501305,0.5526771167143633,0.01837030842857667,1.0690450009519088,0.1748895346728913,0.0,5.378078950198989e-05,2.006068708046812,363.991313668618,0.0537852150872381,,1.531129978634247
SYNTH-TRAN-0031,transit,1,1,True,2.0376439593233284,0.782,0.084,0.0044467531682783334,284.90610891818244,55.435091103082115,1536.5246628035131,2.0376439593233284,0.0044467531682783334,0.084,0.041224081182413816,0.0013852970593940454,-0.9954157510800163,5.277127117550931,0.0008502689473784963,0.9965022049731243,0.9978568572489354,0.001700176823892674,0.9895939101816023,0.0034977950268757496,1.6208887551189708,0.008327854481700635,0.0009861932938856016,0.004644921121659373,0.9908131940130971,0.0,3.565899967956483,0.041224081182413816,3.72405601063335,,0.012984878369493753,0.004076091884477611,3.2679983329533564,,0.3704288219502586,-1.0106734990105193,0.0,,14.0,14.0,1.0,0.1519887030835487,0.08871267395862353,4.272241770453267e-05,0.9908131938000377,0.0801906600429257,0.0,1.110659084498318,0.12115658184649808,0.0,0.0,2.0015963061330804,134.98032416805253,0.10829990596983152,4.320029894276792,1.1191592088307336
SYNTH-TRAN-0032,transit,1,1,True,9.603494881247478,5.588,0.128,0.002395758885685621,78.75190954766204,31.22601979724347,487.5321561889375,9.603494881247478,0.002395758885685621,0.128,0.013328481098057609,0.0008433347982178126,-0.5638544977158196,3.241094450065771,0.0005450936123552186,0.9979994393726661,0.9986301855038101,0.0010923510816672755,0.9929723743845569,0.0020005606273338916,1.8193280161915575,0.00422572880449318,0.0009628242845680663,0.002123415679080587,0.6520378959500519,0.0,2.943436593074013,0.013328481098057609,2.633798273874928,,0.005883926183471516,0.0031723319973857183,3.9348313291585204,,0.6391846008249585,-1.2356297424529101,0.0,0.7586076794045234,3.0,3.0,1.0,0.40347149068024957,0.4498356234743139,0.0010713812616949259,0.6520378957382837,1.4692093531684782,0.0,1.0460381157242264,0.10283765818718256,0.0,0.0,2.0012351837512727,620.1336438204518,0.043974438465664054,,0.7650930684472392
SYNTH-TRAN-0033,transit,1,1,True,5.433132687884026,1.6320000000000001,0.128,0.005248153627562233,60.34858922179849,73.39833865008337,2693.6580582961333,5.433132687884026,0.005248153627562233,0.128,0.023559152215340162,0.0017578405140940745,-0.6394316707756625,1.6786631563857437,0.0010683149022731042,0.9943888690754763,0.9970266110050385,0.0021362870198176065,0.990671054333936,0.0056111309245236995,1.5275787278192374,0.01659509039817613,0.0011134086209638938,0.005254679145590524,0.967530643629429,5.6799099025561794e-05,3.1290454533349843,0.023559152215340162,3.421662704188139,,0.024388950744923386,0.0015984036587173651,1.0408243840845288,,0.05345761723995429,-0.1610962251365784,0.0,0.4967995102725378,5.0,5.0,1.0,0.022786992318680675,0.20964796600745453,0.0001729991173057277,0.9675306434478378,1.1893053561573381,0.0183533588048478,1.144644070615402,0.5304423801848035,1.0,0.0,1.9379815782876075,33.871976300717705,0.1744531339501053,2.4152191969841077,2.461505587053773
SYNTH-TRAN-0034,transit,1,1,True,5.824321602020459,1.976,0.04,0.0034907391041814127,54.03054558410348,21.696868661092836,235.3770548483647,5.824321602020459,0.0034907391041814127,0.04,0.006867752629958482,0.001750584340312945,-0.0783255153768757,0.21542826543577753,0.0011547429491830519,0.9957802495979743,0.997087623640933,0.0023061057661251105,0.9920688948222354,0.004219750402025713,1.9288638574415853,0.0032348729914620567,0.001484859733785862,0.003395470610091711,0.962662184530748,0.0,1.9788011793194045,0.006867752629958482,1.9943606991352913,,0.006151561754255714,0.0018207229639082174,1.0694182751691068,,0.07158585634283594,-0.21609705936940626,0.08012214466573972,0.5070869611711107,5.0,4.0,0.8,0.029307145101418245,0.26675209110434545,0.00013061277890191736,0.9626621842555552,0.3791253664415721,0.0,1.0282217134983591,0.13340076464712883,0.0,0.0,1.9751895569019713,176.1914205388433,0.03076425228911784,,1.5036609657130189
SYNTH-TRAN-0035,transit,1,1,True,5.595112937438489,2.15,0.084,0.0048314162982435824,68.95901359485251,94.89074452690275,4502.12669843497,5.595112937438489,0.0048314162982435824,0.084,0.015013101779935872,0.0009717132859483994,-2.145310911465728,12.893839923827208,0.0005259663656584923,0.9971608449069148,0.9986477379074155,0.0010518958632730335,0.991683482444628,0.0028391550930851883,1.270945028656041,0.011508273228680525,0.001591005515485787,0.005545700174032331,0.9819508437508766,6.8641490361676105e-06,5.718933107339744,0.015013101779935872,7.201131815559182,,0.012462876537971998,0.0015442383663523997,2.0052046958502903,,0.012122355417465154,0.17506384406130904,0.0,0.6375441799620014,5.0,4.0,0.8,0.03226225357269961,0.26181582549065885,0.0001012389970499461,0.9819508435758117,0.5056164180127345,0.003036914712060695,1.2617767350297762,0.12632405536749886,0.0,5.3033517182859566e-05,1.9881773916777745,346.7010541537266,0.16707517808170355,,2.429327531979142
SYNTH-TRAN-0036,transit,1,1,True,7.21202699318256,4.794,0.084,0.0070729234336186966,66.09024011587798,49.63779715528481,1231.9554532146117,7.21202699318256,0.0070729234336186966,0.084,0.011647210982349923,0.0014145479663664976,-1.0126551144358478,6.781059994785084,0.0008673532612581969,0.9967349731847099,0.9977975801878106,0.0017346470482405563,0.9884105879465573,0.003265026815290062,1.7105022581553302,0.005025125628140704,0.0013899283652304075,0.009307514448710252,0.7972027833024067,0.0,5.577565535873508,0.011647210982349923,7.261040055681017,,0.004490537795359777,0.0027915319351890914,2.1777484536625655,,-0.3563152690928132,-0.8511047772339211,0.0,0.6175392957195416,4.0,4.0,1.0,0.24559451886253247,0.3451864327276033,0.0020809325372705967,0.7972027832247153,4.570374684603234,0.0,1.1035265645913162,0.11986003344792281,0.0,5.345878327809259e-05,2.006704660163836,758.510014115539,0.05886755049925661,,0.9901349390507096
SYNTH-TRAN-0037,transit,1,1,True,10.649844177201471,3.564,0.128,0.0019054244731430282,26.392773174104384,18.310537496802105,168.54896720932373,10.649844177201471,0.0019054244731430282,0.128,0.012018955195045436,0.0014254758073933508,0.007634445480619073,0.021957927370746422,0.0009641871807296032,0.9967269870304173,0.9976840774118658,0.001925620151565277,0.9939056982053269,0.0032730129695827115,1.975336473256712,0.0014844661223624219,0.0014844661223624219,0.002052479678617214,1.0,0.00016355064368667183,1.2607798307660067,0.012018955195045436,1.4457933500804905,,0.0097550630898102,0.0014020129793582898,0.9875961566880825,,-0.10117992208863684,0.1718540030447664,0.0,0.5275784341282865,3.0,2.0,0.6666666666666666,,0.5139163422445808,,,,0.09011112624599915,1.0041236775695692,0.1399127613087771,0.0,0.0,2.011008236516906,80.39189273674837,0.03381841748587479,,1.0550201721309465
SYNTH-TRAN-0038,transit,1,1,True,4.879393663244127,3.558,0.084,0.002414835050906006,56.9164619780972,35.179418140005495,618.795730334657,4.879393663244127,0.002414835050906006,0.084,0.017215253737930942,0.0011052672768557736,-0.16999461351898718,0.30361010583853476,0.0007353818659289191,0.99723524516924,0.9981397543481333,0.0014698409076243646,0.993774819107737,0.0027647548307599967,1.8671716404780352,0.004666207115965852,0.0009544514555384697,0.0024472641786784655,0.9835371623419493,8.952561338237963e-05,2.2617602982189644,0.017215253737930942,2.2706177826952403,,0.012779044488042844,0.0012103615694885037,1.1229962531693638,,0.01716741039075232,0.9691076950629252,0.0,0.5307621786671809,5.0,4.0,0.8,0.02194601117651082,0.25789269825208583,4.092076421491342e-05,0.9835371619462623,0.2784857386009888,0.04388006018776897,1.0254877897224322,0.20489333951317304,1.0,0.0,1.9900767152931493,64.27353635036444,0.06825842526075303,,3.75699244276288
SYNTH-TRAN-0039,transit,1,1,True,1.2283583129023352,0.5820000000000001,0.084,0.0035180111934634997,274.0424617979126,38.91133276642966,757.045908829907,1.2283583129023352,0.0035180111934634997,0.084,0.0683839553310197,0.0015157942509516683,-0.48717049487079267,2.0130154630389265,0.0009650824657237989,0.9962246732173237,0.997559707381024,0.001929140049218181,0.9909019811630039,0.003775326782676336,1.7686986025147993,0.006841249369147087,0.0016261986205349632,0.0032670863565734676,0.9638172733292176,4.95834738372114e-05,2.4407128671683167,0.0683839553310197,2.311254436113171,0.6666666666666665,0.013738574552795379,0.0036983080615208773,2.6163161852471273,,-0.4812123619009224,-1.0210437195541122,0.001628594398282725,0.7189706883305453,22.0,21.0,0.9545454545454546,0.28584078258283785,0.07718786148577358,0.00012162856807662603,0.963817273042496,0.2589157193337447,0.014346863424228737,1.072327390336033,0.08797563021984224,0.0,0.0,1.9983015798709027,63.44568507355797,0.08435279119825714,5.457527858085804,0.9474298674775048
SYNTH-TRAN-0040,transit,1,1,True,3.9574709785957736,1.9120000000000001,0.216,0.006914312566363903,130.25430733455516,99.67360270442913,4967.413538040428,3.9574709785957736,0.006914312566363903,0.216,0.054580311812328974,0.001543065237660669,-1.7405035085883696,8.07795015357016,0.0008459662884393038,0.9930398018298067,0.9977545729999855,0.001688881458031588,0.9902627653343246,0.006960198170193332,1.2290698554962758,0.017264057875698784,0.0011509371917132521,0.007590508630309634,0.9862317437166532,6.893027910004346e-05,5.519861333090199,0.054580311812328974,6.179871950719715,0.0,0.01731886440863751,0.0020456359892755253,1.665470535271746,,0.02394661525026873,-0.4554346210202338,0.0,0.5629501688679811,7.0,6.0,0.8571428571428571,0.1359642527476548,0.19234629759622524,0.00010486510302831764,0.9862317435871659,0.4723249843062951,0.012124695196120416,1.2562986282990138,0.4212937162903568,1.0,0.0,1.9398044070350517,33.7444046841688,0.1992296221070349,4.29602870705547,2.7080018803792654
SYNTH-TRAN-0041,transit,1,1,True,2.5095759635321406,0.36400000000000005,0.04,0.0035016668006737266,97.25013670753678,36.560605863037786,668.3389505361954,2.5095759635321406,0.0035016668006737266,0.04,0.015938947687282354,0.0017836596555791998,-0.13375228120925492,0.31649242767670227,0.0011675713197488724,0.9956128870402882,0.9969994694334808,0.0023337454830770765,0.9909981358237376,0.004387112959711836,1.840883551439255,0.003976459360585335,0.0013785059116695826,0.0035692458201740385,0.9256500537427262,8.214018331520467e-05,1.7871111045021497,0.015938947687282354,2.101347838637543,,0.01680716823074068,0.0016601736081073386,0.9774059840432455,,-0.0465973299326159,0.11417087596393483,0.006714079435813063,0.4917471607960396,11.0,11.0,1.0,0.09396828391903037,0.1024622901653955,0.00027536481570422655,0.9256500534927959,1.4456824022598407,0.030776134391456378,1.0501068155439002,0.2743639561470023,1.0,5.3019458141137794e-05,1.968169105736129,60.790771130294345,0.08085834167919734,,3.916915431687712
SYNTH-TRAN-0042,transit,1,1,True,2.365343725026737,1.8760000000000001,0.128,0.0014825804044520318,97.72952360693266,64.59539096694284,2086.2822670861037,2.365343725026737,0.0014825804044520318,0.128,0.05411475661895741,0.0007781237028386416,-0.29234963792850754,0.43053664841977834,0.0005049303324156096,0.9979030677648677,0.9986509833213957,0.0010119655727076626,0.9960934256922407,0.0020969322351322983,1.6462047107363815,0.00705084026931029,0.0007421937125589779,0.0014752836392429858,0.9769601856449542,0.0,2.0498382553601897,0.05411475661895741,2.068093706417288,0.6666666666666665,0.04887875735566983,0.0007343906111334208,1.0294892185724442,,-0.057120638911961556,0.09977404417469993,0.0,0.514206029016682,11.0,10.0,0.9090909090909091,0.04284285349328625,0.10802440292895855,3.462319925529034e-05,0.9769601849948416,0.7003523621783632,0.01280165278003552,1.0907954849146555,0.2304875090349935,1.0,0.0,1.987780507414789,15.613245859626264,0.21375316738668373,1.5016707336498936,3.1250821065078336
SYNTH-TRAN-0043,transit,1,1,True,11.317789805481663,1.002,0.084,0.0022436745801324687,39.624308372356964,25.996270672452418,337.903044437704,11.317789805481663,0.0022436745801324687,0.084,0.007421943810912216,0.0011908382136048999,-0.12507558583193112,0.23035401126472577,0.0007939587982475071,0.9970452572852206,0.9980344415481655,0.0015878656464093366,0.9937672440833959,0.002954742714779357,1.9099149201141907,0.003393245321032819,0.0010073697046816181,0.002425862421672531,0.9666485998337666,0.0,1.8683151623222678,0.007421943810912216,2.0745679787229,,0.009596521923545941,0.0015715523025560025,1.3439723764396705,,0.030318850510710777,-0.3571488545153034,0.0,0.6634568404118071,3.0,3.0,1.0,0.2686962362051793,0.4031204776543115,8.262242248024965e-05,0.9666485994435688,0.34573412530650155,0.0,1.018390327379331,0.11224090578897988,0.0,0.0,1.9948664171552628,256.3721797158029,0.04644261092114883,,0.8311494665229585
SYNTH-TRAN-0044,transit,1,1,True,8.281326660964945,2.2840000000000003,0.216,0.0052483836985779755,45.87241534387294,74.38334845522559,2766.441263705748,8.281326660964945,0.0052483836985779755,0.216,0.026082777415138404,0.0020575449022238574,-0.4552636749214702,1.2994915708944026,0.0012618399224510468,0.9937115593083345,0.9964878402364078,0.002522944839079888,0.9900341411908287,0.006288440691665453,1.481877343156789,0.015111346765641569,0.002651113467656416,0.005404698409192443,0.9291665414835163,0.0,2.5227842164537866,0.026082777415138404,2.991132715896583,,0.032873806998939555,0.001880127852628288,1.0405228015128307,,-0.06032436827785974,0.9485597916346906,0.0,0.5232747307973151,4.0,4.0,1.0,0.04884432473184745,0.2609483777092899,0.0003934754625096737,0.9291665413162477,2.6996250288784798,0.0025869269339530124,1.1387110631373027,0.2695621145582408,1.0,0.0003711558854718982,1.8850263518186454,36.14639148039892,0.20046929869818436,2.0157617620056962,2.338552649168319
SYNTH-TRAN-0045,transit,1,1,True,9.100546480111387,0.912,0.04,0.0032662560808250705,60.188354998314686,50.33087673798823,1266.5985766072783,9.100546480111387,0.0032662560808250705,0.04,0.004395340443281865,0.0006419597802617463,-0.6658439370594437,3.409208937713526,0.00040176681333603526,0.9984662984430215,0.9989974947591144,0.0008043767426100246,0.9947544269758176,0.0015337015569785173,1.7467238727858596,0.006626729576419446,0.0011132905688384669,0.003292943463766518,0.9859039562559813,0.0,4.4455103972637,0.004395340443281865,5.55531185824938,,0.004559189948576578,0.0005400334212717736,0.9110554438765129,,-0.0885116783010205,0.7802582303210235,0.03519439747822957,0.5041777300242851,3.0,3.0,1.0,0.008457240791415552,0.3533710849059165,4.6515734114738194e-05,0.9859039559572147,0.4282395374949322,0.0,1.0830088093064534,0.2713817291503774,1.0,0.0,1.9835812720485024,251.9829825526738,0.05952200313811181,,0.8312786810403765
SYNTH-TRAN-0046,transit,1,1,True,3.4586112106758056,0.334,0.17200000000000001,0.004789719327536778,196.03845039650375,36.947365388526926,682.5539045766659,3.4586112106758056,0.004789719327536778,0.17200000000000001,0.04973094387396945,0.0016275241342909236,-0.3640692944078965,1.4652766196498952,0.0010448118579763355,0.9960532420173928,0.9973351785391773,0.0020892036467050623,0.9905087108938981,0.003946757982607241,1.8152981101718697,0.005403617115130128,0.0014887516541685047,0.004696600356330571,0.910679315554275,0.0,2.9538231533612027,0.04973094387396945,3.0507124833773127,,0.007995147772386415,0.00387998325104251,2.5202726315206934,,-0.012824594153076333,-1.0928157110567296,0.0,,8.0,7.0,0.875,0.16136718904853134,0.1684597754571427,0.0004499548277213661,0.9106793153734956,0.7044611592205061,0.0012165812777757776,1.0571706802318577,0.12239687431332132,0.0,0.0,1.989259276386965,63.62555802925581,0.059230840568958464,4.378847237663164,1.2829419320956188
SYNTH-TRAN-0047,transit,1,1,True,7.370645474658163,0.524,0.128,0.007287107291719716,140.8350725570168,32.55501955715145,529.9146491832607,7.370645474658163,0.007287107291719716,0.128,0.017366185965678453,0.001709582103460132,-0.2790705913111157,1.1492931101061465,0.0011158771019972313,0.9959615637414394,0.9972138537743792,0.0022341887075036926,0.9902001707195431,0.004038436258560596,1.876633664817889,0.004098139660285791,0.0009166891345376112,0.00795531936782301,0.9866554580270146,0.0,3.9473339167008574,0.017366185965678453,4.820776295627715,,0.0029657589646805067,0.0020897860080595788,1.266371642015544,,-0.06408374652252967,0.4453235300275531,0.0,0.5302212185388815,4.0,4.0,1.0,0.06922867471276938,0.2787532929813875,0.0001064988235316422,0.9866554579033844,0.19990824198418503,0.0,1.0359751128439334,0.22048057648818004,1.0,0.0,1.9892691859238398,100.20097434962443,0.03187994681224093,,1.120344603822522
SYNTH-TRAN-0048,transit,1,1,True,7.786548742027291,0.898,0.084,0.003583555144624516,58.95896829908479,59.1980649353853,1752.2054460470592,7.786548742027291,0.003583555144624516,0.084,0.010787834608498184,0.0010301741950467307,-0.6598680585271611,2.5242715196578525,0.000638921385717417,0.9970290196451004,0.9983665063455238,0.0012750641715970623,0.9930955586208587,0.0029709803548996216,1.6582649574380874,0.01076180883210518,0.001219318242061178,0.003961263681276916,0.940234128582478,8.133529579656962e-05,3.682556420972892,0.010787834608498184,4.231874327195485,,0.012829348459948046,0.001239942473510667,1.3246481787240165,,0.03325688189014684,1.4228298743457248,0.0,0.5606425005163361,4.0,4.0,1.0,0.0450123365234057,0.2653699720399754,0.00024047374557167878,0.9402341283487979,1.5268334253739264,0.02610912009941625,1.1005497435485598,0.10227908001130047,0.0,0.0,2.0047925979129135,215.86892121689877,0.11169671732933194,,1.3949991384075497
SYNTH-TRAN-0049,transit,1,1,True,5.628674943906994,1.4820000000000002,0.17200000000000001,0.0019688152139397757,44.05863820597321,36.230596349339116,656.3280559143889,5.628674943906994,0.0019688152139397757,0.17200000000000001,0.030557813644255468,0.0014080830758912413,-0.10079014293286769,0.1189809326140665,0.0009375216779901052,0.9965778745925332,0.9976311471522755,0.0018785995081490592,0.9937157123808612,0.0034221254074667806,1.8345103528247027,0.0029694045283419055,0.0009544514555384697,0.0019259377261353627,0.964420545314201,0.0,1.3646367941962712,0.030557813644255468,1.417699528407205,,0.03276949997348746,0.0012950170640087578,0.9532733358978094,,-0.023521513755186258,0.04418666993380205,0.0,0.5156644222318347,5.0,5.0,1.0,0.0653041590095077,0.21305861623572903,6.997888067983293e-05,0.9644205448238593,0.6582368655538302,0.021320458443281887,1.0365022116550384,0.2654947693487903,1.0,0.0,1.9577041809660654,29.876023745026174,0.11113106935612782,1.0457946133257845,2.868991180837248
SYNTH-TRAN-0050,transit,1,1,True,2.4660469807438403,0.528,0.128,0.005656515773526945,111.97435280682228,195.34631572188104,19080.091533056377,2.4660469807438403,0.005656515773526945,0.128,0.05190493165762439,0.00124853343735524,-2.7640027051446,10.507637856841795,0.0004995262362594843,0.9939695073529745,0.9983997755863074,0.0010006000077527055,0.9930664616190439,0.006030492647025487,0.6225335757978991,0.03830087343351598,0.001139261107795801,0.005723491342881748,0.9972160010259451,2.156325828628347e-05,7.164038467061926,0.05190493165762439,8.02545904737335,0.6666666666666665,0.0316823089025118,0.0006894165089933318,0.9666973579667033,,-0.015814621027261024,0.642816811953081,0.0,0.5094522789005559,11.0,11.0,1.0,0.06454282206652888,0.09789295202363926,1.5959748714267086e-05,0.9972160008519919,0.283529917743772,0.007755283702101872,1.750689110979892,0.815273783797097,1.0,5.425052894265719e-05,1.6936544878235222,5.882929506548305,0.38619441477199723,2.966781582365682,5.958197450769346
SYNTH-TRAN-0051,transit,1,1,True,7.971769938482774,4.05,0.084,0.007975786413379385,109.6449734832832,43.583355892312575,949.7544554179863,7.971769938482774,0.007975786413379385,0.084,0.010537183166124748,0.0016358922886596287,-0.45373088561535163,1.9894507074900627,0.0010671588708188184,0.9961411102848129,0.9973680627127229,0.0021299156954281973,0.9900516173397499,0.003858889715187108,1.8159570106656537,0.004532849829351536,0.000693259385665529,0.008345856875989321,0.95425976687981,0.0,4.493622573107334,0.010537183166124748,5.294817811270713,,0.0038395904436860067,0.0016240138951845303,1.030314541184229,,-0.00848933958342463,0.9625658606668894,0.006595234737844988,0.5332039407941127,3.0,3.0,1.0,0.07035246063423374,0.3606445692470561,0.0003884324154648233,0.9542597667674401,0.9219989210735797,0.0,1.0378504874957666,0.11673700754564006,0.0,0.0,2.00214893681094,90.21546881115987,0.04653038528972014,,1.3528647793774529
SYNTH-TRAN-0052,transit,1,1,True,1.2238723866713175,0.56,0.04,0.00747221419492913,155.06819029427447,25.895913585941962,335.2991702252733,1.2238723866713175,0.00747221419492913,0.04,0.03268314608256815,0.0015502435697880659,-0.35800269629021525,1.5735394730982577,0.000997224906830907,0.996241005333,0.997479992188687,0.0019947691132022882,0.990209866423167,0.0037589946670000263,1.864580024035337,0.004790221341261975,0.0016518004625041295,0.007924469254964817,0.9723954432102649,0.0,4.889505072102935,0.03268314608256815,5.37065347746043,,0.0014866204162537165,0.0015349291914130263,1.0402681282854565,,,0.4052312118921235,0.012078978884412336,,22.0,0.0,0.0,,,0.00022098208185039603,0.9723954430887956,0.3865099019362547,0.0,1.0506471476025574,0.2786038766152567,1.0,0.0,1.9320115198728027,38.17321694107711,0.018067829086608252,5.634898096696479,1.1577940096865011
SYNTH-TRAN-0053,transit,1,1,True,5.2507207024460945,0.29600000000000004,0.128,0.001616828274613103,53.92466525874384,27.168418224354003,369.06147440670645,5.2507207024460945,0.001616828274613103,0.128,0.02437760590472277,0.0014294303796973456,-0.02808668413872942,0.036001835818471495,0.0009581776502068928,0.9966737040447123,0.997645833085507,0.001913402047458379,0.9935113819136531,0.0033262959552876614,1.9042480448167767,0.0018028527493504428,0.0010605016172649663,0.0016402711549354798,0.9798192108318078,5.942076032150467e-05,1.1642903833891407,0.02437760590472277,1.1742080296668675,,0.02926984463651307,0.0013313490362754704,0.9530623787293234,,-0.16154202134851195,0.22847903542035564,0.0,0.5154517161648073,6.0,6.0,1.0,0.15704454759617556,0.19340602380657265,3.3477763182299114e-05,0.9798192102411613,0.2967824665378124,0.05969310467178072,1.023275099754104,0.24352509278495144,1.0,0.0,1.9724246249466968,37.20911028667388,0.08409248086376786,0.6667826741362743,1.938882208308483
SYNTH-TRAN-0054,transit,1,1,True,4.049699921924895,2.744,0.128,0.0024245827574946423,62.67504102057965,35.77544597811585,639.9412674665616,4.049699921924895,0.0024245827574946423,0.128,0.0316072801609358,0.0017909395292294878,-0.06670132249875295,0.06794917420018187,0.0011894290429479981,0.9956950737834431,0.9970288975892768,0.0023789666774854945,0.9923643969984532,0.00430492621655687,1.8529937158515843,0.002279715830770862,0.0011133495917718163,0.0024054368580154195,0.9965177028827136,3.172870784728943e-05,1.4405186566291197,0.0316072801609358,1.3923333650127272,,0.03419573746156293,0.0018527257767135261,1.0724089084032928,,0.1071208895653343,-0.0077166460956688,0.0,0.5404627188861187,7.0,7.0,1.0,0.1882458834402827,0.1771641887904088,8.395562830498804e-06,0.9965177024693797,0.056758877202182714,0.03670564917407194,1.0366453199373142,0.18073541600410392,0.0,0.0,1.980685483613851,31.956518373108977,0.11390579949011265,1.0629450651844468,1.885480392266589
SYNTH-TRAN-0055,transit,1,1,True,2.022710042102337,0.668,0.04,0.00425463784882585,162.91525332030295,74.08795872892799,2744.512814309665,2.022710042102337,0.00425463784882585,0.04,0.01977544935626331,0.00129193487183164,-0.8798024817923492,2.9873761789857296,0.000770106109301949,0.9952582129838291,0.9979607011748469,0.001537501606412528,0.9929768199868221,0.004741787016170895,1.5074705419514345,0.01645173273894815,0.0012206124290187338,0.004715983341366359,0.9778042765675908,2.8120660729769043e-05,3.8112943485058133,0.01977544935626331,4.236016890469007,,0.020485060765270922,0.0014321148567678153,1.2863622034344244,,-0.006554904775625503,0.7376763016856898,0.0,0.5753042896798053,14.0,14.0,1.0,0.0475917059476141,0.07674636184767224,0.00010582830776473262,0.9778042763625125,0.7217003946251979,0.011658983382369176,1.1604489546138113,0.13148144641743703,0.0,0.0,1.9995128572263476,103.11962870031097,0.1677450259300046,,4.558713478974264
SYNTH-TRAN-0056,transit,1,1,True,8.026319855859143,5.842,0.084,0.005380040926371184,58.98605017321234,53.76198099354199,1445.1753001751904,8.026319855859143,0.005380040926371184,0.084,0.010465568468303783,0.0009624761672360267,-0.7991285112011323,4.065569001073024,0.0006027548485895151,0.9976464522789197,0.998501054888974,0.0012055325924584803,0.9938569522318145,0.002353547721080318,1.6742691366473506,0.0069082793070464445,0.001381655861409289,0.005474635248267523,1.0,0.00010997204709028985,4.664356812333979,0.010465568468303783,6.159219579973943,,0.004144967584227867,0.0004750761881993591,0.5344828335847319,,0.02503619695749194,1.1492354778438107,0.0,0.5124906569271187,3.0,2.0,0.6666666666666666,,0.5039251476908253,,,,0.02044074544689845,1.0828305057171415,0.08546045663267986,0.0,0.0002125624402168137,1.9223118038300266,31.67033792508484,0.05945361253391957,,1.4104179758727233
SYNTH-TRAN-0057,transit,1,1,True,7.393876619019722,3.968,0.128,0.00847138112201647,115.71118711476038,31.78772738272518,505.2298060792697,7.393876619019722,0.00847138112201647,0.128,0.01731162238638629,0.0017277191455545608,-0.42909755144395667,2.1989167362086475,0.0011194349254328717,0.9958549046849854,0.9972252155723246,0.0022378948421089007,0.9883346341518343,0.004145095315014613,1.829797585937962,0.004652420881796051,0.0012442520962942926,0.00899571803169985,0.7585849410106963,6.408123590329051e-05,5.0201862768844,0.01731162238638629,5.430253235413636,,0.002109818771977279,0.003015555507875837,1.8203360749534159,,-0.3492416264599693,0.05211647338125758,0.0012072539407673004,0.5712727420900344,4.0,2.0,0.5,,0.5055945526173451,0.002602662998739458,0.7585849409403322,6.038231764570164,0.007564437837554476,1.0429353662456784,0.24981489762376677,1.0,5.409791723018664e-05,1.9405591262524955,192.58456772289532,0.026142409507736646,,1.265163738921382
SYNTH-TRAN-0058,transit,1,1,True,12.232540769893882,3.158,0.084,0.006988603509403688,44.207156446831924,52.32363162863728,1368.8812134046188,12.232540769893882,0.006988603509403688,0.084,0.006866929902799638,0.0015589294538652838,-0.6006849990177179,2.668428745881261,0.000984209562508942,0.9961293841980388,0.9975574345185838,0.001968904290650997,0.9893770434761616,0.0038706158019612413,1.7200171707489318,0.00752916224814422,0.0014846235418875928,0.00699929807030375,0.9586096443135488,3.678478101043492e-05,4.142387459007951,0.006866929902799638,4.825575673326269,,0.006256627783669141,0.0015886402288038232,1.0952674917944336,,0.06462767430694326,0.5009921935740955,0.0,0.5007174954516673,2.0,2.0,1.0,,0.5116388155214917,0.0002945008713479691,0.9586096441788218,0.974417984858733,0.005880712543501238,1.0747837816653598,0.12006449589269573,0.0,0.0,1.971170079309008,155.52958947147692,0.07119168880685829,,0.7267787581288188
SYNTH-TRAN-0059,transit,1,1,True,7.267886665093128,3.31,0.17200000000000001,0.007704202125883164,55.56069493383706,100.1064425086748,5010.649915871416,7.267886665093128,0.007704202125883164,0.17200000000000001,0.023665751534912807,0.0020774898108818695,-1.2063372433703583,4.015053059589193,0.0011635057913499391,0.9916737690730489,0.9967689919021645,0.002328993646151689,0.9886763274491748,0.008326230926951061,1.2771988002704433,0.023934617629889084,0.0012206124290187338,0.007901809597124165,0.9866143915525035,0.0,4.480113493072967,0.023665751534912807,4.706902186579552,,0.025208300164517326,0.0017520100527677444,1.0436267600377451,,-0.018837089607833164,0.696294375491004,0.0,0.5227330507587472,4.0,4.0,1.0,0.010295317537418002,0.25373391312962024,0.00010623689095090594,0.9866143914281922,0.6633231093774495,0.0,1.237506575328704,0.28645241139841404,1.0,0.0,1.939286723080731,32.016092021353195,0.22913212218743645,2.92058494144991,2.1071634727913704
SYNTH-TRAN-0060,transit,1,1,True,11.455963746646164,7.0280000000000005,0.128,0.004904544567507905,61.83212194341807,18.15272554673889,164.76072238763015,11.455963746646164,0.004904544567507905,0.128,0.011173219716016747,0.0010959917133796418,-0.10719953901081279,0.38411123715701745,0.0007374972448570549,0.9974167703555954,0.9981871684006094,0.0014752031546894084,0.9937471760702346,0.0025832296444046055,1.936439861286037,0.0023548300776023547,0.0011238961734011239,0.004907052757600949,0.8697960214592901,4.138656095997728e-05,4.7214005801961365,0.011173219716016747,4.491952932712878,,0.0008563018464008563,0.0009103822043227034,0.8333707042914046,,,-0.9480255609579515,0.0,,2.0,1.0,0.5,,1.0,0.0006841708969044236,0.8697960212937599,1.4305784214256927,0.008438410617312056,1.0032790422965843,0.1866446051188477,0.0,0.0,1.971315042962479,60.699471247400446,0.00959066913248067,,0.5611795559375194
SYNTH-TRAN-0061,transit,1,1,True,7.4644570916005355,4.05,0.17200000000000001,0.0032958807622551823,51.55157634129178,64.84135065813315,2102.200377585521,7.4644570916005355,0.0032958807622551823,0.17200000000000001,0.023042533152685004,0.0012570222785314596,-0.4814824094029127,1.244546803375977,0.0007866474019611047,0.9961964183349393,0.9979101582504698,0.0015778008447728809,0.9935951981401862,0.0038035816650606735,1.5997612738259435,0.01299459000742548,0.0009547045719741168,0.0034627692483689687,0.9780442792468548,0.0,2.7606708599875383,0.023042533152685004,3.047431117726207,,0.025936140871963508,0.0013989251465082984,1.2311325754227191,,0.023762222781598445,0.16026441972638805,0.0,0.5762689908324978,4.0,4.0,1.0,0.04216256766082464,0.2628963016974395,7.655812370388482e-05,0.9780442789663664,0.6050184969807759,0.0,1.106250094220456,0.22260649388496379,1.0,0.0,1.9677457878319462,53.88648322634989,0.1628903683892644,1.698884951373475,1.7580662303217256
SYNTH-TRAN-0062,transit,1,1,True,10.013420091110097,2.074,0.084,0.005842512763425937,99.75389986384948,26.0319999752589,338.83251135593883,10.013420091110097,0.005842512763425937,0.084,0.008388742231495421,0.0013370351948053722,-0.25886771560604954,1.0157016465811086,0.0008791750678353027,0.9967838351265044,0.9977913277896185,0.0017597130473234746,0.9912775271898957,0.0032161648734956305,1.9410654587039566,0.003580398653342596,0.0012290920750280554,0.006572846141830624,0.905987942131256,0.0,4.5854677085294995,0.008388742231495421,5.052738421197816,,0.0018169187196066905,0.0021485521137204686,1.6516546379887773,,-0.09860259576309345,-0.5360483210777125,5.202576889613816e-05,,3.0,2.0,0.6666666666666666,,0.5029643021289479,0.0006519837043390542,0.9059879420006179,0.8575175226537901,0.0,1.0278179275021433,0.4209853820953287,1.0,0.0,2.0174273263098024,310.6115122427319,0.01994114955705355,,1.09782718883037
SYNTH-TRAN-0063,transit,1,1,True,6.659262516521326,1.976,0.04,0.0025369942122940793,60.665494641459546,26.716065850851887,356.87408727351925,6.659262516521326,0.0025369942122940793,0.04,0.006006671144253861,0.0010380280782222244,-0.09484294788299541,0.19938515190871264,0.0006976540540859499,0.9975031247219206,0.9982939066194755,0.0013943555976139166,0.9944980283424331,0.0024968752780794023,1.9463983489822958,0.003021788686847267,0.0009542490590044001,0.002552951223583455,0.938691459606469,0.0,2.434903209807955,0.006006671144253861,2.4836746748690333,,0.006149605046917245,0.0010265494990211043,0.9986931867971367,,0.07228619687341363,-0.07433615244294867,0.0,0.5420887641140002,4.0,4.0,1.0,0.0687254982156984,0.27277701355297107,0.0001601222777731781,0.9386914592470574,0.8153294528831532,0.0010367849204011524,1.009860284782379,0.11537539824307867,0.0,0.0,2.020220285343622,162.22190074793826,0.037210496727250006,,1.4526046161781887
SYNTH-TRAN-0064,transit,1,1,True,4.84412877885882,3.33,0.084,0.003065142205044513,70.07721595256012,82.33219914051816,3389.295507656941,4.84412877885882,0.003065142205044513,0.084,0.01734057945911767,0.0007684441540325265,-1.3926865329897566,6.532798849377004,0.0004403364017167011,0.9970036440988674,0.9988516631750822,0.0008798938567068371,0.9943767898699715,0.0029963559011325636,1.4091571260229396,0.013995652865397869,0.0014843874251179558,0.0034478765980079373,0.9694252924693937,5.3392142075781024e-05,4.693258336162759,0.01734057945911767,5.375121692400914,,0.01601017865662938,0.0011758273274814495,1.8330745880275796,,0.07209260975854635,0.0516170916913401,0.0,0.617381888592104,5.0,5.0,1.0,0.0338493517405884,0.20968241809692723,0.0001065189525244481,0.9694252921911344,0.7233106041318761,0.019725081410748205,1.1979781538948784,0.1766549636130562,0.0,5.3013836611355566e-05,1.9954871705939974,200.30014300498783,0.16401902532587903,,3.398831378717381
SYNTH-TRAN-0065,transit,1,1,True,5.80989690647155,1.532,0.04,0.006699668121697559,61.844119285309034,51.52431879614929,1327.3777137036318,5.80989690647155,0.006699668121697559,0.04,0.0068848037484872835,0.0015030709890943457,-0.6452148240206359,2.600323428206134,0.0009428369005131665,0.9961155438052391,0.9976255583314779,0.001885714018168505,0.9907851260241793,0.0038844561947608547,1.6892562168890872,0.008430540827147401,0.0010604453870625664,0.006929210691377974,0.9624062657651216,0.0,3.1047647610584175,0.0068848037484872835,4.993513127904821,,0.005938494167550371,0.0013529824833189504,0.9750224222053332,,-0.03591718017843715,-0.5368295214726677,0.08493942138239625,0.5183854742380256,5.0,4.0,0.8,0.033161356892697995,0.26785267050559264,0.00026204759248682485,0.9624062656270532,1.0712351893898726,0.0,1.083183215305422,0.30914953217605456,1.0,0.0,1.914527934953053,102.99163448978251,0.06678410383193988,,1.561322798555398
SYNTH-TRAN-0066,transit,1,1,True,7.864864724486356,3.534,0.17200000000000001,0.0023954600448052674,41.839857850938344,37.22419252644086,692.8202546227416,7.864864724486356,0.0023954600448052674,0.17200000000000001,0.021869416197903276,0.0014922866059791768,-0.12529264894407127,0.26057988405061083,0.0009906479965102744,0.9963032463627236,0.9975152404423846,0.00198188197002791,0.99264976384808,0.0036967536372763954,1.8199934591889835,0.0037643815280207836,0.0011664280791050315,0.0023657049435275024,0.858708024375275,0.0,1.6875923268831583,0.021869416197903276,1.6478337200610809,,0.026297651238004347,0.0016431426967656033,1.144532394037745,,0.09647779468639636,-0.3355038739196856,0.0,0.6017482102868675,4.0,4.0,1.0,0.08039603066990805,0.26811160507261067,0.00035777025435412835,0.8587080240361509,2.5462565999272737,0.0,1.039453460185663,0.20446979155115508,1.0,5.3019458141137794e-05,1.960426361538113,52.74393121903143,0.10352512844376718,0.6601783962854092,1.6220902944007287
SYNTH-TRAN-0067,transit,1,1,True,7.290473572336179,0.574,0.17200000000000001,0.00696965630722477,57.70569452616781,96.18981697056672,4626.240444415573,7.290473572336179,0.00696965630722477,0.17200000000000001,0.023592431725238925,0.0018529774343096432,-1.2065983419278785,4.152757692021332,0.0010582445979470112,0.9923832147654801,0.9971503411065586,0.0021191978349701657,0.9900342741211627,0.007616785234519918,1.3104654664350375,0.021490504814085855,0.0011170806957816906,0.007354967565621928,0.9893520213120929,4.012218041138382e-06,4.414297648486762,0.023592431725238925,4.828201667240633,,0.023033140060641524,0.001590974188693665,1.0444021896564304,,-0.012308547267553217,2.817189930702849,0.0,0.5311985515126437,4.0,4.0,1.0,0.010499400819997697,0.2528765007411271,7.881694279809892e-05,0.9893520211784338,0.5197638495166308,0.004681193477424511,1.2163954032252187,0.30551910748302247,1.0,0.0,1.9652551269514573,45.027500564990916,0.21346315174445088,2.936638649701455,1.6454577473238914
SYNTH-TRAN-0068,transit,1,1,True,2.719004391900818,0.298,0.17200000000000001,0.005809288462449883,137.0609489820988,101.45127660863741,5146.180762761108,2.719004391900818,0.005809288462449883,0.17200000000000001,0.06325844875879631,0.0013730517982199423,-2.3009441778834923,12.777945022876182,0.0007291025477668134,0.9941383657667439,0.9981157017116955,0.0014606136969456118,0.9900245934925834,0.005861634233256141,1.1656677391925834,0.014709135147091351,0.00077416500774165,0.006497116217744847,0.8899007309452373,2.0159295685218126e-05,5.568857684479425,0.06325844875879631,6.125328877114288,0.0,0.018524662685246628,0.003547721833005277,3.344708985245594,,-0.21819660422130557,-0.8661492644385422,0.0,0.6339597659928586,10.0,9.0,0.9,0.3821967502218862,0.15345136657614145,0.000769435051415579,0.8899007308179004,2.0992402811407684,0.0066015955762140175,1.2944810509068538,0.13200414671260552,0.0,0.0,1.9949150658795247,84.650163591819,0.20737852929420578,7.745871892922717,1.3069641126373304
SYNTH-TRAN-0069,transit,1,1,True,0.896823224775622,0.664,0.04,0.006446519294929637,308.2329817610191,150.27353810464314,11291.068127243838,0.896823224775622,0.006446519294929637,0.04,0.04460187793420234,0.0018889285447917475,-1.7605968368423435,4.692188307709005,0.0008861588086265249,0.9925548839527356,0.9956913388047595,0.0017747023712068044,0.9895712702618636,0.0074451160472643885,0.8328649374642354,0.052383224643444144,0.0004771751232702402,0.006505344026451865,0.997194344225483,8.426345711110006e-05,4.454929307718941,0.04460187793420234,5.243822076011339,,0.04273368326175706,0.001255015884621115,1.0116421168136969,,0.0006304030974166816,-0.17717213157904244,0.030442602434817854,0.49932143529603756,30.0,28.0,0.9333333333333333,0.06361689205455347,0.03903018748855927,1.829072016235056e-05,0.997194344072521,0.20857329135764108,0.01176629910026713,1.5226258846435554,0.8547940859178148,1.0,0.0,1.578899856711136,9.61001104798525,0.3535665090166166,1.3573416888164243,8.327523915396123
SYNTH-TRAN-0070,transit,1,1,True,6.823916268970435,3.13,0.17200000000000001,0.006645464431828169,104.0784342909106,38.745205847229535,750.5954880720752,6.823916268970435,0.006645464431828169,0.17200000000000001,0.02520546753806384,0.001483701722325367,-0.3936122310081412,1.5546796358164041,0.0009576593555908897,0.9962936887865651,0.9975953740864685,0.0019180797624954726,0.9911344797138495,0.0037063112134348986,1.8208823092235547,0.006511476477291226,0.0010852460795485377,0.007004879382692897,0.8981101347885853,8.29950974696736e-05,4.25772953319337,0.02520546753806384,4.957192154019401,,0.003635574366487601,0.0012828689781183952,0.907856893107363,,-0.02572296904819667,0.011521003459787238,4.07622997894754e-06,,4.0,4.0,1.0,0.06669029374615598,0.26790983626483433,0.0007384673703801914,0.8981101346646686,2.415567066951348,0.012493280463421757,1.0499816106739142,0.7422680608474129,1.0,0.0,1.9665778248347794,35.03620920342217,0.04088987727504243,0.8471575842974048,1.2005345344740035
SYNTH-TRAN-0071,transit,1,1,True,1.8316163328290773,0.274,0.084,0.005321889340691793,167.84070146116443,87.81959544019756,3856.140671639982,1.8316163328290773,0.005321889340691793,0.084,0.045861132866322124,0.002131920745239134,-0.7267058095698842,1.5742125950403123,0.0012657932966945729,0.9931995663575106,0.9961369913213688,0.002524229352059093,0.9892777357203325,0.00680043364248939,1.410117609023774,0.021739130434782608,0.0012195121951219512,0.005541098802995137,0.9813084798581464,0.0,2.998618581026305,0.045861132866322124,3.1342628246126134,,0.04671261930010604,0.001955300739731169,1.1059947922539013,,-0.0024049697362163937,0.4787852047390424,0.0,0.529019881742551,15.0,15.0,1.0,0.03410551314115931,0.07042486325321559,0.00010428664214279237,0.9813084796822643,0.7821891416735371,0.009232448925282447,1.2058979950351376,0.22528783536846653,1.0,0.0,1.995322201667586,22.32186605756174,0.2681898766179138,2.852605524874688,2.0188666677508937
SYNTH-TRAN-0072,transit,1,1,True,1.4044921448352465,1.074,0.084,0.002561039999591532,166.87709210837457,51.62029531836033,1332.3274443773557,1.4044921448352465,0.002561039999591532,0.084,0.05980809526695758,0.0017594465154212057,-0.15766141814896473,0.15502470443894412,0.001167243819507613,0.9955805800352787,0.9969925238215814,0.002333273862095142,0.9922510121626206,0.004419419964721283,1.7264599552528441,0.004241556651291024,0.0009013307883993425,0.002539346795088937,0.9955816923970656,1.0401310755359106e-05,1.5688965207586083,0.05980809526695758,1.5365845288266846,0.6666666666666665,0.05768517045755792,0.0016835800871367124,1.018751404864474,,0.04416957318046001,-0.22665336978117834,0.0,0.5345738283844571,19.0,18.0,0.9473684210526315,0.11454064069215845,0.0652607802411924,1.1231803399569529e-05,0.9955816920054289,0.11019814343966934,0.015441406038711263,1.0646589509250382,0.233367539159009,1.0,0.0,1.9520712388475732,15.294046848133727,0.19478635845569883,0.8125164896830626,4.019922245550878
SYNTH-TRAN-0073,transit,1,1,True,3.221158706376527,1.4700000000000002,0.17200000000000001,0.00678736437772466,178.67438671327534,105.26348762207478,5540.200913181339,3.221158706376527,0.00678736437772466,0.17200000000000001,0.05339693435766236,0.0019116307432654298,-1.3825685267986507,4.628366928595857,0.0010451801159419016,0.9919368024712838,0.9970918418868709,0.002085861184737192,0.9905864061536231,0.008063197528716204,1.187740021909968,0.025017752772163653,0.0012017261156934507,0.007578101367649026,0.9969472929882055,3.649389419102533e-05,4.482406695091119,0.05339693435766236,5.058333968525436,0.0,0.029387665920139836,0.0014744480191844806,0.9841845784889117,,-0.010370002051073725,1.0867756855007649,0.0,0.539431728359983,9.0,9.0,1.0,0.031820505199890214,0.11784982498820387,2.3204328962411758e-05,0.9969472928570494,0.17625217519183028,0.01349118952011422,1.2760012376209342,0.2899843944430932,1.0,0.0,1.9523887319798596,27.22391572095122,0.256580339556229,4.665247878229631,1.9839541203352726
SYNTH-TRAN-0074,transit,1,1,True,9.392027095640566,2.598,0.17200000000000001,0.0051433426522058704,40.693359353365715,141.8509005874371,10060.838998733461,9.392027095640566,0.0051433426522058704,0.17200000000000001,0.018313405428721143,0.0010182487142844157,-2.617329252975714,12.832647029162294,0.0004984246050092622,0.9946607009028268,0.9986916269094865,0.0009979067581264989,0.9925375759645768,0.0053392990971732335,0.9502895165404207,0.01982717489264698,0.0005831522027249112,0.00536961965431304,0.9892755912318366,0.0,7.46799177918596,0.018313405428721143,7.445494592420227,,0.019668133382812914,0.0007791738899685788,1.080399610735237,,0.026506017567407048,4.917428878559197,0.0,0.5124435857974629,3.0,3.0,1.0,0.006127872705632038,0.3399747238213354,5.7905278184389175e-05,0.9892755910486166,0.6665890653598584,0.002391534980254215,1.4118998707578636,0.24269733147805128,1.0,0.0,1.9444597606635108,79.1124179635859,0.26631833920055503,,4.078264139139413
SYNTH-TRAN-0075,transit,1,1,True,8.252195198332187,2.212,0.04,0.005577450374032443,90.81579919184519,21.196170347512815,224.6388187003834,8.252195198332187,0.005577450374032443,0.04,0.004847195084295173,0.0012195451286385885,-0.18642583344955707,0.8293613473107309,0.0008024492766036673,0.9971349796550754,0.9979960529460122,0.0016035180569273777,0.9921912331191496,0.0028650203449246403,1.9333237336242783,0.0025613660618996796,0.0010138740661686232,0.00674133617178152,0.9695372028109962,9.708222029902736e-05,4.651152784690279,0.004847195084295173,5.67308276097568,,0.00112059765208111,0.0011471040178687656,0.9653302940235181,,-0.11654850259165062,0.03015280887635363,0.02087367915026356,0.5511511126925387,4.0,2.0,0.5,,0.5383036664586004,0.0002062076060611595,0.9695372026677676,0.47137388158862403,0.017406200642074314,1.0262921576989217,0.10266659223284169,0.0,0.0,1.9877970590962866,837.7964362351056,0.012852263588993953,,0.8597970662521196
SYNTH-TRAN-0076,transit,1,1,True,1.883075550395794,1.4460000000000002,0.084,0.0010925631072898317,83.71909629285987,25.461611728464245,324.14683590553926,1.883075550395794,0.0010925631072898317,0.084,0.04460787565445501,0.0012733289297232097,-0.044784535510491205,0.027143659900032535,0.0008574891705370735,0.9970083952931568,0.997884394626662,0.0017176593983598831,0.9946375638621124,0.0029916047068432317,1.9479534801519065,0.0022265811376769337,0.0009012352223930445,0.0010611910762863275,0.8248062673763352,2.370642084636998e-06,0.8448369819829198,0.04460787565445501,0.8477663145561086,,0.04490271960981816,0.001388448746579735,1.1092065351295453,,-0.14126215402134146,-0.09625981564090624,0.0,0.5980758227267076,14.0,14.0,1.0,0.19946460843428426,0.1034280506696141,0.00020406539647321864,0.8248062666682245,2.141755338840697,0.02806854133312214,1.0172394002282923,0.13178614811126965,0.0,0.0,2.01943077536407,23.99151844035106,0.10424462675444535,0.8024862343507362,1.4492190973512786
SYNTH-TRAN-0077,transit,1,1,True,2.1949321948975116,0.506,0.084,0.00805702580954665,147.62940804962219,123.56557278583655,7634.22538894596,2.1949321948975116,0.00805702580954665,0.084,0.03826997489729847,0.002351974134408598,-1.3865650461023251,3.9617957635504837,0.0012421741354070037,0.9907528889155363,0.9960138899707071,0.002485884776684766,0.9869568583893868,0.009247111084463744,1.0849377724369271,0.03566121842496285,0.0010613457864572277,0.008092152100062089,0.9876212143845805,0.0,4.269393374712842,0.03826997489729847,4.601640987108256,,0.03762470812990872,0.0019047013177317315,1.0831175123124777,,0.019372714820124093,-0.38156456468172983,0.0,0.514364529229153,13.0,12.0,0.9230769230769231,0.08172957632191835,0.08957898831203066,0.00010134574311337907,0.9876212142639483,0.6987320697842566,0.0030173688550960806,1.3374613383045564,0.6151503757641529,1.0,0.0,1.8945559713432356,15.702008010452717,0.30589616172486667,3.932816267096603,2.337969769286247
SYNTH-TRAN-0078,transit,1,1,True,8.663625042048626,4.806,0.17200000000000001,0.0020733377862414493,36.09918094591975,40.278630163237224,811.1840239134087,8.663625042048626,0.0020733377862414493,0.17200000000000001,0.01985312143187217,0.0008526367488442762,-0.1582888479103116,0.4461585472955547,0.0005568403401088329,0.9978482135447909,0.9985867003478449,0.001114041941733479,0.9959872475939666,0.0021517864552090815,1.8107898380538612,0.005301383661135557,0.0016434289349520224,0.002041445043633683,1.0,1.3235910881759239e-05,2.422361623736634,0.01985312143187217,2.5100687270417743,,0.013094417643004824,0.0007857150021355811,0.9660797195488817,,-0.02416063528182516,0.6901477953631292,0.0,0.5243167372676644,3.0,2.0,0.6666666666666666,,0.5305003229289114,,,,0.009268506801018449,1.0483636801660692,0.1214263667799479,0.0,5.3013836611355566e-05,1.9645989057127171,47.641509522564114,0.07886252017909155,,4.213454142687879
SYNTH-TRAN-0079,transit,1,1,True,3.921089523230682,2.46,0.04,0.006943668911439394,75.68332827605704,71.6230829620722,2564.933006496069,3.921089523230682,0.006943668911439394,0.04,0.010201246302339716,0.0009150189490252817,-1.976165366264889,16.06300665810486,0.0005375300953477935,0.9979938145054579,0.9986696495954906,0.0010749645489429582,0.9908857126372126,0.002006185494542123,1.5055570300744854,0.00527831094049904,0.0012262742589038175,0.0075997385591367594,0.9181671342477122,9.319695173271025e-05,8.255456416474097,0.010201246302339716,9.575515657553465,,0.0036255065045851993,0.0011327859684578208,1.4272872274775754,,-0.07067623355924572,3.025070573467983,0.012554963664103387,0.5238965751378654,7.0,5.0,0.7142857142857143,0.16513735856655312,0.22959349800591966,0.0006328807916676782,0.9181671341289912,1.93826148696234,0.013535912516317772,1.1529052223534564,0.11776524248916585,0.0,0.00010663254425250586,1.943780692548018,478.5268774034439,0.07388140749923204,,1.4401030562364023
SYNTH-TRAN-0080,transit,1,1,True,6.726089165247683,3.526,0.084,0.0043230425932769415,63.078124861415766,53.16827996280325,1413.4329971015513,6.726089165247683,0.0043230425932769415,0.084,0.0124886836817464,0.001234486099418097,-0.682698168396263,2.8388051798140035,0.0007798186448735311,0.9968178477658604,0.9980342188799329,0.0015573841315554837,0.9925189559409636,0.0031821522341396458,1.6687882732691994,0.008291256975817167,0.0008503853308530428,0.0049409875706049045,0.8724961982117212,0.0,3.6442153530305292,0.0124886836817464,4.323401353052303,,0.010364071219771459,0.0022085287648057725,1.9324793097682784,,-0.09035869618943237,-0.21895965597146416,0.0,0.649796451211511,4.0,4.0,1.0,0.09520197726459559,0.26980372377190676,0.0006899867203334908,0.8724961980504911,2.281693417633636,0.0,1.0801846384517524,0.1477568997093569,0.0,0.0,1.9753204639694113,289.84242761119725,0.09158728202483524,,1.6260843576245125
SYNTH-TRAN-0081,transit,1,1,True,11.655173827639098,3.608,0.04,0.004673823650455131,38.57265331435235,24.90059355661469,310.0197797358664,11.655173827639098,0.004673823650455131,0.04,0.0034319522464044197,0.001387401376640572,-0.35157050886113383,2.1321069355757416,0.0008998594971387774,0.996730316887939,0.9977500849305497,0.0017985759140821678,0.9893315698689766,0.003269683112060995,1.8903987966426574,0.0034015413234121713,0.0017539197448844007,0.005045029778539489,0.41986364916127983,0.0,2.817237853703635,0.0034319522464044197,3.79369449396491,,0.0027106032420940738,0.005400803492385612,4.061224486564124,,-0.09824759601825477,-1.4994277299355347,0.009514721085212516,0.7089493894217848,3.0,3.0,1.0,0.904034380788024,0.5840303387379118,0.004896932982282998,0.41986364911153884,4.398776456282416,0.0,1.0432796622668092,0.14321818413015786,0.0,0.0,1.9989272009049406,2512.664199084505,0.024034895459544965,,0.9097631694931174
SYNTH-TRAN-0082,transit,1,1,True,9.26223859144207,1.308,0.216,0.003451587898405555,99.06289284331696,26.349208963711458,352.9260799484432,9.26223859144207,0.003451587898405555,0.216,0.023320496213472104,0.0010370453681239206,-0.25205054177793207,1.4775764211850495,0.0006738553599945352,0.9975284275764444,0.9983297265916395,0.0013471539013796274,0.992252395226785,0.002471572423555557,1.907200621399941,0.004009753454348415,0.0016797615822270388,0.0034630605387531155,0.9693569439382799,0.0,3.2574944024882515,0.023320496213472104,3.4765397296425697,,0.003251151449471688,0.0025329365947727393,2.5427954856265846,,0.08679711743955028,-0.5312066243559097,0.0,,3.0,3.0,1.0,0.009288496090307036,0.3463970694897913,0.00010885097833901458,0.9693569436653925,0.18928755142680467,0.0,1.0410818359596805,0.12041653505550139,0.0,0.0,2.0067156960672774,202.8124028382335,0.02834590924749958,0.14428850528733467,0.7840929429458361
SYNTH-TRAN-0083,transit,1,1,True,2.3197337438032997,1.176,0.04,0.0037212375405430167,160.36350701893193,53.65901887702083,1439.6451534222242,2.3197337438032997,0.0037212375405430167,0.04,0.017243358254735882,0.0007291714371277529,-1.062714196059709,5.510111744510446,0.0004465024776176274,0.998169094564096,0.9988938654374907,0.0008930169477744387,0.994894006857602,0.0018309054359040289,1.582139999298605,0.009011439671918843,0.00075545003237643,0.003770687159703301,0.9869615555045159,1.2256038203206643e-06,4.668869444062505,0.017243358254735882,5.723059106434571,,0.004694582344053529,0.0011408609208348299,1.7315715161776664,,0.2865708292416896,-0.9343207096854247,0.042636918343247725,0.5674273801210606,12.0,8.0,0.6666666666666666,0.1510946541296846,0.14615462906080656,4.9519202123371464e-05,0.9869615552446481,0.2122701281176455,0.001017578777897844,1.1067190293597127,0.7526183460809808,1.0,0.0,1.8198521489801143,88.31599056160074,0.06144123710487641,,6.626776677306366
SYNTH-TRAN-0084,transit,1,1,True,6.018578066351337,0.764,0.216,0.0038247048199371654,151.002413193328,40.44037614505905,817.7120113769435,6.018578066351337,0.0038247048199371654,0.216,0.03588887568105375,0.0007580950224039086,-0.6326258104240501,3.7698764029236296,0.0004845456369433343,0.9982181777900359,0.9988037832552994,0.0009688647457184452,0.9940453821869305,0.0017818222099641456,1.7945697878745885,0.004740381435343402,0.0015433800022048286,0.004181915921674384,0.8695050248177248,1.8614376089520768e-05,5.362218638320556,0.03588887568105375,5.846244204098094,,0.0031418807187741154,0.001714431403187719,2.396744660087976,,0.15522199348599136,-0.9702519901606794,0.0,,5.0,5.0,1.0,0.0928896341575195,0.24597192325018044,0.000570740902680611,0.86950502461892,1.3067044102952776,0.004866879134730114,1.059803380530412,0.12175886766981615,0.0,0.0,1.9803017453795597,114.4723836908265,0.04043040113624263,2.397240734691707,1.1096262938028452
SYNTH-TRAN-0085,transit,1,1,True,8.52199790796856,5.426,0.084,0.006473075154141982,50.4386856474966,71.42465990924858,2550.741021576022,8.52199790796856,0.006473075154141982,0.084,0.009856843536825461,0.0011399136335049978,-1.516512500998151,9.468686978744843,0.0006778503541234882,0.9974004123105367,0.9982893481909699,0.0013565280244640654,0.9908945139898263,0.002599587689463334,1.5193986823281471,0.007209881779144356,0.001219318242061178,0.007312645047138577,1.0,0.0,6.712671902790461,0.009856843536825461,7.329891423843931,,0.006361660393362668,0.0012956210342110308,1.298676668428109,,0.05171399628623438,1.6218757301340991,0.0,0.5339873411768535,3.0,2.0,0.6666666666666666,,0.5085899771835981,,,,0.0,1.1426020423923797,0.10440694230225558,0.0,0.0,1.9809249239545181,499.84920045323616,0.09480420749476373,,1.078945964760669
SYNTH-TRAN-0086,transit,1,1,True,11.713369875772559,6.498,0.084,0.0038523351408285525,40.50649368581221,24.866074833506197,309.16083881279536,11.713369875772559,0.0038523351408285525,0.084,0.0071712923685387986,0.001715687873135113,-0.063622508416351,0.23129278551550714,0.0011262775217768528,0.9958801186039663,0.9971470225937655,0.0022540068814853598,0.9916754876796563,0.004119881396033698,1.9243589364043931,0.002704422526248807,0.001855976243504083,0.0038328173241266583,0.8476869110209909,2.715838550726435e-05,2.2687319876870142,0.0071712923685387986,2.3071080472889935,,0.006416375013256973,0.0019069471409500311,1.147858800091139,,-0.06324444016028473,0.30132252766542633,0.0,0.5314057023850709,2.0,2.0,1.0,,0.5451728605232598,0.0006354532682454339,0.847686910817807,1.8541410633102833,0.0092425958012199,1.032733095269049,0.10632849976142895,0.0,0.00010605578534309046,1.9952905406960415,192.54612207053376,0.03637314040193123,,0.7072901117071033
SYNTH-TRAN-0087,transit,1,1,True,9.525504654947202,6.458,0.17200000000000001,0.0044532340159477695,39.389297816567094,105.69224104765514,5585.424908837891,9.525504654947202,0.0044532340159477695,0.17200000000000001,0.018056786094862644,0.0010334646842171027,-1.5369330001082564,6.291789146064369,0.000564164049358773,0.9954349693165839,0.9984716512604638,0.0011296928777017046,0.9933461168472348,0.004565030683416071,1.2607663565971572,0.01925014583443814,0.0015378904385639285,0.0046150293417305255,0.9867912184734181,5.799076106660639e-05,5.037673547550773,0.018056786094862644,5.6551550530253785,,0.019409237948772338,0.0009215390045892754,1.1292335481465976,,-0.004481672264907434,1.6461993804741848,0.0,0.5212486260271805,3.0,3.0,1.0,0.028316738166031384,0.33975652737365564,6.110402261216841e-05,0.9867912182601046,0.6050917040378214,0.016351310805302787,1.266384804583304,0.3387543603390712,1.0,0.000106061409556133,1.9702567150502728,55.260951531681044,0.21203268077787896,,5.4709634962519935
SYNTH-TRAN-0088,transit,1,1,True,3.6553147959165146,2.428,0.128,0.00652744675085488,75.73044682889261,100.78790384007736,5079.100780238451,3.6553147959165146,0.00652744675085488,0.128,0.03501750386669664,0.0017980193269299819,-1.2932957720328222,4.408797582177025,0.001006003249182097,0.9925649916091508,0.997225318048709,0.0020175823565852236,0.9900354324103097,0.007435008390849207,1.269332100408212,0.023405500292568753,0.0009574977392414491,0.00699685215998469,0.9691031110283459,0.0,4.248908540919683,0.03501750386669664,4.838461098638721,,0.026224799191446352,0.0017383421640745314,1.2020978498160055,,-0.04194778272299587,0.5144364199577063,0.0,0.5589232117357718,7.0,6.0,0.8571428571428571,0.014729255123072877,0.1706555866317463,0.00021789101726654714,0.9691031108909273,1.4051390786066433,0.0,1.2433657835026102,0.1312476271005562,0.0,0.0,1.9690253608786425,34.538154040208916,0.2333134792827452,4.035446029355282,2.637576749022726
SYNTH-TRAN-0089,transit,1,1,True,9.928659121806977,6.314,0.084,0.003974230466126701,49.28354978252356,43.02353638512238,925.5123415409447,9.928659121806977,0.003974230466126701,0.084,0.008460356929316386,0.0013067200017345694,-0.4168891878123285,1.3427660668560017,0.000840783977089532,0.9966037946300587,0.9978504344687926,0.0016821273235863021,0.9922128879901377,0.003396205369941341,1.7848324599070844,0.007156867942533001,0.0011132905688384669,0.004370792899321296,0.9889108489559766,3.7912874492618265e-05,3.6857169977294757,0.008460356929316386,3.536140021540877,,0.009595504426655356,0.002221059230982697,1.7969225762470458,,-0.0066106682583170874,-0.37104126501854084,0.0,0.648924505748337,3.0,3.0,1.0,0.010998215333382225,0.33968556527578164,4.846838264271902e-05,0.9889108487297221,0.1520372779569204,0.012052896916063954,1.0571868769620936,0.12019342179441968,0.0,0.0,1.990037194359562,285.6699073420376,0.07266321813300225,,1.049978814627348
SYNTH-TRAN-0090,transit,1,1,True,5.697021544255342,4.136,0.128,0.0015104058393675276,51.73005668628888,46.87938069197346,1096.4545701398297,5.697021544255342,0.0015104058393675276,0.128,0.022467880629496707,0.0007420955092079564,-0.28503252531431766,0.5672871926850749,0.0004839279230219873,0.9980197754453357,0.9987531395904645,0.0009673946859146687,0.9962513691002106,0.0019802245546642894,1.7439708429898166,0.0067857710862535125,0.0006891798759476223,0.0015567373208564828,0.9184692512757625,0.0,2.198866983288898,0.022467880629496707,2.226336623454819,,0.024439378677834914,0.0008643908245687225,1.2361911826311713,,0.052648559423792644,0.29219281300444644,0.0,0.5982725196034494,5.0,5.0,1.0,0.061747871220048184,0.2142011077673072,0.00013559827113895917,0.9184692507235174,1.640401944681341,0.008954728137742647,1.0612929927972994,0.2880593390952438,1.0,0.0,1.9665408619979803,72.63130231732532,0.12241401769134297,0.8322534044392546,1.8760815239835418
SYNTH-TRAN-0091,transit,1,1,True,2.263770431184756,1.746,0.084,0.0008394942172854562,41.681086187090344,13.902536870027408,96.64026571123321,2.263770431184756,0.0008394942172854562,0.084,0.03710623605770757,0.0016121302216687335,-0.025885825164977106,-0.06412617327640291,0.0010884712787534445,0.9962687000549434,0.9973231514141133,0.002177424945898121,0.9933194535215145,0.0037312999450566098,1.9812414165942829,0.001484938481120068,0.001113703860840051,0.0008232928821165775,0.9357851417247479,1.1123947390556665e-05,0.5272277057374557,0.03710623605770757,0.511970808246361,,0.03823716588884175,0.0017251442641911933,1.0727938045679295,,-0.004246401707015656,-0.27449644801802675,0.0,0.48608780725398104,12.0,12.0,1.0,0.29184964187117923,0.16845149812672533,5.441101640890622e-05,0.9357851406203519,0.4265209555318533,0.03816499139542009,1.0025151808238955,0.11729395703208696,0.0,0.0,1.9980237915146828,28.62908321229216,0.06800462265047882,0.44297577866999055,1.3236702884660136
SYNTH-TRAN-0092,transit,1,1,True,6.894105835755905,4.79,0.084,0.004466422783827622,59.640925906717584,62.29717567416541,1940.4690484889923,6.894105835755905,0.004466422783827622,0.084,0.012184321216007241,0.0012142325593386563,-0.7262974014415895,3.0121210459695886,0.0007517816653198062,0.9966016977907854,0.9981252742937144,0.0015049519163933267,0.9927892670877738,0.0033983022092145543,1.6280829919640574,0.010397877984084881,0.001326259946949602,0.004842627030493762,0.9899059791363237,0.0,4.01283790023518,0.012184321216007241,4.398086810445303,,0.012307692307692308,0.0017628552629859278,1.6010298608670606,,0.05591099924745378,0.021254040710576128,0.0,0.6211699661657063,4.0,4.0,1.0,0.016307719230565787,0.2545248092335126,4.9042448375558045e-05,0.989905978932579,0.2135515477221287,0.0,1.102769255284994,0.10642158250833358,0.0,5.305039787798409e-05,1.9913834999757984,181.62172811192625,0.11379875178028435,,1.71416078200855
SYNTH-TRAN-0093,transit,1,1,True,6.457619063817914,1.9980000000000002,0.17200000000000001,0.0019511908784294212,48.42068900831374,60.99907524418899,1860.4435903230951,6.457619063817914,0.0019511908784294212,0.17200000000000001,0.026635203826704063,0.0007894599945271304,-0.45666054719599547,1.1884028109771032,0.0004983042489865586,0.9976644661048504,0.998700316867,0.0009957896781538356,0.9957814597150665,0.002335533895149622,1.630963423836701,0.011769071727720935,0.0009542490590044001,0.0020568478567084547,0.9645027300385169,0.0,2.5883460810579124,0.026635203826704063,2.859475152834619,,0.026188835286009647,0.0009310090778431321,1.2943093075518892,,0.06962297133602806,0.09631145530176433,0.0,0.5744690096077911,4.0,4.0,1.0,0.035002424732326995,0.2743072468948612,7.416152622430339e-05,0.9645027295768596,0.8826586705659265,0.0,1.0975246570350787,0.295983871003993,1.0,0.00010602767322271113,1.9701392079513713,55.13282067485559,0.15795861068687403,1.6590984490433853,2.2962342135819336
SYNTH-TRAN-0094,transit,1,1,True,3.6696095778873112,2.2,0.128,0.0036316697466374035,70.45304056918809,113.62109321100046,6454.876411231241,3.6696095778873112,0.0036316697466374035,0.128,0.0348810949184662,0.0009947780718597564,-1.757055086686263,6.908949299850592,0.0005211183136588637,0.9956019718019088,0.9985699969260083,0.0010421884394544723,0.9934198988298335,0.004398028198091208,1.1166330821962402,0.02460755197284684,0.0006894357233771744,0.003971584640548587,0.9876315204165851,0.0,4.761000238588168,0.0348810949184662,5.307902269337942,,0.028956300381841323,0.001176931145181342,1.5729327363648122,,-0.06337823279599161,1.0327042014397563,0.0,0.5656201959163054,7.0,6.0,0.8571428571428571,0.03058078483868129,0.17303225793127386,4.949140235432914e-05,0.9876315201697643,0.46930449505098387,0.0,1.3294906852048562,0.15470788846310923,0.0,0.00010606703436571913,1.9628668254976762,73.24876281500448,0.2692681448143474,4.450974919683586,2.5305959314277096
SYNTH-TRAN-0095,transit,1,1,True,3.0494806665175784,2.196,0.128,0.007839587607153298,179.84924065493792,36.86671848641037,679.5774659781325,3.0494806665175784,0.007839587607153298,0.128,0.04197436022644879,0.001562938747676376,-0.47747281229622346,2.245336287334312,0.0009987699766976776,0.9961527706167524,0.9975007156465623,0.0019975947939621097,0.9888387296555182,0.0038472293832475524,1.7842956161164936,0.006194347657762292,0.0012720535368618993,0.008167752682384344,0.8248528248934619,0.0,5.177368139193644,0.04197436022644879,5.530007257096661,,0.002654720424755268,0.0019222100866588892,1.301439470836791,,0.05942948357961543,-0.49811086185119,0.0007368043802347873,,9.0,6.0,0.6666666666666666,0.10977165057778648,0.19441071312817307,0.0014590217719135934,0.8248528247944431,2.368396995691324,0.0,1.0581934778324886,0.4045174843913079,1.0,5.530667551573475e-05,1.9146208104668285,31.086701582064986,0.03364815809103559,5.3638632767589485,1.0973174110129047
SYNTH-TRAN-0096,transit,1,1,True,1.209672678847612,0.468,0.04,0.008899462834740739,244.74193726267353,77.24062000698858,2983.056689532022,1.209672678847612,0.008899462834740739,0.04,0.03306679624946624,0.0018308765113576755,-1.4959173997028585,6.6271680461523985,0.001023637517713949,0.99200395107068,0.9972938148236516,0.002043554894229027,0.9890105603597132,0.007996048929320043,1.3211117317781627,0.01649732328198405,0.0014202993554026002,0.009332423469061157,0.9429879807959537,0.0,5.02409192336701,0.03306679624946624,6.214578056902232,,0.009450453403255763,0.0012701228342957061,0.8457907553972825,,0.11647967586499323,2.0483395204566204,0.04043814044643069,0.5205445730693109,23.0,16.0,0.6956521739130435,0.0660966083961769,0.0689568632181389,0.000551070449068991,0.9429879806983951,3.049473496501543,0.0,1.2192036752406137,0.6942640027347975,1.0,0.0,1.714094692137276,24.722982890165035,0.11821448592002806,3.76520808142148,2.5775260434074987
SYNTH-TRAN-0097,transit,1,1,True,12.044129778344127,4.862,0.17200000000000001,0.0017780422476383498,24.5812537742123,18.383020362370072,168.96771882165828,12.044129778344127,0.0017780422476383498,0.17200000000000001,0.014280815896658932,0.0015336018325088786,-0.025908648157372333,-0.00663719430551124,0.0010339734904185605,0.99638532877934,0.9974609986490918,0.0020646351526169004,0.9931142428259045,0.0036146712206599485,1.9500907087253705,0.001484859733785862,0.000848491276449064,0.0017850970837530733,0.9296715683650374,2.2052019979068582e-05,1.1522097074478972,0.014280815896658932,1.1734686622905182,,0.013151614784960491,0.0016145830415696257,1.0613779044242433,,-0.08118312094262568,-0.1433159630711267,0.0,0.5341629326985955,2.0,2.0,1.0,,0.5261961895217311,0.00013371618707092026,0.9296715678760737,0.6124304615264442,0.020060347008965227,1.0081433145904004,0.11230125331011537,0.0,0.0,1.98791329415007,69.73652233007167,0.03933990936372023,,0.8900220629456972
SYNTH-TRAN-0098,transit,1,1,True,12.232540769893882,8.674,0.084,0.0016598748375774815,39.03456189638239,12.235507319730097,74.85381968559408,12.232540769893882,0.0016598748375774815,0.084,0.006866929902799638,0.0008695992684137475,-0.11828528847863438,0.819605348501554,0.0005746234071961065,0.9979493667615359,0.9985881027141361,0.0011494482832615782,0.9924028943077419,0.0020506332384641057,1.952527965134009,0.002235945485519591,0.0015438671209540033,0.0007242266595072211,0.8669486511365067,0.00015532547261520868,1.8814502254674272,0.006866929902799638,0.8505773370857032,,0.002182708688245315,0.0015198485276536158,1.7850056973943107,,0.0669614843873049,0.07815105808396527,0.0,0.8981184276221277,2.0,2.0,1.0,,0.5279642505605744,0.00011114768308828626,0.86694865009871,0.22998399939956868,0.09357661734804243,1.0213120717791886,0.0937077315376248,0.0,5.323679727427598e-05,1.9912323739271565,973.4188188677055,0.011307852855838811,,0.8994312555473671
SYNTH-TRAN-0099,transit,1,1,True,2.5271486179226277,1.466,0.084,0.0019810499371062636,75.15376873161806,35.3713355404137,625.5656889562749,2.5271486179226277,0.0019810499371062636,0.084,0.03323904237537477,0.0014265555502719649,-0.0944549834530992,0.09354757013780457,0.0009447971216653417,0.9964723797261673,0.9975950422560912,0.001889625590125954,0.9943164241782573,0.003527620273832688,1.8355308185183985,0.0022799575821845176,0.001378579003181336,0.0019488516964494274,0.9118058445051502,0.00012747209969443674,1.3627837886528666,0.03323904237537477,1.4206003101044986,,0.03207847295864263,0.0014262846656956157,1.0396791310882911,,-0.05388678165020342,-0.37703647186269285,0.0,0.5112211802497679,11.0,10.0,0.9090909090909091,0.12371409829418673,0.1142812136914974,0.00017909000445925916,0.911805844056125,1.5232946745661753,0.083047630377412,1.039876590296637,0.3113414917404327,1.0,0.0,1.9553022666026119,26.839355592490673,0.1081640695268066,1.2147970998677513,1.9587988231332412
SYNTH-TRAN-0100,transit,1,1,True,2.5771211088986967,0.5880000000000001,0.128,0.0013802553007478974,77.74184861076492,34.71314703569892,602.5012885610263,2.5771211088986967,0.0013802553007478974,0.128,0.049667824906645286,0.0012566726344419284,-0.06723767307772598,0.10187021074263747,0.0008487596518655938,0.9969597320251605,0.9979067484462487,0.0016962654685280798,0.9943914572313206,0.0030402679748394723,1.8630347654479464,0.0019089029110769395,0.0012726019407179596,0.0013963555902304359,0.9956814189583935,0.0,1.116660377098167,0.049667824906645286,1.1367466343762396,,0.048889124555914945,0.0013168043371592068,1.0719854662169108,,0.008386412304497076,-0.07958932494697635,0.0,0.559148634925672,11.0,10.0,0.9090909090909091,0.11210733446779456,0.11494588394323284,6.046605172560504e-06,0.9956814182472621,0.06835786380524912,0.0,1.0230333861297043,0.3022459154962179,1.0,0.00010605016172649663,1.9944860113044303,21.74799525831688,0.13539644150390187,1.1621822749575919,2.2259536191952254
SYNTH-TRAN-0101,transit,1,1,True,7.864864724486356,5.954000000000001,0.17200000000000001,0.00455085473397551,41.283088543170834,82.43653371441468,3397.891045423655,7.864864724486356,0.00455085473397551,0.17200000000000001,0.021869416197903276,0.0010107445534980584,-1.2330923661653876,5.58502780929671,0.0005952540698030973,0.9961902275577252,0.9984669526720966,0.0011898150427646081,0.9933499157925412,0.0038097724422747614,1.4448675647094609,0.012671650495731934,0.0011134086209638938,0.004728703686246449,1.0,0.0,5.358116206817525,0.021869416197903276,5.4395591114866715,,0.013042786702719899,0.0011148443516760837,1.2824364040164213,,-0.09057585406324943,0.6431017753209076,0.0,0.5381773027084124,3.0,2.0,0.6666666666666666,,0.5021232451290389,,,,0.0,1.1626875165295243,0.1285490826387015,0.0,5.3019458141137794e-05,1.977687781488144,63.2375759669191,0.14923280416609025,3.289178300246604,1.9639052177727954
SYNTH-TRAN-0102,transit,1,1,True,1.613098113881436,0.49200000000000005,0.04,0.0069227326552008354,171.16965517488,124.37919022811897,7735.091480901311,1.613098113881436,0.0069227326552008354,0.04,0.024797003762996175,0.0014486061692601268,-2.10427245656949,9.06185025842593,0.0007337343134740104,0.9930477091617261,0.9980131353459473,0.001467525931383662,0.9907046630543349,0.006952290838273867,1.0482970120705788,0.02333883945222998,0.0012788405179304098,0.006985081764278811,0.9943384336223464,1.9876333719248684e-05,5.98625209135842,0.024797003762996175,6.591908269569972,,0.019449032876858317,0.0009552648569815862,0.9014952899433444,,0.00961461545412658,0.6335705431131653,0.02098333016572744,0.5061614346636046,17.0,16.0,0.9411764705882353,0.03737339719246785,0.06672670111801329,3.962038914440136e-05,0.9943384334802601,0.3932191484390952,0.0035174437355099696,1.3670676033212936,0.48662691434666067,1.0,5.328502158043374e-05,1.8688946089193756,22.115551669947898,0.24375926337798515,4.9417708713541275,1.498761249201795
SYNTH-TRAN-0103,transit,1,1,True,8.040074184755449,4.424,0.128,0.003893364124475604,77.10732071716059,19.63031080476056,192.6745511457539,8.040074184755449,0.003893364124475604,0.128,0.01592025111443587,0.0013680334361831944,-0.13365124497234201,0.6080571697580663,0.0008987507874916867,0.9967402293743769,0.9977585863116974,0.0017980768685720294,0.9914679052224732,0.003259770625623104,1.9352561217652613,0.002844873859366613,0.0018250134192163178,0.004528510066382996,0.829551641564909,0.0,2.902874305966334,0.01592025111443587,3.4036522762463117,,0.0024691358024691358,0.0037214636028771145,2.7970718574591826,,-0.26419930835942756,-1.1217765553409251,0.0,,3.0,3.0,1.0,0.439345438016339,0.4326010365264941,0.0008427322973393325,0.8295516413971264,0.8721832354036191,0.0,1.0282212142160643,0.13781787568451978,0.0,0.00010735373054213633,1.9953173396148522,294.4731480707345,0.01828976962339006,,1.110379104489727
SYNTH-TRAN-0104,transit,1,1,True,10.506748755957625,6.77,0.084,0.0037479035754297047,49.189720632611575,41.36370246510383,855.4779408108565,10.506748755957625,0.0037479035754297047,0.084,0.007994861393480036,0.0010438199306595983,-0.4170739219867359,1.7098458913280172,0.0006642565281260726,0.9974491839587908,0.9983294523206356,0.0013280880324302302,0.9925873957001389,0.002550816041209214,1.8003668885486985,0.005937549700471823,0.0013253459152838892,0.004384229608917822,0.9843129009285232,0.0,3.715124934205103,0.007994861393480036,4.486300132597362,,0.006361660393362668,0.0013503443661248915,1.3817821257526557,,-0.05189597258790588,0.6986450403515856,0.0,0.6192970134714082,2.0,2.0,1.0,,0.5060446051923861,6.900809193877144e-05,0.9843129007047665,0.2936972468947786,0.0,1.0681214058224981,0.11863494148636303,0.0,5.3013836611355566e-05,1.990367476830356,400.5946721264909,0.05824077763602352,,1.0710833113583655
SYNTH-TRAN-0105,transit,1,1,True,7.223130129425321,0.9359999999999999,0.128,0.005670014647687089,95.8063623122386,39.184801442779055,767.7243320550177,7.223130129425321,0.005670014647687089,0.128,0.01772084923107758,0.0016050938101103364,-0.53169974957399,2.60734863412418,0.001035538581346196,0.9961457064688978,0.9974302298952703,0.002074064282972632,0.9890638248338648,0.0038542935311022264,1.7955189561853,0.005429523707128266,0.0006450919255993979,0.006286622438146705,0.7361139375464266,0.0,3.409817411213477,0.01772084923107758,4.120933859155241,,0.005967100311794431,0.0046198977510243,3.028381814773605,,-0.30476924585130805,-1.0584818939621101,0.0,0.6467506881196265,4.0,4.0,1.0,0.2044795596324102,0.3232836473492002,0.001849554859066238,0.7361139374414012,1.9995338661750566,0.0,1.0521524863761544,0.121218893449532,0.0,0.0,2.001746998150443,308.22043887261594,0.05335111271020628,,1.3901670570493296
SYNTH-TRAN-0106,transit,1,1,True,7.382242770390002,3.514,0.084,0.0024529952095070674,59.042826818260764,16.098518261981106,129.5811451156661,7.382242770390002,0.0024529952095070674,0.084,0.011378655865521245,0.001296618472609808,-0.15001543424832225,0.5862889010037509,0.0008585873258817323,0.9969777914419964,0.997888711423266,0.0017174640744705982,0.991922479765042,0.003022208558003614,1.9413347138118127,0.0029433800706411216,0.0010168040244032965,0.002079129882846864,0.9689382108389455,3.336036703038836e-05,1.8551456627219665,0.011378655865521245,1.6371725712935348,,0.003692604088622498,0.004025357241011557,3.1696934948663493,,-0.5060048589184313,-1.2263760540979598,0.0,,4.0,4.0,1.0,0.564275359678191,0.41425599704730487,6.639759999182981e-05,0.9689382103856617,0.06932140772982433,0.014099392946214257,1.020998359122544,0.11513049256617552,0.0,0.0,2.004131246168973,528.4051368178006,0.020074250985140554,,1.0239564597674846
SYNTH-TRAN-0107,transit,1,1,True,12.200730643295008,6.287999999999999,0.04,0.003493971928874981,53.36215316757517,15.389192523697503,118.41362326570105,12.200730643295008,0.003493971928874981,0.04,0.0032784921796451807,0.0008327753424213097,-0.1212958362079786,0.4911350611236167,0.0005619112568029383,0.9980625981107069,0.9986381018635697,0.0011251370566001118,0.9947401826173312,0.0019374018892931444,1.9476673257576238,0.0021564504825057956,0.0010782252412528978,0.003849090158876023,0.8566795146185232,0.0,3.874712949232983,0.0032784921796451807,4.6240016707737235,,0.0007008464068143835,0.0016719864219345442,2.0085962368815826,,,-1.1524198530699037,0.03899066426145131,,2.0,0.0,0.0,,,0.0005875807687507617,0.8566795144095651,0.6003961383702222,0.0,1.0004324179976494,0.15819049362316873,0.0,0.0,1.9760867071610484,758.2897918798265,0.007369012479408347,,1.3037256763921916
SYNTH-TRAN-0108,transit,1,1,True,11.93381882577477,3.538,0.084,0.0031987838702376525,59.537901537440014,16.610835407257746,137.95992646349922,11.93381882577477,0.0031987838702376525,0.084,0.0070388197798491835,0.001380931067966642,-0.1080242477756714,0.5096162117306124,0.0009183046413636653,0.996773707370138,0.9977262066840938,0.0018347880172818742,0.9910186696690702,0.00322629262986196,1.9733121017545945,0.002557953637090328,0.0015987210231814548,0.002858053609825051,0.8844115856496731,2.6490649744026484e-05,2.301006254124906,0.0070388197798491835,2.101156001075476,,0.002664535038635758,0.003397320050242417,2.4976086475781143,,0.24595015500076758,-1.0001734328472436,0.0,,3.0,2.0,0.6666666666666666,,0.5323305722106922,0.0003630077943037602,0.8844115853680601,0.37458669379719056,0.008281475338868985,1.0152194453438848,0.1218690787864493,0.0,0.0,2.02338687279251,686.2112630079,0.016194806931388108,,0.7566417405820787
SYNTH-TRAN-0109,transit,1,1,True,10.87194799070353,7.47,0.084,0.004017302725253258,42.8181827549855,29.229901741554993,427.19357791052266,10.87194799070353,0.004017302725253258,0.084,0.007726306276651376,0.0015444775163125852,-0.08566398562432256,0.2638230677310087,0.0010206563816507752,0.9962597579345422,0.9974704032565359,0.0020407717358615907,0.9918491704231764,0.003740242065457755,1.9134436939818487,0.0031283138918345704,0.0014846235418875928,0.004013339774396774,0.9218602875835283,0.0,2.3727870776906137,0.007726306276651376,2.668517688818534,,0.006415694591728526,0.0013034122430514538,0.866654413013968,,-0.024199599792442298,0.5315795789922428,0.0,0.5476965407001423,2.0,2.0,1.0,,0.5324320524114828,0.0003228699454118633,0.9218602873604231,1.332803820393163,0.0,1.0269416007475038,0.15600848233010456,0.0,5.302226935312831e-05,2.0007489146443063,116.93714603128784,0.04176426650468436,,0.8032833618201343
SYNTH-TRAN-0110,transit,1,1,True,8.31066452893333,2.866,0.17200000000000001,0.0038502338918432397,37.95272763165641,78.34757286653502,3069.1710870385023,8.31066452893333,0.0038502338918432397,0.17200000000000001,0.020696299243121552,0.0010486865085094768,-0.8578746929608247,2.739059965378435,0.0006247827655423976,0.9962431623808758,0.9983155850037709,0.0012500696884971685,0.9942452858566243,0.0037568376191241537,1.5027327611305243,0.017635185381918623,0.0009030064803994476,0.0039011540994100535,0.9736482461815983,3.886577736111896e-05,4.072051507961138,0.020696299243121552,4.2965970009167185,,0.01795389355147137,0.0008813972273017609,0.970740603149653,,-0.017128058063467948,-0.38006097623974266,0.0,0.5113749852923206,3.0,3.0,1.0,0.11440299432317429,0.35967709606554393,0.00010408330917888176,0.9736482459350905,1.0582497792218655,0.013856677901357974,1.154987265959328,0.48360120772179227,1.0,0.0,1.973581116518181,31.700588359720204,0.16249812115065096,2.358171923841803,1.5451576116107235
SYNTH-TRAN-0111,transit,1,1,True,9.525504654947202,7.608,0.216,0.00301640638690749,98.71754786018009,24.839785791701654,308.5074790888133,9.525504654947202,0.00301640638690749,0.216,0.022675963933083316,0.0010543765556153034,-0.260792717054234,1.123890389234199,0.0006969164411216866,0.9975124362663436,0.9982748396329374,0.0013945476824076541,0.9932859487851852,0.0024875637336564393,1.9094772609336848,0.0031954072790294627,0.0009748700173310225,0.0034717973407355496,0.4997434831976514,1.5637869665852122e-08,2.9080781302143754,0.022675963933083316,3.369864774301421,,0.003845320623916811,0.0034048292076340934,3.3048628370940163,,0.5073852706490328,-1.4231308142220631,0.0,,3.0,3.0,1.0,0.34499867700042713,0.4981649266672839,0.0023777382410909986,0.49974348309250943,3.4423288100411304,5.184271498874613e-06,1.0234198787837363,0.10696445823934772,0.0,0.0,2.010353699576201,259.97348873370515,0.028645293881877375,0.2186150219327781,0.7628195207953463
SYNTH-TRAN-0112,transit,1,1,True,0.8581129552988176,0.208,0.04,0.005968964184964096,224.30415318176904,38.385091511631046,736.7076251781444,0.8581129552988176,0.005968964184964096,0.04,0.046613909920601236,0.0016583566911408782,-0.604517029985742,2.47614038045218,0.00104536945492123,0.9955910044995672,0.9973466308837978,0.0020912136517152735,0.9898933100785907,0.004408995500432833,1.7298197051670468,0.00902061855670103,0.001288659793814433,0.00577128424461415,0.9467336799568007,0.0,3.679324525606643,0.046613909920601236,3.7431551615214556,,0.005434782608695652,0.0030421548410030654,1.9730890236215397,,0.6980421839761168,-0.9762992676766808,0.02268761381409664,0.6346496150692219,32.0,1.0,0.03125,,1.0,0.0003154191064513867,0.9467336797969211,0.5375705304989867,0.0,1.0755814728551174,0.5241482014121852,1.0,0.0,1.891778763040622,43.46709729956764,0.049391708008618786,1.295042396343825,10.661800327927
SYNTH-TRAN-0113,transit,1,1,True,3.42828467827506,0.858,0.17200000000000001,0.0007173003450767132,30.418693024524078,14.245326914709823,101.46466945347792,3.42828467827506,0.0007173003450767132,0.17200000000000001,0.0501708627320126,0.0015950891740344245,0.002881648946411425,0.051678841898269656,0.0010806010922111975,0.9962518138500833,0.9973909056408119,0.002162323317310366,0.9936072615934761,0.003748186149916677,1.9903975160889809,0.0016964427715633781,0.0016434289349520224,0.0007534718947990182,0.9537833905408429,3.292939580123999e-06,0.46792559262014893,0.0501708627320126,0.4738520612954586,0.0,0.052536712081853364,0.0015525448565782123,0.9763822454711242,,0.12751930250766266,-0.04384518503894652,0.0,0.5448829483485635,8.0,8.0,1.0,0.06386824865143192,0.14718345027936147,3.5334927602548305e-05,0.9537833892933341,0.35918455485484857,0.04875827301114516,1.003138004593914,0.1162594984769621,0.0,5.3013836611355566e-05,2.008847660276714,19.9233551761851,0.08531539519919613,0.45346724510464825,1.2612440117877786
SYNTH-TRAN-0114,transit,1,1,True,6.904250960737997,4.264,0.128,0.005127749631541952,70.57529620125776,76.4028613100567,2935.4727381139796,6.904250960737997,0.005127749631541952,0.128,0.018539302920460188,0.0010308717927229492,-1.6523474015020723,10.303781454904243,0.0005983628889107973,0.9974250228159743,0.9984835325528445,0.0011965985371982235,0.9915750914172903,0.002574977184025662,1.4639274648969782,0.009373828271466067,0.0014462477904547647,0.0055099169442346385,0.878551596005578,5.064411901156696e-05,5.5810914448532545,0.018539302920460188,6.26587735007758,,0.009320263538486261,0.0025397071616273113,2.888154892520049,,-0.009588434395582077,-0.6964304320081314,0.0,0.6253611866751609,4.0,4.0,1.0,0.21988762693993436,0.3336021923486342,0.0007241159216846427,0.8785515958582276,2.0205969560373176,0.011042886049208056,1.172307365470431,0.11587558903597034,0.0,0.0,2.001529106951873,256.9326761212859,0.12177119763835098,,1.8327682628257083
SYNTH-TRAN-0115,transit,1,1,True,1.8747984560916902,0.5740000000000001,0.084,0.001977550247121651,185.86899681118032,26.02886210581639,338.75083126180164,1.8747984560916902,0.001977550247121651,0.084,0.0448048160734627,0.0009157602455872901,-0.2381429419178079,0.9941264790714586,0.000602827804713435,0.9978166284903289,0.9985136949530221,0.0012038556615995288,0.9945310804107027,0.0021833715096710726,1.8959363740876456,0.004078258473408652,0.0011022320198401765,0.0015877021168954064,0.9580225571829702,4.9606222439768644e-05,2.229800585964911,0.0448048160734627,1.7862302165640522,,0.0074400661339211905,0.0021231137248661405,2.3885903080946695,,0.5350021873368478,-1.0123960496563926,0.0,,15.0,14.0,0.9333333333333333,0.18603714640989555,0.10427312667076152,6.956795988022346e-05,0.9580225566048975,0.1903022603280565,0.025809155998325693,1.0302679604626956,0.1344307534813192,0.0,0.0,2.0076757120433038,96.53321309531837,0.04266270964678016,4.202756028810325,0.9881595535201007
SYNTH-TRAN-0116,transit,1,1,True,7.597416705344732,5.5040000000000004,0.128,0.0006067271098289498,13.081035162471913,7.5991432822005045,28.87348931170646,7.597416705344732,0.0006067271098289498,0.128,0.016847831962402807,0.001210797498785711,-0.020086658215149943,0.018381897401376968,0.0008157946047137044,0.9971401951787257,0.9979887722811849,0.001630220411187544,0.9951699935816575,0.0028598048212743477,1.9996828199209775,0.001696712619300106,0.0012195121951219512,0.0005589053668805244,0.4976986764230304,0.0001899221880473645,0.4934649186032546,0.016847831962402807,0.46152996326534895,,0.012142099681866384,0.0010017368677403778,0.8272090539230653,,-0.5557857299143265,0.3894117754456907,0.0,0.46733316685718984,3.0,2.0,0.6666666666666666,,0.6281266365460891,0.0004510166809214011,0.49769867586873895,2.528784840390141,0.31444241118134647,0.9998460531079546,0.11096713562146474,0.0,0.0,2.0057170655189185,47.55744298998197,0.019703006004036887,,1.371242105844105
SYNTH-TRAN-0117,transit,1,1,True,3.6270567567799783,1.7160000000000002,0.128,0.004527675017790567,112.21725230297963,173.31799680771135,15019.564008718859,3.6270567567799783,0.004527675017790567,0.128,0.03529032176315752,0.0011438870505941594,-2.304609091929867,8.087427934498303,0.0005109968929785658,0.9948900891654486,0.998389653001466,0.001019096069336145,0.993247931293194,0.005109910834551368,0.7715704660358136,0.038494167550371154,0.000689289501590668,0.004634402235517365,0.9833767838685489,7.909196446442834e-06,6.397608261353978,0.03529032176315752,6.3968961086296945,,0.03902439024390244,0.0008074406668096585,1.1145157016970622,,0.002700326797413244,2.052243912020365,0.0,0.5223751193157763,8.0,8.0,1.0,0.010270008081333487,0.12833370828294857,7.786589286473689e-05,0.9833767836586124,1.2939358855244634,0.009005869584672957,1.5789148741942984,0.35352310341988724,1.0,5.302226935312831e-05,1.9464375579621265,22.729560156289246,0.39123142947689094,5.30482278478052,2.753337249947498
SYNTH-TRAN-0118,transit,1,1,True,5.42057849400795,3.038,0.084,0.007489978364898239,66.75774336956175,69.87352790091565,2441.1549506599945,5.42057849400795,0.007489978364898239,0.084,0.015496500990227485,0.0018203320875925996,-0.8195888717692688,3.0630168614092996,0.0011036747780077683,0.9937415633033531,0.9971318725721094,0.0022073284519158465,0.9899535416961059,0.006258436696646941,1.5577530253863254,0.01295048033543867,0.0013799692160713338,0.007628365071126297,0.9706411671477498,0.0,4.391834237742457,0.015496500990227485,4.729151467253858,,0.012048192771084338,0.0016096333986285185,0.9978809453781111,,0.021113494684687834,-0.3346482750524191,0.0,0.498692397533012,5.0,4.0,0.8,0.011472571504713097,0.2550865978235054,0.00022833665209476273,0.9706411670229477,1.069774986443753,0.0,1.1285021210523674,0.10381388571336612,0.0,0.0,1.9531693592599961,43.70079453337811,0.12381434262985987,,3.9281878594060466
SYNTH-TRAN-0119,transit,1,1,True,11.156318020424608,8.308,0.216,0.004883106095018646,36.812162997168,56.533191287104934,1598.0008585521252,11.156318020424608,0.004883106095018646,0.216,0.019361226491083756,0.0015890181169943098,-0.4150719299534055,1.1585718785557466,0.000994091722210655,0.9953532825032261,0.997351541282468,0.001983532557001233,0.9926369480248853,0.004646717496773922,1.7012705559291097,0.01168162268358732,0.0014336536929857166,0.005134864611170298,0.9361018396785581,0.0,2.9946538292251756,0.019361226491083756,3.551483407126684,,0.015133011203738118,0.0013617519039669972,0.9418435845496854,,0.00505363496209451,1.4864013468605615,0.0,0.5092496959020485,2.0,2.0,1.0,,0.5215690709480619,0.0003349637030677366,0.9361018394999859,2.250125405492797,0.0,1.099030238081153,0.10356405253849091,0.0,0.0,1.9929423852853527,48.255365788309724,0.11396384609771468,,3.483366646890789
SYNTH-TRAN-0120,transit,1,1,True,4.535093042384694,2.758,0.084,0.008247848176345053,126.01364700568041,45.514536218922245,1035.7865036118358,4.535093042384694,0.008247848176345053,0.084,0.01852222197316379,0.0013734316222672157,-0.8009905593747545,4.198558324618592,0.0008519625968077538,0.9966123078060498,0.9978227947739223,0.0017056070224856779,0.9897894676297712,0.003387692193950187,1.6826942333587338,0.00722527768791114,0.0016175994823681655,0.008212079473364109,0.8805159789670501,0.0,5.840334820671497,0.01852222197316379,6.526770616341548,,0.0026420791545346705,0.0012546802704230262,0.9971908270568425,,-0.11874379108808154,-0.616125780735806,0.024637738326017962,0.5425509260489129,6.0,6.0,1.0,0.08192466236293224,0.19498856381851268,0.0010677895027195738,0.8805159788685216,3.9105975312974808,0.0,1.0915716518383622,0.7544286078457462,1.0,0.0,1.8603989138333248,38.36432736757493,0.04017060538035618,,2.450477123762232
SYNTH-TRAN-0121,transit,1,1,True,6.344105166514552,0.316,0.04,0.007540620379289262,76.92700237717678,84.05897324806949,3532.9554917598266,6.344105166514552,0.007540620379289262,0.04,0.006305065718507938,0.0012127957865067064,-1.9481499874321508,11.941651723868421,0.0006885539502260452,0.9971428843956576,0.9982756126869303,0.0013774051873537418,0.9904953075141334,0.0028571156043424306,1.3652842942774237,0.00928726848166428,0.0012206124290187338,0.00781162814748837,0.9839118661572509,0.00015133574710279873,6.6706606177640415,0.006305065718507938,7.70781137502789,,0.0066337632011887705,0.001073385977716596,1.0591206458668327,,0.055210080376359924,7.9140941378486716,0.0,0.5047955804347461,5.0,5.0,1.0,0.03337274595653923,0.20823055182302738,0.00012666204777200818,0.9839118660322781,0.6598419173503983,0.021469421719995663,1.1966776941152657,0.18840013936624028,0.0,0.0,1.8538321782391403,220.37665914082368,0.1096273218460831,,1.439411126276648
SYNTH-TRAN-0122,transit,1,1,True,8.568689639221718,5.394,0.084,0.003012141804919353,80.95814631036052,29.729838042794942,441.93163502539994,8.568689639221718,0.003012141804919353,0.084,0.009803132513459736,0.0006946230204942557,-0.24629481857980498,1.0134039577739173,0.0004549772485293868,0.9983325343694467,0.9988595866462032,0.0009086054233063967,0.9959704151268302,0.0016674656305533109,1.895776139741199,0.003992972368631209,0.001171271894798488,0.003368112171320714,1.0,0.0,4.305726085340069,0.009803132513459736,5.013620843513785,,0.0023957834211787254,0.0006691784561313051,0.9961090620015518,,0.08238097168317816,-0.5963166334384828,0.0,0.5586704777418444,3.0,2.0,0.6666666666666666,,0.5413921200322055,,,,0.0,1.0339847002687281,0.11351491683027443,0.0,0.0,1.9910169253873637,165.81012033320587,0.026003987678499863,,1.0871319906662493
SYNTH-TRAN-0123,transit,1,1,True,10.922568326093696,7.584,0.216,0.0013302392327342435,21.553574212668746,17.947513695403195,161.0566239233616,10.922568326093696,0.0013302392327342435,0.216,0.019775568671333676,0.001309131459655153,-0.02967985915239002,-0.070346155998255,0.0008869196771227328,0.9969479707828809,0.9978283330285975,0.001774327102716744,0.9946479803541977,0.003052029217119112,1.9426449296518025,0.001537564286092996,0.0006362334976936536,0.0013655387594688762,0.9472635489255026,8.311989140863396e-06,1.0504519952956775,0.019775568671333676,1.0480843065756182,,0.016542070940034993,0.0012855346062890284,0.9866791675217227,,-0.046423237084370225,0.24670572763948195,0.0,0.510579175770541,2.0,2.0,1.0,,0.5047721266192492,7.461431303168453e-05,0.9472635482559887,0.5214845377395874,0.016245202351082403,1.0047903280626511,0.10390133738112153,0.0,0.0,1.9775487578618984,52.948330872033026,0.044737429132867546,,1.2414516926916455
SYNTH-TRAN-0124,transit,1,1,True,5.383261619596579,1.782,0.084,0.0038987286571429323,69.14541588282053,76.49985908674581,2926.114220146009,5.383261619596579,0.0038987286571429323,0.084,0.01560392303695895,0.00102296481631621,-1.0648590679497016,4.385032520791856,0.0006049564719541323,0.9962361505636903,0.9984115723932371,0.0012066551706166884,0.9928914326659598,0.0037638494363096964,1.4860181422999403,0.014048666702009225,0.0013253459152838892,0.0041838611354581,0.990638633326582,0.0,4.459997481842615,0.01560392303695895,4.755211253580353,,0.016169220166463445,0.0012116862535114818,1.3771547195185625,,0.03484498278196614,1.5018707120423054,0.0,0.5663263651551824,5.0,5.0,1.0,0.015477316228532167,0.20564944120440792,3.941456012812594e-05,0.9906386330912949,0.2775432738371385,0.0028530477067995243,1.1626613907755774,0.16771889238853888,0.0,0.00010602767322271113,1.9865383141454913,139.8803082206394,0.154395732797314,,2.864635737082176
SYNTH-TRAN-0125,transit,1,1,True,2.5870683732906796,1.118,0.084,0.008022668446355822,190.21775613239865,59.452531853843126,1767.3017719161173,2.5870683732906796,0.008022668446355822,0.084,0.03246918437379926,0.0017525906348022217,-0.7624609962575336,3.203654477735416,0.0010800677168440465,0.995394114139874,0.9972338327477371,0.002159782071344818,0.9898188080022189,0.004605885860126002,1.6407697663876946,0.009083986074847695,0.0008703220191470844,0.008580482160513214,0.9928895037024202,2.7246075388287494e-05,4.555438281649423,0.03246918437379926,5.406591034492156,,0.00745213228894691,0.0013568824399519683,0.8549762469601554,,0.008359082461873146,0.4147060642923295,0.0017159037024881358,0.5252681398493433,11.0,10.0,0.9090909090909091,0.050481106888370264,0.10867262443999025,6.110935434244791e-05,0.9928895035868907,0.24377407201947066,0.005260819487613247,1.1043133283188202,0.5313474834201783,1.0,0.0,1.9520897676706226,29.87633881579117,0.08589719258171653,3.5517244710191127,1.2364041281091331
SYNTH-TRAN-0126,transit,1,1,True,4.5659875910303445,2.132,0.04,0.005281819695973385,80.82319220079367,18.666858783399316,174.22580841967684,4.5659875910303445,0.005281819695973385,0.04,0.008760426786655753,0.0015924009299634028,-0.1494790063444712,0.6599413168143862,0.0010672625333145724,0.9962942851524005,0.9974050719432307,0.0021344658646466064,0.989246424379902,0.003705714847599517,1.924991208305271,0.002457396228431006,0.0011752764570756985,0.005750554153825194,0.7391646520956423,0.000290830603634884,3.403680156834704,0.008760426786655753,3.640029597303,,0.0016560713713339387,0.003948956017578086,2.4996402777757356,,0.299504914819034,-1.182361606520767,0.0,,6.0,3.0,0.5,0.05482369975392223,0.3866245502485025,0.0016566234586962159,0.7391646519792608,1.1085439446172483,0.05506257697541951,1.0079700774548705,0.11573875420992494,0.0,0.0,1.9743916055348874,488.0029624958668,0.013858940907948916,,0.9213493066042953
SYNTH-TRAN-0127,transit,1,1,True,1.9367100620370052,0.23800000000000002,0.084,0.0052613900974657814,172.58487564089384,151.2454077741771,11437.586686388582,1.9367100620370052,0.0052613900974657814,0.084,0.04337252211704314,0.0015307842376758574,-1.648954280151434,4.355193451065922,0.0007440467933317318,0.9939961260484244,0.9969190859174885,0.0014896290796722056,0.9916033527946194,0.0060038739515756445,0.8724971201478684,0.04838709677419355,0.000583616298811545,0.005308418147434324,0.9982225551951914,0.0,4.3313449798869685,0.04337252211704314,5.108290688378676,,0.04419567062818336,0.0009912333146134204,0.9538638009324438,,0.0003881600195594253,-0.10202273071246637,0.0,0.5011108447140923,15.0,14.0,0.9333333333333333,0.03011856459894523,0.0771950238541341,9.448094605790658e-06,0.9982225550073984,0.13514262283815334,0.0011204763751433554,1.4730736445499988,0.7593681196720554,1.0,0.0,1.7289596727598218,9.659005183775175,0.3602132533851601,2.171613173441257,4.780650099134462
SYNTH-TRAN-0128,transit,1,1,True,9.298953539991412,2.042,0.17200000000000001,0.0056582850191446024,42.42101218193242,70.69206854301036,2498.6842774448514,9.298953539991412,0.0056582850191446024,0.17200000000000001,0.01849670495290579,0.0016848632826204188,-0.6382790649132867,1.9221504374543246,0.001035489977537607,0.994478925157198,0.9972940247287422,0.0020700073014041642,0.9911087697244786,0.005521074842801954,1.5779052263079745,0.01523516296846799,0.0010616838305552607,0.005657333788155694,0.9527094534972076,0.0,4.022137000466581,0.01849670495290579,3.7727867168022686,,0.018632551226244826,0.0014158910908072862,0.9442354472738055,,0.03888227145394615,0.7045934570800503,0.0,0.4983057906101464,3.0,3.0,1.0,0.016425983530742174,0.35354620188851477,0.0002754298089051588,0.9527094533336299,1.652395260420828,0.0,1.1236087617114883,0.11697319971291154,0.0,0.0,1.9978439070409606,41.1104445527577,0.15305333329746892,,3.181437957973595
SYNTH-TRAN-0129,transit,1,1,True,6.041829326324068,3.692,0.216,0.0037853954374201648,142.10343545805117,31.179379241098665,486.0768449301345,6.041829326324068,0.0037853954374201648,0.216,0.035750761620970406,0.0009624988795848443,-0.2583414604259175,1.0416895749942459,0.0006234776143472232,0.9976513814948454,0.9984185296638284,0.00124613975930854,0.9942428011601941,0.002348618505154554,1.8822396204771923,0.004428649535265172,0.0015855658829961729,0.0037471632422879653,0.9724239995331175,4.281961335739215e-05,4.269391712494837,0.035750761620970406,4.0737147238139935,,0.0032258064516129032,0.0016217983824180608,1.7631321408565552,,0.007460307687067387,-0.4111187673395884,0.0,,4.0,4.0,1.0,0.02967685700840164,0.27142425870213754,0.00010619334844330641,0.9724239992806012,0.24865990529362736,0.011735978253501814,1.0463771135375404,0.5300024173954034,1.0,0.0,1.9901791420208998,54.35515652366057,0.031865076209305544,1.8349152693953892,1.0496510905599181
SYNTH-TRAN-0130,transit,1,1,True,3.8566270034480774,1.6860000000000002,0.17200000000000001,0.0006177148297639307,42.43029129975471,17.789901590919662,158.45356116621412,3.8566270034480774,0.0006177148297639307,0.17200000000000001,0.044598557196799365,0.0009465712683282822,0.008277867181791186,0.026099716439627496,0.0006373053057777689,0.997817179639921,0.9984578016287031,0.0012746920757508162,0.9959511729274336,0.0021828203600789964,1.9524340921778602,0.0014847022641709528,0.0019089029110769395,0.0006278951285247913,0.8294492542033163,8.770870353003168e-06,0.6658655405251425,0.044598557196799365,0.6702288741974612,,0.03934461000053025,0.0009636206218857471,1.0285895450046347,,0.03460965994205511,0.019699785078842957,0.0,0.5763667743138742,7.0,6.0,0.8571428571428571,0.0454678669380245,0.2270024090465675,0.00011634114143921348,0.8294492529873819,1.653427314584987,0.04580746870811077,1.0103906953536408,0.11770182988588783,0.0,0.0,1.9877792836084818,22.23420451842806,0.07771603051875559,0.6637282861263077,1.5598103221067305
SYNTH-TRAN-0131,transit,1,1,True,4.175853336938517,0.8220000000000001,0.084,0.007635418500567691,122.14721289703053,29.27577005614125,428.5353561900057,4.175853336938517,0.007635418500567691,0.084,0.02011564899968056,0.001473947309540319,-0.34121971760209513,1.7960005646977937,0.000964348133173476,0.9964703844184071,0.9976287188536714,0.001929324540061561,0.9897367326267061,0.0035296155815929264,1.8324086560431148,0.003941046266803434,0.0015656211196890353,0.008088488017896966,0.9863727307935841,0.0,4.841878529565128,0.02011564899968056,5.664039228836993,,0.0016196080548507262,0.0018047193730337328,1.2637715854047737,,0.07907440239622288,0.6763413743001934,0.00023583229784438536,0.5510452707136105,7.0,2.0,0.2857142857142857,,0.5500983476124873,0.00011149459996240285,0.9863727306730261,0.18493650554832447,0.0,1.0321453606660278,0.26937672761982245,1.0,0.0,1.9239489455199257,95.42420152166854,0.021165758246319187,0.3066643918348111,1.0776320884001618
SYNTH-TRAN-0132,transit,1,1,True,6.804123854279469,2.31,0.084,0.007540987223351771,52.400440285972344,68.29554778270314,2332.140923469707,6.804123854279469,0.007540987223351771,0.084,0.01234545428610445,0.0018912543933755793,-0.8199214685370761,2.9404095455303834,0.0011489202889423122,0.9932972312112196,0.9970108507922628,0.0022968095901019225,0.9891624779026698,0.0067027687887804,1.5661723439048214,0.014274343327142478,0.0010082249933669408,0.007673895248802687,0.9708320717821312,3.8838775536564896e-05,3.8564808681649505,0.01234545428610445,4.5678776871298465,,0.012151764393738392,0.0014531397118585194,0.8649798115391889,,-0.012704150006160621,-0.13387078320123935,0.0,0.49891531672267975,4.0,4.0,1.0,0.03974789454033166,0.2590389137578066,0.000227403217600175,0.9708320716576071,1.0805150154309073,0.007670802863414855,1.125767092733576,0.7148551817552388,1.0,0.0,1.9350701692903858,48.91606032113205,0.12166905473662268,,2.3089313742697177
SYNTH-TRAN-0133,transit,1,1,True,9.171707232802136,6.968,0.04,0.006661501726552246,52.689834736476,36.42829747091384,663.5104283147754,9.171707232802136,0.006661501726552246,0.04,0.004361238206224254,0.001761890495081399,-0.29418596842044753,1.101102172652963,0.0011436790275266562,0.995636997668916,0.997135649910064,0.0022876522476642513,0.9892489239421356,0.004363002331083998,1.8448272711811673,0.006364359586316627,0.0011137629276054097,0.006785964064035976,0.9500906271649313,0.0,3.484604210657325,0.004361238206224254,4.024894960000954,,0.004561124370193583,0.001735626234006305,1.0294356433038103,,-0.040744078240877,-0.18462079989836777,0.033448484894014044,0.5141608218328826,3.0,3.0,1.0,0.002393910485252773,0.33696807900650233,0.0003478042107090129,0.9500906270285947,0.8191951064042065,0.0,1.045013517137469,0.2794214823301469,1.0,0.0,1.9734720383102737,218.84368504794324,0.04316397073906774,,1.2149017745410102
SYNTH-TRAN-0134,transit,1,1,True,5.522667123555669,2.062,0.084,0.004912194222523736,66.76606566842835,60.235932700893784,1814.1837941732797,5.522667123555669,0.004912194222523736,0.084,0.015210042198943566,0.0014685926292324685,-0.6797836364629233,2.6011524526361667,0.0009137554692526528,0.9956122195430143,0.9976896299445202,0.0018285132500446277,0.9911130226811866,0.004387780456985735,1.640401082466332,0.011081654294803818,0.0011134676564156945,0.005402411800694784,0.9815212513956851,0.0,3.604512126879312,0.015210042198943566,4.044397688229871,,0.013997879109225874,0.0019756303885142493,1.4790125726950543,,0.06835234781607781,0.33895043181655726,0.0,0.5837550064575859,5.0,4.0,0.8,0.03430803514226622,0.26157414377316307,0.0001010708936547422,0.9815212512162339,0.4251728957501017,0.0,1.0994298201879684,0.15880306918772732,0.0,0.0,1.9984905841007705,170.99852384190172,0.11760762691854498,,2.5318420239477852
SYNTH-TRAN-0135,transit,1,1,True,6.30997636919866,3.084,0.216,0.003393628868872774,129.53004064855324,32.94750119863261,542.7689176169667,6.30997636919866,0.003393628868872774,0.216,0.03423150696005397,0.0011461928212807065,-0.40132276961559676,2.017687889200926,0.000748915653273341,0.9972801191249191,0.9981444029116232,0.001496332592817895,0.9918866482402728,0.0027198808750809045,1.8149142728055208,0.004195270785659802,0.0010351966873706005,0.003235013083695115,0.9195884325112752,0.0,3.09156535694368,0.03423150696005397,2.928141980972003,,0.006211180124223602,0.0031933604982967365,2.8904405310039234,,0.34358300781820766,-1.061502323979141,0.0,,4.0,4.0,1.0,0.26183590336902784,0.3527789376698188,0.00027607649211236485,0.9195884322434308,0.4600019881728885,0.0,1.037465763336951,0.09929657222417447,0.0,0.0,1.9773764579745787,152.51990159506164,0.04728196263143985,0.5562559128292542,1.061634616985583
SYNTH-TRAN-0136,transit,1,1,True,10.2991732492125,6.8999999999999995,0.04,0.00846991365255654,37.557019267819015,10.584147002145778,56.01208388150833,10.2991732492125,0.00846991365255654,0.04,0.0038838068874177353,0.0016132441937771634,-0.05323483830747442,0.21998070748914644,0.0010810772223892595,0.9961913011548893,0.9973572646926022,0.0021621776492043443,0.9897300127624284,0.003808698845110703,1.997128961318353,0.0018086068407894037,0.0009574977392414491,0.008689079926682997,1.0,0.0,4.539954286433509,0.0038838068874177353,5.422100748159137,,0.00021277727538698867,,,,,,0.010391017907551536,,2.0,0.0,0.0,,,,,,0.0,1.0066857047984044,0.10186512257017005,0.0,0.0,2.0086244944682172,,0.002813606258365646,,0.8814853459690088
SYNTH-TRAN-0137,transit,1,1,True,2.591355032576645,0.524,0.128,0.007353934773507168,99.73452064374635,174.62736827022144,15247.358874491816,2.591355032576645,0.007353934773507168,0.128,0.0493950070101844,0.0017889232132102687,-2.3301647068196862,8.078139838577819,0.0007796823348257265,0.9919661769439566,0.9973853814541911,0.001563462206535693,0.9900493875687594,0.008033823056043388,0.7254177928460958,0.04047516663083208,0.0006450225757901526,0.00757337954409143,0.9784845730209398,0.0,5.9244679303127,0.0493950070101844,6.851046883555505,,0.03569124919372178,0.0010791827781213886,0.9762526446470743,,0.015127460782383778,0.5934856592526221,0.0,0.5241533905757294,11.0,10.0,0.9090909090909091,0.08434758692800697,0.10736959694647433,0.00016544585787103827,0.9784845728936926,1.7837675771390087,0.0006228295166608349,1.6182995627554608,0.6892120940088672,1.0,0.0,1.7670802329932755,10.330536740767062,0.3753192297437126,2.5194534748679733,6.352863833842749
SYNTH-TRAN-0138,transit,1,1,True,8.744359801894168,1.106,0.084,0.0031194708742937585,50.033055388686435,43.225959538799685,934.2417890249689,8.744359801894168,0.0031194708742937585,0.084,0.009606192094452045,0.0011832638986428896,-0.2297248167864207,0.6033638959294803,0.000768866519538447,0.9969482967993112,0.99804525817154,0.0015392506295338615,0.9928841601586457,0.0030517032006888156,1.832870918144512,0.0067331141978581276,0.0011133495917718163,0.003117482437762109,0.9445741938679594,0.0,2.3752327968809857,0.009606192094452045,2.769780580603821,,0.012830028628989503,0.001065121693518248,0.9463255821272474,,0.019362482038406233,0.7153703786049528,0.0,0.5147794603312815,4.0,4.0,1.0,0.06008862866403243,0.27637944706673606,0.00017993450538267286,0.9445741935769991,1.3083950981373538,0.003525713028272576,1.0512910444952877,0.19283539037780026,0.0,5.301664722722935e-05,2.0109052678203074,104.50553245032219,0.08332442606875351,,1.589837207516341
SYNTH-TRAN-0139,transit,1,1,True,7.864864724486356,4.279999999999999,0.216,0.006539076783319456,91.22474262958796,29.116908339800855,423.89717563414473,7.864864724486356,0.006539076783319456,0.216,0.027463918015971554,0.0015801086393611515,-0.22072284661403163,0.9783418806712461,0.001043544046629874,0.9962611653775393,0.9974281438012939,0.002085155837942998,0.9907292717062319,0.0037388346224607183,1.870382405584278,0.0037426773703623344,0.0012475591234541116,0.0067521451833525425,0.8770563309636217,4.118399319252841e-05,4.008071298864673,0.027463918015971554,4.3790327164694265,,0.002603601648947711,0.002289749296226265,1.4849928146404514,,0.35645908655048086,-0.9600919447297351,0.0,,3.0,3.0,1.0,0.06485552949635066,0.38056550488547214,0.000909359040289548,0.8770563308450452,1.4718601774107245,0.006298135738562759,1.0247628330620273,0.23301667923331632,1.0,0.0,1.962463948470546,47.19668627581625,0.027096346292804968,0.5673540520326377,1.0552571757191198
SYNTH-TRAN-0140,transit,1,1,True,1.0927497779158992,0.54,0.04,0.00315511792945966,235.09552127854454,72.92318173914464,2658.8952174801752,1.0927497779158992,0.00315511792945966,0.04,0.03660490334419313,0.001305583328906779,-0.594189306923845,1.4764016895159155,0.0008003045006671483,0.9958830178194806,0.9978004170665263,0.0015996750796937187,0.9928391096357269,0.0041169821805193685,1.5402076379748377,0.015958010815396034,0.0009542996500901282,0.0032674271984466374,0.942281950098248,7.667355072782378e-05,2.817458395479807,0.03660490334419313,2.8588698941229556,,0.03663450323401548,0.001492442637202738,1.305828428628127,,0.12273924639218362,0.06462373356095297,0.0,0.5959364098022584,25.0,24.0,0.96,0.0789550762851482,0.050756546749822724,0.00019089181831621893,0.9422819498133396,1.7108435284406234,0.0285765845304496,1.142333905727074,0.136912272927135,0.0,0.0,1.989041095193925,38.71737747614414,0.2107541702589861,2.5007691976574105,1.5637048449680933
SYNTH-TRAN-0141,transit,1,1,True,4.070782068733244,1.084,0.128,0.009434492054965415,112.14794243993948,82.32193753679564,3388.4506999059818,4.070782068733244,0.009434492054965415,0.128,0.031443589423059276,0.0019488193860705296,-1.296467898711904,5.839346410858711,0.0011217090638279137,0.9920592658756012,0.9970916496410246,0.0022447513702026356,0.9883995284203594,0.007940734124398774,1.4300913836919737,0.01317708052060269,0.0014581195658043959,0.009985716994652005,0.9687080164536156,1.561242958958431e-05,5.499621409333683,0.031443589423059276,6.077778921831902,,0.011340929956256412,0.0012666980985155095,0.7709722804687204,,-0.004302069860515893,5.6522035791333884,0.0,0.5136352374187388,7.0,6.0,0.8571428571428571,0.028475844776662027,0.1804315542090169,0.00031715689601807817,0.9687080163580389,1.805563071206439,0.0038018695308629728,1.18614350811868,0.2817106228920912,1.0,5.400442836312577e-05,1.9605934275317847,29.134680049614484,0.14065599872612403,4.4646428940955385,1.5026084402945865
SYNTH-TRAN-0142,transit,1,1,True,4.374416379386873,1.796,0.128,0.0040703617869523555,73.3715518100155,71.1237767918938,2529.295812571531,4.374416379386873,0.0040703617869523555,0.128,0.029261046251372335,0.0015311357818235307,-0.6175906853447387,1.5904265977598646,0.0009408219489011604,0.9951237782601321,0.9974134505342453,0.0018818652664286395,0.9918487688815842,0.004876221739867903,1.5294047279852232,0.016914103923647932,0.0009544008483563097,0.004319437584180963,0.9910547759650896,0.0,3.010537525383424,0.029261046251372335,3.2021976355209327,,0.029321314952279957,0.0016107685443898761,1.1941367651906465,,0.021707519529025544,0.5084919996484087,0.0,0.5656093350790864,6.0,6.0,1.0,0.028122242520586625,0.1718575933851982,3.890056657684937e-05,0.9910547757371955,0.2828000210640181,0.0,1.1351013377697632,0.2292711986832408,1.0,5.302226935312831e-05,1.9614619581317658,46.593869421411135,0.18711716558671293,2.3675951949811473,2.295692706878816
SYNTH-TRAN-0143,transit,1,1,True,7.2791625972228555,1.9040000000000001,0.04,0.004602948267786882,53.410909223702745,27.63964652639843,381.9750300521351,7.2791625972228555,0.004602948267786882,0.04,0.00549513758838974,0.001832382600941306,-0.17652360193758995,0.4082980209889939,0.001208970076570226,0.9954629294505721,0.9969582400136064,0.0024164016162581126,0.9899812038996008,0.0045370705494278685,1.9038305770808834,0.004241331778178348,0.0011663662389990457,0.0045507069712507064,0.8206116451327398,0.00010833033029389316,2.651324846912124,0.00549513758838974,2.5596782374560654,,0.006149931078358604,0.002074156627772743,1.1666700613170857,,-0.058840969793921734,0.08622945428666862,0.021239354759704163,0.5064199703206215,4.0,4.0,1.0,0.16206376410598602,0.2961881260019804,0.000877765947720599,0.8206116449650319,2.2347950750238152,0.025561750284127185,1.0306771883915717,0.09182957676262793,0.0,0.0,1.9840750978428476,250.90303712842953,0.03848812485854962,,1.206359090079741
SYNTH-TRAN-0144,transit,1,1,True,9.486982641230044,1.8880000000000001,0.128,0.004719018332248398,41.17888174825501,53.7374757815205,1443.8581516847246,9.486982641230044,0.004719018332248398,0.128,0.013492171835934132,0.0015858720253998872,-0.40823908726912456,1.0515714878364966,0.0010121257809678763,0.9955399054867285,0.9973685999207659,0.002026402727875798,0.991888961050164,0.004460094513271451,1.7443683342349807,0.009702560839828216,0.0008483113302582047,0.00490479901305918,0.9995093330151843,0.0,3.1695367540598607,0.013492171835934132,3.322152774549075,,0.01468638990509517,0.0016256992401621564,1.1011299804349122,,-0.15182055971111194,-0.05585586682118704,0.0,0.5487122505582713,3.0,3.0,1.0,0.007821005824543292,0.33582087718003595,2.4077444199521736e-06,0.9995093328114972,0.01161762657195787,0.0,1.0741539327573724,0.23318704378700822,1.0,0.0,2.009720715433868,72.54685144554165,0.10623283177864905,,2.2625178389928804
SYNTH-TRAN-0145,transit,1,1,True,4.386686274093828,1.4100000000000001,0.17200000000000001,0.0020912733768762774,61.39947986332236,38.387424365917155,736.797174724498,4.386686274093828,0.0020912733768762774,0.17200000000000001,0.03920955118577077,0.0015605481037564975,-0.07168242662563083,0.17392565397251625,0.0010427372373151833,0.9961980213777214,0.9974235958265995,0.0020845650791947445,0.9933802903427733,0.003801978622278601,1.8237884062293324,0.0030752916224814422,0.0014846235418875928,0.0020652818740850565,0.8986825041232049,0.0,1.3453319695593946,0.03920955118577077,1.3754969409972322,,0.039395546129374334,0.0015504449633541248,1.0326107690374926,,-0.0978557694638533,-0.021769240070035334,0.0,0.491823969191136,6.0,6.0,1.0,0.04960230109298822,0.20615132584367923,0.00021924405936957214,0.898682503707904,1.9224660643784455,0.01492876377302239,1.0393395545327344,0.21752905233290182,1.0,0.0,1.9567376210621488,23.937606711137494,0.128863418415588,1.2417743188597383,3.028678883413232
SYNTH-TRAN-0146,transit,1,1,True,3.7728916945557485,0.29600000000000004,0.128,0.00370258610087773,99.19680192649862,123.72892716154134,7654.423708273021,3.7728916945557485,0.00370258610087773,0.128,0.033926232280853154,0.0011012123889391702,-1.4591998525144783,4.500332692408262,0.00057705507878969,0.9955921023080414,0.9982452533774674,0.0011530430240959122,0.993745503981593,0.0044078976919585955,1.0732449246574212,0.03372037537776364,0.0012724669953873072,0.00384099107860969,0.9871662349213042,8.688614966612107e-06,4.358653587266424,0.033926232280853154,4.677294293517459,,0.03902232119187742,0.0010305366135083625,1.2549164845673617,,-0.0034255648672367033,0.25662978801725433,0.0,0.5454699929251716,8.0,8.0,1.0,0.03701810629573668,0.1295141487649554,4.9601260644349665e-05,0.9871662346658862,0.6442251728975475,0.013488261324973867,1.340980574367876,0.4575148835761285,1.0,5.3019458141137794e-05,1.920624064358099,29.345410844538886,0.31527296104842595,3.7816195384333127,2.884960431012501
SYNTH-TRAN-0147,transit,1,1,True,1.0779372525887183,0.224,0.04,0.004834714486548801,225.75511816798138,72.29329123467424,2613.1599787707146,1.0779372525887183,0.004834714486548801,0.04,0.03710791134079286,0.0020015294611320233,-0.5451308041224379,1.2184131280743058,0.0012460457552460058,0.9939453452445748,0.9965256592043824,0.002497006673408908,0.9890007926685728,0.006054654755425215,1.5643711307924546,0.014052391557959487,0.0010605578534309047,0.004900322328725504,0.9997678705363983,7.95689564330182e-05,2.6133106214398376,0.03710791134079286,2.751686206634429,,0.036642273836037756,0.0019103261042439075,1.0727086176367522,,-0.01179512478665147,0.05616027326654871,0.0,0.526761057373386,26.0,24.0,0.9230769230769231,0.06319190794824782,0.053919091737899265,1.1377733043493876e-06,0.9997678703324248,0.007887482968525338,0.019652713366022083,1.1239221914207969,0.1887512153465806,0.0,0.0,1.9903136321895971,27.38935403187937,0.20561625876513018,2.32762101738016,1.5691270443383536
SYNTH-TRAN-0148,transit,1,1,True,8.29596965742039,3.9499999999999997,0.17200000000000001,0.008256845002544535,59.18332068340707,66.57261700554636,2215.9566674835974,8.29596965742039,0.008256845002544535,0.17200000000000001,0.020732959147958478,0.0017156566847506387,-0.9074956824590216,3.864399612926169,0.0010546199705186998,0.9952887930505653,0.9973376499292192,0.0021081321255325136,0.9899594449792235,0.004711206949434721,1.5802256850256997,0.010084754854629332,0.000858277008904624,0.008615287387090276,0.9663682036225881,0.0,4.972095212518124,0.020732959147958478,5.557027734454882,,0.008099989271537388,0.0008749676660031308,0.5643711426291513,,0.006982188058904667,1.6264362126462455,0.0,0.5165053903936806,3.0,3.0,1.0,0.004263038785110155,0.35647864935325657,0.00029393925804765964,0.9663682035120187,2.0231278321779653,0.0,1.1066318918447837,0.2633214240523702,1.0,0.0,1.9460485202483373,26.094920926911797,0.09864950575012311,0.7365699061430214,1.1868561766688286
SYNTH-TRAN-0149,transit,1,1,True,2.181663897651726,0.932,0.04,0.005103585833180034,147.61190432468902,30.256154867351682,457.717453678592,2.181663897651726,0.005103585833180034,0.04,0.018334629840579354,0.001292699410711172,-0.5514233003653355,2.7340901163651203,0.0008203596192505325,0.996895899837844,0.9979203758713452,0.0016403538225986392,0.9903459367260541,0.0031041001621560094,1.8064407315129167,0.005927321072457346,0.0013848881010414358,0.005675229265619475,0.8866071465394757,3.4763782131852494e-06,4.138743634344655,0.018334629840579354,4.681243561603249,,0.0029913582982495014,0.0025581538981918413,2.1101070820252845,,,-0.9645737090604776,0.0,,13.0,0.0,0.0,,,0.00068213093105296,0.886607146392092,0.9871040205926346,0.0006976923090130182,1.0662901021707794,0.24785688159407984,1.0,0.0,1.9226140594505723,206.80321103678185,0.029959040472704992,,10.876048974223991
SYNTH-TRAN-0150,transit,1,1,True,1.6378756010352682,0.208,0.04,0.008530229359162075,216.625142222747,55.753942255215264,1554.25103849894,1.6378756010352682,0.008530229359162075,0.04,0.024421879155362473,0.0017795516028866914,-0.8731196805503972,4.683384815862942,0.00110741472033693,0.995640122920046,0.9972030423893475,0.00221296820346617,0.9871219632793132,0.004359877079954,1.7014019425683002,0.0071301247771836,0.0011883541295306002,0.009012538155097949,0.9844803228165127,0.0,5.086790798401715,0.024421879155362473,5.518904711114385,,0.006157835034840383,0.0036908300293594406,2.2601112901177935,,0.2723397260117542,-0.7316443912580244,0.010494572906839725,0.5953978166799673,17.0,12.0,0.7058823529411765,0.2356843031365213,0.1047422454868586,0.00014019944500609505,0.9844803227075335,0.19992047971273416,0.0,1.0897236223390812,0.12979998963200903,0.0,0.00010803219359369092,2.008292392315724,121.2117320367905,0.07495188825209348,0.804259415561892,1.161498366668975
SYNTH-TRAN-0151,transit,1,1,True,4.440660998646988,0.806,0.084,0.002978598450463126,68.42553623082263,44.493391341272826,989.8309365238188,4.440660998646988,0.002978598450463126,0.084,0.018916102811179177,0.001227853804838497,-0.2230217304857399,0.5157665463429053,0.0008017019490915156,0.9968127520517175,0.9979476720808508,0.0016029962291350675,0.9934743828923172,0.0031872479482825122,1.7920235644540712,0.006151235549899247,0.0009545020680878142,0.002979166284896917,0.9808857361663309,1.0802059545067522e-05,2.3922887441448646,0.018916102811179177,2.5503974237406584,,0.015961395694135114,0.0011944750155618372,1.0225632647144773,,-0.04246543561453491,0.04888945704414294,0.0,0.5036056501994045,6.0,5.0,0.8333333333333334,0.08486073654189605,0.22253668005276273,5.715286727536739e-05,0.9808857358382825,0.39537862571090665,0.0095946763778981,1.0511380974152715,0.10765150295668449,0.0,0.0,1.9760109155670522,48.14160197119065,0.0942229768244465,,4.273288974766534
SYNTH-TRAN-0152,transit,1,1,True,8.399938737174164,6.64,0.04,0.0018778993935747166,33.34507651196426,13.767755505348424,94.77554582752988,8.399938737174164,0.0018778993935747166,0.04,0.004761939491651157,0.0012801803055543036,-0.026114218458446588,-0.0265489626135067,0.0008676028048004714,0.9969631902370486,0.9979072799611716,0.0017342105674821306,0.9949401075152818,0.003036809762951398,1.986442111804135,0.001537727345034201,0.0009014263746752214,0.0018412989958077608,0.7973847056548737,0.00015877164993582937,1.5163691580802048,0.004761939491651157,1.4357198596837757,,0.0046131820351026035,0.001300255780881773,1.0138511189822532,,-0.04206698100511842,-0.3245706580274357,0.0,0.5396072538136947,3.0,3.0,1.0,0.03346811430821774,0.39993396610966725,0.0004097040499891902,0.7973847052605346,1.456675283300249,0.08600494289262277,0.9981976272430719,0.13022579322758598,0.0,0.0,2.006405098433682,181.36487380722318,0.01699474460616186,,0.8751796659133535
SYNTH-TRAN-0153,transit,1,1,True,11.455963746646164,3.18,0.216,0.0024002069575095827,87.13634447919983,26.97311081548552,363.77435353224183,11.455963746646164,0.0024002069575095827,0.216,0.01885480827077826,0.0010195081077354516,-0.25029178564766796,1.0288112851684428,0.0006736037597641076,0.9974949452512212,0.9983369578209165,0.001347130598179369,0.9930687585245332,0.0025050547487788233,1.8917454286861233,0.004482367554139439,0.0012421018523518929,0.002637673070924773,0.888461412969365,0.0,2.543518739686755,0.01885480827077826,2.655588098451336,,0.00664254468866447,0.0025801830265540244,2.5977075827447877,,0.44297810205216825,-0.9853115110336899,0.0,,3.0,3.0,1.0,0.1767832417895152,0.37807250334403303,0.00032886973892642946,0.8884614126680368,0.603121276968518,0.0,1.0264325882614747,0.1139856180514937,0.0,5.400442836312577e-05,2.010141017062489,210.98982509792899,0.040089338508001865,,0.7967040307414147
SYNTH-TRAN-0154,transit,1,1,True,5.838818102535073,4.01,0.084,0.002463617282936165,72.72880373424755,67.8000448199482,2298.423038793495,5.838818102535073,0.002463617282936165,0.084,0.014386473174002328,0.000699218239243118,-0.7387607253207799,2.6920296816900375,0.0004274282546896657,0.9976663375465866,0.9988791161787223,0.0008540948795291436,0.9958004468347219,0.0023336624534133765,1.583511917656426,0.012887144675434874,0.001113703860840051,0.0025801810196585118,0.9378369420651386,2.6352687710784473e-05,3.628519340677256,0.014386473174002328,4.149992577590474,,0.015644887568943572,0.0007587062245896874,1.2203117442649882,,-0.018009717864245847,0.9261228948285547,0.0,0.5639743833092051,5.0,5.0,1.0,0.04346184017706966,0.2154595035469926,0.00016882867090239895,0.9378369417198251,1.9961422658632784,0.01505198935136704,1.1246305902052052,0.15861562779473845,0.0,0.0001591005515485787,1.994005325515509,106.1013089956128,0.13600549618066313,,2.9239651520740413
SYNTH-TRAN-0155,transit,1,1,True,12.232540769893882,6.594,0.084,0.0021862293116088074,52.43734515198431,13.611170937840946,92.63198714955487,12.232540769893882,0.0021862293116088074,0.084,0.006866929902799638,0.0007636790536310615,-0.10449058893187516,0.42024161305346075,0.0005096916634542703,0.9981906832798263,0.9987341857773018,0.0010193287487767488,0.9946780339713256,0.0018093167201737037,1.9723518545550185,0.0024518948883321783,0.0010127391930067693,0.0025743262333807193,0.9467779924195479,7.673358046389467e-05,3.081911074834367,0.006866929902799638,3.408596419038752,,0.0011726453813762593,0.0027492141908220594,3.640160879571285,,-0.42135294329669565,-1.4055322520336997,0.022358042664221523,,2.0,2.0,1.0,,0.511837497001885,0.00014471271132676655,0.9467779920713446,0.1187153710112523,0.03509859648360912,1.0111669817710973,0.14710268196821455,0.0,5.330206278982997e-05,2.001714735720941,897.1337506541755,0.008586415577438685,,0.990958882200197
SYNTH-TRAN-0156,transit,1,1,True,8.266735265361115,5.16,0.216,0.006360383446000973,74.60671353514648,49.971012636804495,1248.5510519739012,8.266735265361115,0.006360383446000973,0.216,0.02612881543516617,0.0015935479799932368,-0.5500047906892878,2.1946705903523718,0.0010133507890519589,0.9960231534058596,0.9974453422143594,0.0020261034238869824,0.9910289065815097,0.003976846594140437,1.7042586287364578,0.007064490232807064,0.0010703773080010704,0.007328278345851924,1.0,0.0,4.187201559567343,0.02612881543516617,4.9189894834252295,,0.007278565694407279,0.0016026144030067198,1.0757292534934981,,-0.04598239415489621,0.7276749705307957,0.0,0.5668875991500958,3.0,2.0,0.6666666666666666,,0.5184056843465826,,,,0.0009290096068371329,1.0696435622368536,0.12019155899202702,0.0,0.0,1.9505546588647669,81.32477581903514,0.07228856036116585,0.6407811520796377,1.1903911907890428
SYNTH-TRAN-0157,transit,1,1,True,0.9903379741008779,0.44,0.04,0.0040164950460611585,406.63619257291293,44.91200793446785,1008.5442283528602,0.9903379741008779,0.0040164950460611585,0.04,0.040390251657587674,0.0008132293470013359,-0.697968275640824,4.082301948023972,0.0005141085260818024,0.9980634829000592,0.9987221081500441,0.0010299480972935093,0.9935302084366364,0.0019365170999408043,1.812037011685817,0.00555953101777949,0.0014311664006165024,0.0038444312578713724,0.7644222177915354,4.869867118584281e-05,4.890939070155569,0.040390251657587674,5.063292258052038,,0.0039632300324764684,0.001637472141109179,2.156625898272572,,-0.4071479006853826,-0.8692009282172664,0.009037873964190922,,28.0,2.0,0.07142857142857142,,0.5286545319094311,0.0010637506264594698,0.7644222176222467,3.1850225292225973,0.012209367856457659,1.0710603416986229,0.1890317141717742,0.0,5.504486156217317e-05,2.014205474591216,86.12365743091414,0.050159559537798326,5.922657215693379,1.2947216644286805
SYNTH-TRAN-0158,transit,1,1,True,0.9276775481575373,0.5680000000000001,0.04,0.008016921479328722,309.9715008832086,89.32041863291548,3989.0685923796177,0.9276775481575373,0.008016921479328722,0.04,0.04311843062219636,0.001775528530982346,-1.689712653781128,6.84798610397762,0.0009490326389936521,0.9920719114606021,0.9973378125373286,0.0018984207240112516,0.9895458855344617,0.00792808853939786,1.1790667171808602,0.021449051610057345,0.0010476400529333921,0.008447641083269009,0.9680026021835191,0.0,4.866691428582298,0.04311843062219636,6.106508072753962,,0.01290251433612704,0.0015846517033046696,1.1454900040555065,,0.15283657242097845,0.7818735653616069,0.034791963058353394,0.5383387609013986,29.0,23.0,0.7931034482758621,0.1255293970309964,0.051377306732558366,0.00027292952283652916,0.9680026020700334,1.2573154167899863,0.0,1.2834682725006363,0.6492567138681448,1.0,5.513895015438906e-05,1.619504920304962,21.575033320776175,0.1497485505670793,1.1930774832663604,12.408468283583709
SYNTH-TRAN-0159,transit,1,1,True,6.764881479578033,2.724,0.216,0.005886579898472967,155.8715155534396,84.42073145632989,3563.4299498109026,6.764881479578033,0.005886579898472967,0.216,0.031929605958665404,0.0009414164923057698,-1.9244599537646472,12.534301399002961,0.0005348771840332223,0.9976615591982816,0.998637564386553,0.0010686992848014665,0.9921188707690696,0.002338440801718411,1.3747055204546264,0.009636848696030926,0.0013066913486143627,0.0061788283387467224,0.994432106872832,0.0,7.304756260062456,0.031929605958665404,7.845023796555891,,0.0069145750530843365,0.0016168805749593475,2.0528918900695494,,-0.057788104281642626,-0.37291543862792675,0.0,0.5533627690984867,4.0,4.0,1.0,0.037184577719823905,0.263343827873304,3.45956808951442e-05,0.9944321067127863,0.11867173854797768,0.0,1.1952807845940188,0.5573276448247646,1.0,5.444547285893178e-05,1.9128075773012394,74.95223989918044,0.11457275600286596,3.636015491933482,1.1201433597404191
SYNTH-TRAN-0160,transit,1,1,True,6.804123854279469,3.2840000000000003,0.216,0.00482475373399417,126.17677266383163,43.80019285133206,959.2284469069588,6.804123854279469,0.00482475373399417,0.216,0.0317454538785543,0.0014425003115288056,-0.5316749255137074,2.0987880633327043,0.0009256768826713113,0.9964472587010565,0.9976351143667078,0.0018479046695896173,0.990566954358217,0.0035527412989434515,1.7808447973424417,0.006035232709873858,0.0007612005219660722,0.0048332573473581775,0.8650849149847711,7.702632747264015e-05,3.5499706692053463,0.0317454538785543,3.5570091247059037,,0.008318834275772074,0.0032786208477698408,2.412882955289508,,-0.0004261929749207794,-0.9548625904014463,0.0,0.6557486797161965,4.0,4.0,1.0,0.029084090370388435,0.29263715240333893,0.0007429648511614317,0.8650849148276802,1.4286064562552039,0.01758110497606975,1.0616001594253262,0.11659585572810346,0.0,0.0,2.005945689257557,100.1507189840532,0.06912649916509647,0.9864721319394382,1.056609848712287
SYNTH-TRAN-0161,transit,1,1,True,1.0381068324048668,0.612,0.04,0.007442569501444384,368.8555558829826,59.63305948742953,1778.0508919156412,1.0381068324048668,0.007442569501444384,0.04,0.038531679737948014,0.0016868982438705716,-0.9321170210125853,4.254449309462396,0.0010202739689790796,0.995315270188696,0.9973401651723154,0.002037789409250812,0.9885368234640248,0.004684729811303967,1.6098057887800203,0.010498687664041995,0.000984251968503937,0.007959436239309059,0.9938119591686624,0.0,4.524214166350405,0.038531679737948014,5.321032985083353,,0.008038057742782153,0.002703038433164556,1.8070320849840966,,-0.21572740242950295,-0.831794295938566,0.014877458997619771,0.5799872713451775,26.0,16.0,0.6153846153846154,0.12465717758423454,0.07331047492437556,4.943627425002539e-05,0.9938119590442649,0.1090226131082079,0.0,1.1277232367017094,0.3481150720277664,1.0,5.468066491688539e-05,1.9354689432350751,54.64801842937156,0.08903617700617032,5.025398066769568,1.2598885040908114
SYNTH-TRAN-0162,transit,1,1,True,7.5485232397345285,4.568,0.04,0.007280869545175333,87.13635496844421,30.991845084079788,480.24723085784115,7.5485232397345285,0.007280869545175333,0.04,0.00529904972530849,0.001561601042210563,-0.2620445586550788,1.1425828781736636,0.0010263720573310264,0.9962507767174555,0.9974653738828555,0.002054172809737076,0.990400169521594,0.003749223282544456,1.8639257585762794,0.004098796976471841,0.0011178537208559566,0.007829994912251781,0.8993057595125622,0.0,4.416876427342183,0.00529904972530849,5.153308387225426,,0.002235707441711913,0.0016466875711320193,1.0837668435999142,,0.008824165146452427,1.1405600601498778,0.03757831199115503,0.5448242257559103,4.0,4.0,1.0,0.1185274475344759,0.29358271271634223,0.0008095228290526668,0.8993057594007001,1.3371702460845678,0.0,1.0277671746288983,0.1299246626636806,0.0,0.0,1.961538056128293,256.50561371085615,0.026465410915138002,,0.9311378742911185
SYNTH-TRAN-0163,transit,1,1,True,5.927335489986084,0.36000000000000004,0.04,0.009504828979183946,96.83768659918998,35.11191872822932,616.4234183888932,5.927335489986084,0.009504828979183946,0.04,0.006748394800256854,0.001794474141016403,-0.41866715096017293,2.0727968025095453,0.0011617037303961464,0.9956454356689814,0.9971344735445486,0.002326248155923194,0.9880580712140062,0.004354564331018551,1.8375463333853372,0.004215356704551518,0.0009071020756629849,0.010205403527794865,0.7144103530147569,0.0001464586215449426,4.715929124785135,0.006748394800256854,5.9397590321032565,,0.002134357825089376,0.0015454302241731885,0.8994728241286424,,-0.14273685269895708,0.4375673666465367,0.021620407427979826,0.5374849070777877,5.0,3.0,0.6,0.031556479168179837,0.34053738693606955,0.0030362027767697475,0.7144103529475583,4.4426711829581675,0.01543783016370141,1.0444216103702666,0.2732659642165167,1.0,0.0,1.9584282393015107,187.80582824725508,0.028608416513287015,,1.2665107434242646
SYNTH-TRAN-0164,transit,1,1,True,2.274746029008364,0.364,0.128,0.005706712408500921,173.32818927401024,125.24557690374951,7857.28322982058,2.274746029008364,0.005706712408500921,0.128,0.05627001800099828,0.0014675484704386684,-1.583079055721956,5.073238178198789,0.0007599062169905135,0.9938287862564725,0.9978068761261796,0.0015174522006223823,0.9929419147059382,0.0061712137435274705,1.0642529809903707,0.03069817984243412,0.0011409942950285248,0.005904098764604182,0.9888319796876758,4.423374849293893e-06,4.936065477349057,0.05627001800099828,5.437957705322106,0.6666666666666665,0.030317848410757946,0.0007381288485977693,0.6798520180279999,,-0.015757589789103237,2.3351479640889945,0.0,0.5071188799900865,12.0,11.0,0.9166666666666666,0.028460609764838853,0.09774898408821886,6.646418524935971e-05,0.9888319795215216,1.0555719415248543,0.0064151216482022716,1.3516824211342016,0.22050991336144,1.0,0.0,1.9374782928659353,7.370229506342971,0.2905892717174093,2.8126642993464483,3.834736077565021
SYNTH-TRAN-0165,transit,1,1,True,10.413469159176778,1.4280000000000002,0.216,0.00410952861121855,97.59181468979035,24.833053938390748,308.34028395351567,10.413469159176778,0.00410952861121855,0.216,0.020742367091916906,0.0011352006651601265,-0.24102283094714824,1.112911164956615,0.000740512108150182,0.9972735768733959,0.9981543334148626,0.0014808026168393607,0.9921051775709809,0.002726423126604094,1.9004969811350902,0.004014103607268782,0.0011391375101708705,0.004128924588680638,0.7800745412377644,0.0,3.6211428550447358,0.020742367091916906,3.7719121700767984,,0.0023867643070246813,0.0027005137622356907,2.4670105996030225,,0.1722429709762093,-0.8660534301881051,0.0,,3.0,3.0,1.0,0.18250676461687185,0.4071232862912607,0.0010769132163644946,0.7800745410784587,1.3175029859649625,0.0,1.03704417758935,0.08611324060227979,0.0,5.4244643341470026e-05,1.9808677975988207,188.7499222879201,0.0220653191324123,0.14133781565499148,0.9167467127090343
SYNTH-TRAN-0166,transit,1,1,True,6.726089165247683,1.6920000000000002,0.128,0.009172985027276221,63.39270439909694,92.6113382492559,4288.429986159048,6.726089165247683,0.009172985027276221,0.128,0.019030375134089752,0.0021294162408734395,-1.2589780134322102,4.9207970986702145,0.0012182592272194093,0.9909894608706797,0.9968048813249518,0.00243746096542663,0.9878447546354222,0.00901053912932026,1.3550701789405128,0.01781725348367195,0.0010105307945963194,0.009460794721936505,0.9773757692915491,8.57769071219705e-05,4.8420466468725625,0.019030375134089752,5.348842887152516,,0.016647165195192,0.0017054927889694415,0.9642332638522635,,-0.03231538685850561,2.2973500266160025,0.0,0.5073844326987235,4.0,4.0,1.0,0.021126105465846777,0.25777488814661026,0.0002148984943237675,0.9773757691886522,1.1110564337927682,0.012707247012996092,1.2039065690087793,0.23513228336665756,1.0,0.0,1.9549842379518019,35.319867470693985,0.18097717432647953,,5.977406610499725
SYNTH-TRAN-0167,transit,1,1,True,10.2991732492125,8.138,0.17200000000000001,0.007938647066021032,53.04211668708948,60.05591334455409,1803.3563638244707,10.2991732492125,0.007938647066021032,0.17200000000000001,0.016700369615896264,0.0018989489457298422,-0.6626972608291237,2.4407243306405633,0.0011778245384052033,0.9945805327017425,0.9970000173099061,0.002355409736747749,0.9897094585097833,0.005419467298257485,1.6596419888778835,0.010433301394655595,0.0007984669434685404,0.00831052717763503,0.9634217294720208,0.00019337228244931115,4.287029560116445,0.016700369615896264,4.816778946490394,,0.009262216544235069,0.0013179079943917336,0.7638590603350853,,0.00037063414023265573,2.1122268186496944,0.0,0.5035097967218098,2.0,2.0,1.0,,0.5071020147036861,0.0003083864122617186,0.9634217293577475,1.471592481989984,0.026430092494703166,1.1006302135521795,0.1043301796546162,0.0,0.0,1.9817333859646646,41.18070654157583,0.09711324943837903,,1.6343317590760231
SYNTH-TRAN-0168,transit,1,1,True,10.413469159176778,3.964,0.04,0.002737121175826775,37.516469937548145,12.805034919013934,81.98445963859382,10.413469159176778,0.002737121175826775,0.04,0.0038411790910957235,0.0010544207806189182,-0.10803639644969043,0.41081131471809496,0.0007043291236857874,0.9975106886488018,0.9982477809582916,0.001408045959015225,0.9933217347951135,0.002489311351198231,1.957745150813291,0.002610548748002131,0.0012786361214704315,0.0024458746727225034,0.6307621739165663,0.00012289902155737664,2.1117478308359563,0.0038411790910957235,2.3475189426303484,,0.0012786361214704315,0.0017493453907643636,1.6789991277236422,,-0.7290858700015496,-0.18850817640557516,0.061539957404667646,0.45870902045002326,3.0,0.0,0.0,,,0.0012754570579966984,0.630762173733964,,0.04490701723991687,1.0120194561116915,0.1302666106338654,0.0,0.0,1.9832941142087208,777.7669478076108,0.008496922920182953,,0.8948514406614386
SYNTH-TRAN-0169,transit,1,1,True,9.189671647159605,2.488,0.128,0.0050895380852462955,79.0025242773567,38.29318909095843,733.1841653779685,9.189671647159605,0.0050895380852462955,0.128,0.013928680470271532,0.0014828852731372905,-0.5078626860695145,2.6560078043959354,0.0009590200712576991,0.9965335436561616,0.9976161249246809,0.0019171817542079639,0.9894987846363149,0.0034664563438383533,1.7961064162720644,0.0048141214228403315,0.0009628242845680663,0.005359441814974275,0.8560645896068565,0.0,3.555743153561273,0.013928680470271532,3.7894947392821257,,0.006044396897566195,0.004582686204616853,3.240274988275004,,-0.3574679875830179,-1.1999308326094973,0.0,0.6668223455668455,3.0,3.0,1.0,0.13441663721551333,0.36396492568531136,0.000793770134944416,0.856064589451625,1.014719146806009,0.0,1.0485020894922568,0.11908703997671376,0.0,0.0,1.9965160575872285,388.72732116378336,0.052955082483085274,,1.0948336995903223
SYNTH-TRAN-0170,transit,1,1,True,0.893237672498392,0.644,0.04,0.004934480033643247,329.5566743424385,155.80995603267218,12138.371199451734,0.893237672498392,0.004934480033643247,0.04,0.04478091467875478,0.0013705291671406578,-1.8138388671387482,5.189606186113304,0.0006450699859312792,0.9944184114203455,0.9975582709612203,0.0012917855503066233,0.9923219572082284,0.005581588579654517,0.8583268971121817,0.04716931076563909,0.0005305884225606198,0.004963740478418188,0.9936258041224468,3.38387662757178e-05,4.839272497953031,0.04478091467875478,5.478897493291911,,0.04196954422454502,0.0009131333843519226,1.0079020513500374,,-0.021467214811330366,-0.06139109426837441,0.022767319321169346,0.5021530188081467,30.0,28.0,0.9333333333333333,0.038916437720278085,0.038971571522520926,3.169097024890988e-05,0.9936258039225928,0.48890040401664653,0.0064626046353080625,1.5127682140068923,0.691111091361055,1.0,5.305884225606197e-05,1.7869631874035756,9.425263119316146,0.3648412367727751,2.832617125459173,3.95905659959781
SYNTH-TRAN-0171,transit,1,1,True,3.947481978075358,1.6460000000000001,0.084,0.0018999345296084645,101.60190619557588,17.48925910729196,152.93709206099814,3.947481978075358,0.0018999345296084645,0.084,0.021279387839271458,0.0006962924327545049,-0.12928462646675842,0.6043609703312929,0.00046904660327473646,0.9983562547711966,0.998869991973865,0.0009380445603416332,0.9952910320418805,0.001643745228803395,1.9701257600983086,0.0022122700048562024,0.0009172826849403766,0.0017208063598392886,0.7410546581307738,0.0,2.83643139091914,0.021279387839271458,2.4781131368141995,,0.00215831219985971,0.002148144577641912,3.0935179122232994,,-0.8362325928574267,-1.1789758508246608,0.0,,7.0,6.0,0.8571428571428571,0.25573761046049004,0.20322949528326895,0.0005187740155058185,0.7410546577608774,0.837336427273414,0.0,1.002722598511552,0.12134574551861142,0.0,0.0,2.017139233513563,251.95589012100382,0.015132936576789853,0.10890798284763402,1.1023050282780127
SYNTH-TRAN-0172,transit,1,1,True,6.7551415115808355,5.348,0.128,0.00045096985895782795,7.327446301656878,5.884292792656858,17.312450834855483,6.7551415115808355,0.00045096985895782795,0.128,0.018948529765151507,0.0014735807467833042,-0.008868079343889125,-0.05745248184133844,0.0009910522948982092,0.9965719136256583,0.9975515957420836,0.0019837208029570563,0.9939051323994601,0.0034280863743416656,2.022698283703156,0.0009542996500901282,0.0013254161806807337,0.0004591985091890738,0.5138207602706764,0.00010591249457148066,0.30263341999425847,0.018948529765151507,0.31284333505073036,,0.01956314282684763,0.0013402453944020283,0.9130840596838082,,0.5725483554950506,0.18042385702378727,0.0,0.6376203334322275,4.0,4.0,1.0,0.34685851192778683,0.4170526655102559,0.0002647369096085983,0.5138207593270642,1.9095421078673258,0.23512406843301284,1.0039229354301304,0.12088278978558126,0.0,0.0,2.025653901824745,49.85392045466775,0.027034309185444257,,1.0415317492919076
SYNTH-TRAN-0173,transit,1,1,True,1.8104133774849156,1.1740000000000002,0.084,0.0031563826929489626,249.0090042970758,43.54450118328267,948.0617916504297,1.8104133774849156,0.0031563826929489626,0.084,0.04639824309997947,0.001271906320499932,-0.6672058707838394,3.00927360089684,0.0008000153362459628,0.9968005296855571,0.9979606568235359,0.0016019651946423963,0.9914017535016137,0.003199470314442898,1.7183330551182006,0.007438604167806158,0.001203303615380408,0.002997687344719391,0.7011032234538253,3.7491520997301464e-05,2.740133828954644,0.04639824309997947,2.5551228169448637,,0.014494339003445824,0.0035928110746297885,3.0623852650710983,,-0.6000487088790575,-1.0572761254812342,0.0,,15.0,14.0,0.9333333333333333,0.2912314068732566,0.11410330349239849,0.0010000597399800748,0.7011032232442803,2.579433549445203,0.014054392968962824,1.08412802497586,0.11292424223181895,0.0,5.4695618880927636e-05,2.0054631218819354,106.66333606590635,0.09418260993236773,4.829671466493572,1.2268268604243666
SYNTH-TRAN-0174,transit,1,1,True,6.493368181588062,1.62,0.128,0.003751214645525654,110.688706381276,35.18431082036009,618.9678639518648,6.493368181588062,0.003751214645525654,0.128,0.01971241987524192,0.0012948198600542902,-0.41067153485625274,1.7101817285555008,0.0008421421779867266,0.9968454510309916,0.9979305853145298,0.0016816627569324893,0.9923396202174987,0.003154548969008353,1.8230404566688232,0.004885381435550545,0.0005368551028077521,0.00420289661775064,0.924607384429643,0.0,2.918516591326853,0.01971241987524192,3.391015474026753,,0.00730122939818543,0.0038025477308240435,3.0680027059173036,,0.0827700123986064,-1.181035474027728,0.0,0.6889105850998611,4.0,4.0,1.0,0.03411746508803415,0.2795262730549936,0.0003231083327319695,0.9246073842138992,0.4907906183174968,0.0,1.044697165040227,0.12387363465925205,0.0,0.0,2.0031680950828563,241.74871783991318,0.054672669119110555,,1.6567061091542714
SYNTH-TRAN-0175,transit,1,1,True,7.440781020716803,1.23,0.084,0.0041565620463649994,57.191249873197485,50.78749579133685,1289.6848643775268,7.440781020716803,0.0041565620463649994,0.084,0.011289137493245019,0.0013512362624061934,-0.3964993361358879,1.1819085745410547,0.00086549832792715,0.9962144473961089,0.9977754111590729,0.0017303793252095856,0.9914318000750357,0.003785552603891129,1.7256544372081741,0.00975661487883769,0.0011135266981282146,0.004241925908499478,0.9680428639354425,0.0001928923005929395,3.0709462485621817,0.011289137493245019,3.353817367593265,,0.012619969245453099,0.0014299352301730425,1.130557608250223,,-0.06395016958310411,0.9366903261479638,0.0,0.48792739573992955,4.0,4.0,1.0,0.017338119017695375,0.2600829246395129,0.000138617964423271,0.9680428637122687,0.7495562086912001,0.051538408678109916,1.0683354076268539,0.16130969942078838,0.0,5.3025080863248316e-05,1.965122531687003,102.51838574377717,0.0951657655162288,,1.6900952986587858
SYNTH-TRAN-0176,transit,1,1,True,3.2751239310482614,1.9720000000000002,0.128,0.002006970133093749,85.81476105642928,38.06440443305676,724.449442421646,3.2751239310482614,0.002006970133093749,0.128,0.03908249052396357,0.0014895668944085191,-0.09526021811900463,0.11493337171261331,0.0009867482420187756,0.9963847812383704,0.9974829851573823,0.0019741946086314632,0.9932604412068943,0.003615218761629624,1.8184149052784973,0.002704422526248807,0.0011666136387739952,0.0019923593514517,0.9228100763029126,0.0,1.4368296847785806,0.03908249052396357,1.4018222069553368,,0.03913458479160038,0.0014573494070040166,1.0253897021854332,,0.028661992227331762,-0.07693794700728018,0.0,0.5332007702396137,8.0,8.0,1.0,0.07937595219731784,0.13958532398800427,0.000161011657106358,0.922810075860512,1.4554797623263604,0.0,1.048057896687107,0.3933788999301585,1.0,5.302789267154523e-05,1.9592872136017245,26.346315311071105,0.12925071123497964,1.232925235133766,2.2562387428813926
SYNTH-TRAN-0177,transit,1,1,True,7.825510795901982,5.4,0.128,0.0041215562235674165,92.79739718929628,32.418071593023825,525.4656829052001,7.825510795901982,0.0041215562235674165,0.128,0.016356759748773243,0.0009949129485184117,-0.30917269692318894,1.6208825912445723,0.0006531351146734643,0.9976695192213788,0.9983784948111312,0.0013042419645927783,0.9931656056153927,0.002330480778621191,1.8653054015085215,0.0029890579129970645,0.001174272751534561,0.004244399830617862,1.0,0.0,4.07726385357988,0.016356759748773243,4.403261947492701,,0.0030958099813183882,0.002320098679905409,2.4069368201271417,,0.011236927425433946,-0.8412122473090626,0.0,0.6185212773356635,3.0,2.0,0.6666666666666666,,0.5835767023802568,,,,0.0,1.0321511879433753,0.14044358475837684,0.0,0.0,1.9889617874864922,217.38485019052985,0.032505247633271755,,1.2925895609100442
SYNTH-TRAN-0178,transit,1,1,True,1.7535746709457558,0.754,0.084,0.001389202962048522,151.29828417324862,51.24709924192382,1313.132590355798,1.7535746709457558,0.001389202962048522,0.084,0.04790215175422,0.0008997644524305908,-0.20574527309174412,0.25871841586556465,0.00059387604613792,0.997694431872827,0.9984494362199913,0.0011896518850812443,0.9959650705524308,0.0023055681271729744,1.763341765690271,0.004877790148984678,0.0009543502465404804,0.0014064069254254852,0.9746973851070442,4.374273558815922e-05,1.6767099591707884,0.04790215175422,1.6695049699777955,,0.05132283548062139,0.0008953859247534645,1.06288672531375,,0.012435001428045834,0.07575857895421212,0.0,0.5510220641667767,16.0,16.0,1.0,0.1135182906018955,0.07186805070468726,3.634730203305736e-05,0.9746973844285236,0.6246878265803969,0.04921718067665143,1.0680843488364984,0.16660470269537275,0.0,0.0,2.0051184065093017,21.53433138072574,0.18637348396523268,1.6046571333848219,1.8864554874861466
SYNTH-TRAN-0179,transit,1,1,True,5.334297763327489,0.876,0.04,0.008068230965701337,81.02087821847044,52.28842346625368,1367.0396142931295,5.334297763327489,0.008068230965701337,0.04,0.007498644015524238,0.001916242842183539,-0.5799480317865533,2.337658052078565,0.0012121787761680825,0.9950665442237374,0.9969757079105077,0.0024236366648852092,0.9885570522058797,0.004933455776262585,1.7066652767315047,0.008434565805527558,0.001007904089968702,0.008321819457508428,0.9372304135481635,0.00012399232500215351,4.379021497773956,0.007498644015524238,4.670815996669942,,0.00716142379714604,0.0015318787353588562,0.8598028037747082,,-0.014784430271761824,2.8920711604733143,0.006415754771135621,0.49759203986750683,5.0,5.0,1.0,0.03755959562219865,0.20991375724970904,0.0005413609543385434,0.9372304134394938,1.8975795198468857,0.016326649612148747,1.0755361572642101,0.10657002060815482,0.0,0.0,1.9628404230987009,173.57266868489958,0.0762226744260425,,1.4182037654811386
SYNTH-TRAN-0180,transit,1,1,True,9.065378591102558,5.528,0.216,0.0023227773206313143,83.05604313532194,35.78007803209227,640.1069919913214,9.065378591102558,0.0023227773206313143,0.216,0.023826914433777602,0.0007265612636887495,-0.6441234960784161,3.9991724239496147,0.0004674339390364768,0.998276887778493,0.9988336686455456,0.0009348818417231897,0.993533023631319,0.001723112221507006,1.7856732943487308,0.004430277162461505,0.001026527635204495,0.0023676322137613504,0.9181596593634729,1.878944276756389e-05,3.4433339133870224,0.023826914433777602,3.4325604329194297,,0.0060511102706791295,0.002603875871791653,3.775063220459515,,-0.023491260424011076,-1.0079328881693894,0.0,,3.0,3.0,1.0,0.4941367775660892,0.45192807964631676,0.0001997183850247497,0.9181596589872306,0.3629439129312423,0.008452359846063299,1.0533584698393217,0.1452346395267091,0.0,0.0,1.998014813400599,344.4744384643111,0.05090780437278938,0.22640107755562808,0.900042673305323
SYNTH-TRAN-0181,transit,1,1,True,8.87671257655517,6.784,0.128,0.0070758119017245045,99.43921032695765,33.87406999913889,573.7263091532075,8.87671257655517,0.0070758119017245045,0.128,0.014419752683901095,0.0016550843915931837,-0.3443544742764034,1.575189174709661,0.001072081393754365,0.9960131508808215,0.997339748649052,0.002141814587793389,0.9900606687864217,0.003986849119178459,1.8472632822745458,0.004936416805279819,0.0012877609057251704,0.00839074366332615,0.9500948094013774,0.0,4.162557336645395,0.014419752683901095,5.298012634978039,,0.003112088855502495,0.0017896150786588108,1.1299836675886608,,-0.10670316067588329,0.25765025617274606,0.0,0.5767743123730454,3.0,3.0,1.0,0.022099186480440406,0.3496334988273484,0.000431477501997346,0.9500948092914883,0.9312159434436158,0.0,1.045039435174411,0.19489794212759912,0.0,5.3656704405215434e-05,1.9762378492882289,209.53555404146198,0.03350826916551613,,0.8897567888951061
SYNTH-TRAN-0182,transit,1,1,True,2.066361514933813,0.404,0.128,0.006638884950248251,382.4198316759984,90.01534399605947,4051.3810773644723,2.066361514933813,0.006638884950248251,0.128,0.06194463024738434,0.001682454686123825,-1.3115723688206398,4.986487222807887,0.0009589927778643759,0.992548837355764,0.9974620616856095,0.001912408620958983,0.9908946824184277,0.0074511626442359535,1.336481653049416,0.017740585774058577,0.000892608089260809,0.007503732532774254,0.9974547643755229,5.031916628261968e-06,4.763552092022297,0.06194463024738434,5.402743305377978,0.6666666666666665,0.019860529986052998,0.0013437230720856057,0.9674906188731612,,0.06356552756500133,0.027430429046407134,0.0,0.5535450091638894,14.0,14.0,1.0,0.09060235063565279,0.08030586559300486,1.9134385187857816e-05,0.9974547642428425,0.13493387412175292,0.0043595992032876485,1.2113799035820147,0.11012879639653143,0.0,0.0,1.9791939341403786,23.634596980255523,0.1952703367606748,5.009861145447168,1.4246732659935173
SYNTH-TRAN-0183,transit,1,1,True,6.726089165247683,2.4539999999999997,0.17200000000000001,0.00823273820775948,92.0447927525632,68.60643247271193,2353.421288316353,6.726089165247683,0.00823273820775948,0.17200000000000001,0.025572066586433104,0.0018196601180827782,-0.8915239325147494,3.5772738924268115,0.0010927057830680265,0.9942249902945669,0.9971616378253734,0.002181725852686389,0.9899081805126695,0.0057750097054330984,1.5433528477974083,0.011755823986194996,0.0010785159620362382,0.008628654805379776,0.9871270075000304,0.0,4.5434720151047925,0.025572066586433104,5.389023175559861,,0.009760569456427955,0.0011608738131765502,0.72502331176912,,0.008065926018771926,0.7672284943440233,0.0,0.5181061648597376,4.0,4.0,1.0,0.0634784041129629,0.26493884741922025,0.00011175875114011191,0.9871270073863275,0.6583620607858115,0.0,1.1364680554697983,0.6161428582982654,1.0,0.0,1.929856385073494,21.935090093924046,0.11146754719070227,1.9861363144669386,1.550113019774527
SYNTH-TRAN-0184,transit,1,1,True,3.135063042512053,1.07,0.084,0.002224619694705018,144.18742361080223,24.495248405938383,300.0085972343166,3.135063042512053,0.002224619694705018,0.084,0.026793719571486754,0.0006270201678157294,-0.2225361512180885,1.0087632078341597,0.0004146808417986314,0.9985233452082545,0.9989788489536653,0.0008300204552422752,0.9957859402611948,0.0014766547917455242,1.8818051352939291,0.0033659066232356134,0.001248642779587405,0.0023392840454632413,0.957134868602202,2.0660533590954877e-05,3.6507204709911902,0.026793719571486754,3.812862554853044,,0.00249728555917481,0.0015732773586346377,2.5643274662475677,,0.42090750503042074,-0.6751628758531694,0.0,,9.0,6.0,0.6666666666666666,0.3317435492981181,0.22711118874867253,0.0001047644603440201,0.9571348682105834,0.23518463460595804,0.009480518295716908,1.021997189113832,0.08451515557262831,0.0,5.428881650380022e-05,1.9605228485603512,146.8296693120051,0.02245225182036899,0.41130301722223694,0.9811555179838706
SYNTH-TRAN-0185,transit,1,1,True,2.859881271957499,2.002,0.084,0.005200930551657639,213.6796503508262,33.43040491709337,558.7959864604265,2.859881271957499,0.005200930551657639,0.084,0.029371848693041946,0.0008432195960329918,-0.538245272170837,3.24250995140825,0.0005429604087904272,0.9980180712747005,0.9986332949185981,0.0010833678883832576,0.9931155650388396,0.0019819287252994533,1.822682444407249,0.004346172651708589,0.0015754875862443636,0.005145479595736413,0.9492325194854693,0.0,5.972969221586879,0.029371848693041946,6.406744155503208,,0.0014668332699516488,0.0012286110210772182,1.5297692532287177,,0.2868397290281597,-0.9423639256614904,0.0017913437277207594,,9.0,1.0,0.1111111111111111,,1.0,0.000262504297381172,0.9492325193018907,0.5715278641500914,0.0,1.0499103374477532,0.21116529214469656,1.0,0.0,1.9344092420525905,52.92715715235157,0.022959855881462817,0.7005168021868798,1.125503548015907
SYNTH-TRAN-0186,transit,1,1,True,8.52199790796856,6.72,0.216,0.004934371221810536,38.227424634727846,66.20434212892951,2191.507458362146,8.52199790796856,0.004934371221810536,0.216,0.025346169094694043,0.001772207384577976,-0.47448295597169626,1.1775107380293228,0.0011004639971450292,0.9946909557502249,0.9970126182598713,0.0022029203629896354,0.9916711925671424,0.0053090442497750745,1.5940458645470676,0.013956697091912546,0.0014328168117172574,0.005081187720428204,0.9637685344881625,0.0,3.073582846381044,0.025346169094694043,3.2027654610612624,,0.023880280195287623,0.0015861594192475492,0.9997852634491782,,-0.010096344256148722,0.8828887841575077,0.0,0.5138045736261025,3.0,3.0,1.0,0.026017042042408903,0.34519268536202524,0.00018561846248132952,0.9637685343000413,1.3406804500417693,0.0022340799406460076,1.117054695370658,0.2643754641862019,1.0,0.0,1.9519298587412763,34.07676235797646,0.15888069343957764,2.0076133496708692,1.7804023700890077
SYNTH-TRAN-0187,transit,1,1,True,9.118232945213293,5.768,0.04,0.005958866686141545,62.48669499361408,19.639963946092884,192.86409190189545,9.118232945213293,0.005958866686141545,0.04,0.004386814884017456,0.0014410000793594953,-0.25537541777286277,1.529601511980557,0.0009486683576906407,0.9966498601127107,0.9976762146065223,0.0018985477480637503,0.9883172329941314,0.003350139887289272,1.9035305743575448,0.0028741750053225463,0.0008516074089844582,0.006245681573995521,1.0,0.0,3.7420715541546095,0.004386814884017456,4.442693551069478,,0.00117096018735363,0.005681477028142271,4.041362188327144,,0.24524901271877056,-1.3794637018527547,0.03262518414300377,0.7158443260923733,3.0,1.0,0.3333333333333333,,1.0,,,,0.0,1.0250157142682452,0.11002154885840122,0.0,0.0,1.9647506574967315,1966.251650782974,0.012523263313311118,,0.9984672075878639
SYNTH-TRAN-0188,transit,1,1,True,2.8633720212834306,0.8480000000000001,0.128,0.007111907281034789,121.59888216378751,123.48468852073657,7624.234149531669,2.8633720212834306,0.007111907281034789,0.128,0.04470253919105747,0.002314460720716175,-1.4653521972236379,4.27273976948994,0.0012026423448003865,0.990693337173306,0.9962252582566229,0.002414782903387702,0.9881581659388522,0.009306662826694012,1.0572609524126546,0.03563640231902558,0.0010637732035530024,0.007783098592322624,0.9939681254473767,0.0,4.281588001943689,0.04470253919105747,4.592368094480228,,0.04574224775277911,0.0024824317721134606,1.4647431651737333,,-0.06441727934219126,0.6512842933123402,0.0,0.5903163744743205,10.0,10.0,1.0,0.03420432486980358,0.10524434208957466,4.713529020294871e-05,0.9939681253201792,0.27958138341410693,0.00810359546022149,1.365632908752968,0.33524778292888585,1.0,0.0,1.959781310275337,33.944658661281885,0.3352902794573012,4.237621575182483,2.521361893006054
SYNTH-TRAN-0189,transit,1,1,True,10.276614484483822,2.75,0.084,0.0030885934133671046,48.441960326210726,35.87359650021579,643.4574629301142,10.276614484483822,0.0030885934133671046,0.084,0.008173898138032487,0.0012179881489241247,-0.2965538760199666,1.0240747150679033,0.0007846887831303162,0.9968942961322345,0.9980224874408526,0.0015699227829024665,0.9925446993809709,0.0031057038677655413,1.8079400112643473,0.006361660393362668,0.0012723320786725335,0.003664080880019016,0.9181069055910689,8.484174653955456e-05,2.530903891231195,0.008173898138032487,3.179785497554138,,0.009648518263266712,0.002051837459462174,1.7806383675958286,,-0.050826149205394744,-0.2749739647332481,0.0,0.6919461271953954,3.0,3.0,1.0,0.0525206555613712,0.35191194249845315,0.0003072172376924476,0.9181069053463345,1.0816692354384676,0.030293160966991986,1.0570020638086028,0.09985369258323959,0.0,0.00010602767322271113,1.9719354198535863,379.6738126325492,0.06315154827657919,,0.7602830771800726
SYNTH-TRAN-0190,transit,1,1,True,9.335960718553759,2.4080000000000004,0.216,0.0016950552542951726,34.708841878989524,36.2364615503344,656.5405728444433,9.335960718553759,0.0016950552542951726,0.216,0.023136344133361,0.001052378697419529,-0.09541972182738066,0.18704084612922456,0.0007017914231048916,0.9974200842324087,0.9982444518852748,0.0014017146359008859,0.9953662248846536,0.002579915767591312,1.820378885835848,0.003658342611738508,0.0010073697046816181,0.0016755282445954922,0.8882440008833158,0.0,1.5486387949778937,0.023136344133361,1.6426567676306,,0.02481310641005249,0.0010435640102151465,1.0230907711433341,,0.13472312894721175,-0.0910467808872637,0.0,0.4931153793624679,3.0,3.0,1.0,0.09530477750767517,0.35627145564508,0.00020190904711425706,0.8882440003916756,1.8255457684283203,0.01026389973457281,1.0317325267434143,0.3889719063782336,1.0,5.3019458141137794e-05,1.94960150010155,49.5259954996895,0.09852627462259483,0.7625999254747148,1.542989961175808
SYNTH-TRAN-0191,transit,1,1,True,8.281326660964945,5.896,0.128,0.002242759582581494,31.91401874651939,22.96132128965417,263.61113768335986,8.281326660964945,0.002242759582581494,0.128,0.015456460690452388,0.0013521464864232685,-0.049634732571178605,0.0042508979605018204,0.0009143924803514114,0.9968357850972788,0.997730494029419,0.0018281180170052203,0.9938404275009689,0.0031642149027212296,1.9336097906393297,0.0016964427715633781,0.0009012352223930445,0.0023730596508492185,1.0,6.767477377944697e-05,1.6084452465336767,0.015456460690452388,1.7652471405804537,,0.009754545936489424,0.001129894062162475,0.8404939427786315,,-0.07715660979793341,0.29242001082397096,0.0,0.477282503064206,3.0,2.0,0.6666666666666666,,0.5235436015195707,,,,0.03759097999842956,1.0058207841300661,0.1416561820439564,0.0,0.0,1.9878613927532855,47.5400998622384,0.03995434743737869,,1.679926555098871
SYNTH-TRAN-0192,transit,1,1,True,5.118958380715314,1.4000000000000001,0.04,0.009456664981599628,81.33508284186406,71.62208669588657,2564.861651336601,5.118958380715314,0.009456664981599628,0.04,0.007814089708307118,0.001689774145704056,-1.2688850464717498,6.5481070604546385,0.0010118446531546255,0.9956556067523009,0.9974614396502696,0.002024037198774309,0.988041219184745,0.004344393247699085,1.4998400388933282,0.009408887943865617,0.0008505209440782479,0.009645137980783591,0.9172257413284445,0.00014491110869130353,5.049051848230625,0.007814089708307118,6.4739081090922825,,0.006591537316606421,0.0011565288955855508,0.776273165863259,,0.05009334297641682,1.1641614944260912,0.03670041668031773,0.507871533025779,6.0,6.0,1.0,0.08282945681012732,0.1859632009974624,0.0008249516335085971,0.9172257412364115,4.349538986185777,0.016123040507504825,1.13419243625162,0.5122961485022977,1.0,0.0,1.8936629086289856,88.59337700182577,0.09474308802337152,,1.7010406941713965
SYNTH-TRAN-0193,transit,1,1,True,6.439891711787851,4.554,0.17200000000000001,0.005070554042905105,125.26634355932244,43.05115410048525,926.7009346918937,6.439891711787851,0.005070554042905105,0.17200000000000001,0.02670852363637791,0.0007946662057819357,-0.8252357872118501,5.179131389170445,0.000496188080912785,0.9981342288674222,0.9987317391525143,0.0009922648534226308,0.9927946436321455,0.0018657711325777981,1.7267860496152625,0.005541671194175812,0.0015212430729110073,0.005026113643703756,0.9211455616503521,1.9431613434095496e-05,6.586819543503871,0.02670852363637791,6.852837718576788,,0.0021732043898728677,0.0013711427224765873,1.8694799266845719,,0.1807433917638221,-0.9298275789207469,0.0,,4.0,3.0,0.75,0.1571654052397762,0.38381257862802465,0.00040051481894942675,0.9211455614689944,0.9865582102839413,0.003832246588013914,1.0834849616825992,0.5542258070048066,1.0,5.433010974682169e-05,1.9024162526468142,89.73637974986784,0.03547938156643373,0.5756824959290501,1.1155483515812
SYNTH-TRAN-0194,transit,1,1,True,5.009643003207083,3.224,0.04,0.0038641951486366563,51.88773937049233,23.900608468470413,285.6195425815659,5.009643003207083,0.0038641951486366563,0.04,0.007984600893595158,0.0017619542621872691,-0.08861846634139584,0.1953030622730334,0.0011827398998931482,0.9957052488291823,0.9970828794580288,0.0023675254512509625,0.9899099116855926,0.004294751170817679,1.9470731586061738,0.0025452038814359193,0.0012726019407179596,0.003815021623886694,0.9339027171610732,0.0,2.0779604745620195,0.007984600893595158,2.1925261475390228,,0.006150909380136804,0.0015224961415047252,0.8749917900532255,,0.0042580562224203145,1.5204620625591598,0.022920661099095862,0.5231536174716024,5.0,4.0,0.8,0.024954139095610704,0.2819077969184405,0.000256336745050989,0.9339027169202633,0.8296142960684133,0.0,1.0126104571532433,0.0962580865656093,0.0,0.0,2.0092408569418905,154.41914653535562,0.03371220368026386,,1.5922550347637956
SYNTH-TRAN-0195,transit,1,1,True,7.049483793223382,1.6640000000000001,0.128,0.004880662318022927,84.7952063055811,28.161973130676056,396.5483653064552,7.049483793223382,0.004880662318022927,0.128,0.01815735786541498,0.0011341123099742883,-0.363328259588252,1.6230858024971813,0.0007409805491773724,0.9972700507301916,0.9981608888942143,0.001481860212736441,0.9920835850496189,0.002729949269808407,1.8830335531478999,0.003671508017925598,0.000647913179633929,0.005385060148674126,0.9460301487788592,5.4597775145937e-05,4.0933189035209745,0.01815735786541498,4.908758025325377,,0.0021057178338102695,0.0022196871148244326,2.023358446848265,,-0.30866099597235325,-0.46692571606987077,0.0002922948161955032,,4.0,2.0,0.5,,0.5290413179574731,0.0002937442320757322,0.9460301486050442,0.459855332447472,0.01118655042639112,1.033801433875772,0.2865286723413792,1.0,0.0,1.9738679549600533,196.01883370360062,0.022926624447733163,,1.5908610422285807
SYNTH-TRAN-0196,transit,1,1,True,11.20962756240631,0.78,0.128,0.0012746617190846385,40.02311724005362,28.54584439655565,407.43261615618434,11.20962756240631,0.0012746617190846385,0.128,0.011418755822831543,0.0007647567101441458,-0.07281741736499611,0.13952569707248852,0.0005126393313985567,0.9981919056977805,0.9987246844043415,0.0010247325984574784,0.9962787626018987,0.0018080943022195095,1.9061183774183654,0.0024916503207337115,0.0010602767322271114,0.0013085004499447939,0.9549594357694446,3.4341632607959305e-05,1.658999069315847,0.011418755822831543,1.7428178988993681,,0.014631818904734136,0.0008002373393592241,1.0658521045687872,,0.05114720983341469,0.2316664360336569,0.0,0.5795937130239199,3.0,3.0,1.0,0.15796808268536916,0.3726903151778521,5.95809129624314e-05,0.9549594350475371,0.577486206891311,0.032953797163034246,1.0185947454575548,0.14799589715569272,0.0,5.3013836611355566e-05,1.992424979218178,104.85827670507628,0.06110360673281737,,0.9369644121532243
SYNTH-TRAN-0197,transit,1,1,True,8.87671257655517,1.4620000000000002,0.17200000000000001,0.006233342351138635,38.24316175353253,69.73961829538256,2431.807179992762,8.87671257655517,0.006233342351138635,0.17200000000000001,0.019376542668992098,0.0019348277982831619,-0.6802177655137626,2.1528259757601997,0.0011702052398948615,0.9935983346614158,0.9968345695569569,0.0023454920330298057,0.9891817259251868,0.006401665338584217,1.56641240088505,0.015114552397114976,0.0013788714467543488,0.006499202066601706,0.97484071301923,0.0,3.6524713955272192,0.019376542668992098,3.8219882983534075,,0.01946330080610946,0.0020759135897435335,1.2207833157188144,,-0.01182515890140142,0.27503956496276194,0.0,0.5565839345112522,3.0,3.0,1.0,0.0222835970224258,0.34311475029805255,0.00016491495875459172,0.9748407128705091,0.7727246875277022,0.004591098677592499,1.137814939216648,0.12921648298869648,0.0,5.3033517182859566e-05,1.9762233138193621,63.38365106683075,0.15310815443906695,,4.359475328075687
SYNTH-TRAN-0198,transit,1,1,True,7.851702842321669,3.8920000000000003,0.128,0.002101664587523428,42.25338112970553,48.37918052596135,1170.2725541817617,7.851702842321669,0.002101664587523428,0.128,0.016302196169481076,0.000786999484302371,-0.33752071766915526,0.9917135317922945,0.0005078635892957761,0.997883201588353,0.9987111345659955,0.0010154828335953159,0.9954663917034935,0.002116798411647025,1.7510611304043793,0.008323172347982823,0.0010602767322271114,0.002160203298000818,0.9589249717051858,5.1851081447673586e-05,2.8296475624428226,0.016302196169481076,2.9108821411420047,,0.015267984944070402,0.0009181839463901136,1.237256351892329,,-0.06829203697154881,0.04064923554785693,0.0,0.5815340212996748,4.0,3.0,0.75,0.07243526415187909,0.35005364421853247,9.14591142908705e-05,0.9589249712745248,0.8739404863555155,0.02967342811221433,1.0604847914378437,0.1140736551911245,0.0,5.3013836611355566e-05,1.9801383359152906,88.70146487145941,0.09986054564089429,,2.1780192421651434
SYNTH-TRAN-0199,transit,1,1,True,8.87671257655517,3.176,0.128,0.00525354723726096,43.44250929945896,62.527990855354744,1954.8748202036993,8.87671257655517,0.00525354723726096,0.128,0.014419752683901095,0.0015654205913877334,-0.7180894718411568,2.647534326005462,0.0009687939077869245,0.995023401628515,0.9974825605096062,0.0019385893171601776,0.9897845321781104,0.004976598371485008,1.629571475042526,0.01203541699803828,0.0009543502465404804,0.005723661499317023,0.97364949553072,0.0,3.8068023389123904,0.014419752683901095,4.048940830457001,,0.01468638990509517,0.0017668261952915945,1.2498598533981715,,-0.022637888005837856,0.7285588985426461,0.0,0.5416349931244268,3.0,3.0,1.0,0.0032349238135989293,0.33511529652795763,0.0001532112375453032,0.9736494953632638,0.670459771158307,0.0,1.1073847309216762,0.1975930043148044,0.0,0.0,1.9948816698614524,162.73593366934992,0.12276281350826632,,1.4721964021591356
SYNTH-TRAN-0200,transit,1,1,True,4.784846104590408,1.27,0.084,0.0033074049260454325,111.77303660329649,23.631955971606473,279.2346715219657,4.784846104590408,0.0033074049260454325,0.084,0.017555423552580603,0.0007165225087453272,-0.25553926697524865,1.0794641776951526,0.0004750966726393413,0.9982800841172089,0.998824246179888,0.0009497515134071488,0.9952282530209532,0.0017199158827910788,1.9026235488479373,0.0037244953038972255,0.0008096728921515707,0.0033714588043314286,0.939832789025286,0.00012243726564598045,4.361226526545299,0.017555423552580603,4.795313372738664,,0.001349454820252618,0.001286759898971043,1.8301920056422902,,-0.035609118188710584,-0.22309374035154272,0.007442866093903062,,6.0,0.0,0.0,,,0.00020285127317276608,0.9398327887465245,0.42949170433013123,0.037434340471683036,1.0191285634694516,0.12894372122129813,0.0,0.0,1.9667235040237971,113.21582581735683,0.015644907654206317,,1.2760810324433591
SYNTH-TRAN-0201,transit,1,1,True,1.7496510247782133,1.296,0.04,0.0018222100212686287,74.04636235960001,20.88607907972647,218.1141496622978,1.7496510247782133,0.0018222100212686287,0.04,0.02286170180997689,0.001774238820753088,-0.064305081888103,0.06605780673812456,0.0011914692754821932,0.99579824950213,0.997044851835035,0.002385084873862797,0.9926261349377337,0.004201750497869972,1.9443205686028808,0.0021735673010655782,0.0010072628956157557,0.001837917749038187,0.8950777136783042,4.057274435753655e-06,0.9776970026552073,0.02286170180997689,1.048056390298677,,0.02152361766421036,0.001761853336249046,1.0046813296140005,,0.02209182560115744,0.001471536113922589,0.02186498683850922,0.5099285150269087,15.0,14.0,0.9333333333333333,0.2396020713076196,0.09071553873685996,0.00020073951695831482,0.8950777132104661,1.1620261517701276,0.01294212776673196,1.011744042941732,0.14765595908263185,0.0,5.3013836611355566e-05,1.9885885974946338,45.27788919931076,0.058235058740320214,0.6075014632153399,1.5143941425523393
SYNTH-TRAN-0202,transit,1,1,True,10.649844177201471,1.526,0.17200000000000001,0.008289221321663369,84.15568502774477,52.67316430523308,1387.2311189629895,10.649844177201471,0.008289221321663369,0.17200000000000001,0.016150471043342305,0.0017080989386961682,-0.6783374220020901,2.959499027261703,0.0010677866418722926,0.9957003160888809,0.9973034145522164,0.0021350373234497733,0.9895854351125308,0.004299683911119123,1.6951286839372668,0.00828580652103734,0.0014527063381039491,0.00861594679944555,0.8413434739793159,0.0,4.534387756514363,0.016150471043342305,5.473486163590627,,0.0053803938448294415,0.0014824305139511285,0.9417494206345605,,0.07667242997667545,3.5641517939985388,0.0,0.5246907792017412,3.0,3.0,1.0,0.0019868313636043546,0.35353197691206784,0.0014348482059968193,0.8413434738862853,5.295242495808857,0.0,1.085110681927487,0.05702963053279635,0.0,0.0,1.9423716546568546,54.39036279962688,0.06569312486809532,,1.7281316516586305
SYNTH-TRAN-0203,transit,1,1,True,8.460528111693392,4.66,0.128,0.003708376662635254,61.86530927464048,16.888573846494054,142.61196328424217,8.460528111693392,0.003708376662635254,0.128,0.015129079214699345,0.0008299097077804228,-0.12447696468450971,0.6293661527501402,0.0005524823925846523,0.9980761798159836,0.9986536301217203,0.001105433752448537,0.9945689688960161,0.0019238201840163782,1.930123393307076,0.002252373035877085,0.0013406982356411218,0.004162704660360617,1.0,2.4328905118276012e-05,4.295740279125878,0.015129079214699345,5.083841617255635,,0.0007507910119590283,0.0013332262324751013,1.6282469112970133,,-0.004627880068957986,0.2113998804790005,0.0020107919530051423,,3.0,0.0,0.0,,,,,,0.006560526970425607,1.013554853207643,0.2050287376367055,1.0,0.0,1.9653554529623931,243.1804209202019,0.008487925278027785,,0.9504507957986119
SYNTH-TRAN-0204,transit,1,1,True,2.8721362905544563,2.134,0.17200000000000001,0.006512969195337286,237.69525005521348,69.9220522066293,2444.5466923934555,2.8721362905544563,0.006512969195337286,0.17200000000000001,0.05988573751379883,0.001892803205041408,-0.9291525925340937,3.705708532383218,0.001134135941966874,0.9940846510356222,0.9970144739396787,0.002269779480227996,0.9891765730347473,0.005915348964377842,1.5250577581873077,0.012923449186097669,0.0010448746150461944,0.006893912720356554,0.8384939887990294,6.0721183209322405e-05,4.037744852781309,0.05988573751379883,4.189194205376914,0.6666666666666665,0.017102947646282445,0.003508329826410266,2.1318916521746663,,0.01508675350263925,-0.5477675723859519,0.0,0.6239008215405301,9.0,8.0,0.8888888888888888,0.13918665488166312,0.15102493486947316,0.0011948460526238769,0.838493988685691,2.858188864765235,0.012647411348383264,1.1501915588609617,0.15589653575613555,0.0,0.0,1.9844996002778337,41.220722770009466,0.14769862949646073,3.325455645963643,3.325807362634755
SYNTH-TRAN-0205,transit,1,1,True,11.655173827639098,6.672,0.216,0.002328521818123347,49.645857441819565,13.649327617933213,93.15207221082366,11.655173827639098,0.002328521818123347,0.216,0.018532542130583866,0.0006193909773389298,-0.09021875425768268,0.41800645738343434,0.00041020959052484596,0.9985596981724598,0.9989719686390838,0.0008193491654414631,0.9959380667233374,0.0014403018275401802,1.9514201169347487,0.0018315018315018315,0.001669898728722258,0.0023086232504396786,0.4396346032582007,0.0,3.9856004944001797,0.018532542130583866,3.797438607960784,,0.0007002801120448179,0.0012944933161095464,2.1293032093501467,,0.14034624872278081,-1.1375691145808953,0.005008424259512965,,2.0,1.0,0.5,,1.0,0.0017778897749315403,0.43963460311963415,3.112632738269211,0.0,1.018831985825949,0.14017294013635817,0.0,0.0,1.9758284361663692,202.1714246129341,0.006582214412940211,,0.6907188491065143
SYNTH-TRAN-0206,transit,1,1,True,7.697128738364777,1.1820000000000002,0.084,0.002813389436391792,54.73468793196634,56.06529181084221,1571.6584729174588,7.697128738364777,0.002813389436391792,0.084,0.010913160329684892,0.000852377186109484,-0.48472781491127176,1.5105253651111203,0.0005404304882968836,0.9976038404357758,0.9985952188485937,0.0010782668513704685,0.9946080442469741,0.0023961595642242317,1.6846289675136945,0.010019615119546202,0.0011132905688384669,0.0029010977279766426,0.954356445441932,0.0001511820186846924,3.41086894868018,0.010913160329684892,3.681514732711912,,0.012935376133170758,0.0008649929599212509,1.0976825409680955,,0.00036271929461857726,-0.20262490289915513,0.0,0.5355114394288996,4.0,4.0,1.0,0.014781537333224386,0.2718642149175615,0.00013574258168169706,0.9543564451210288,1.2340925850356081,0.05721698538860372,1.0816730295667083,0.22682310895536742,1.0,5.3013836611355566e-05,1.95965283613978,94.49622221144254,0.10425560743471088,,1.8839831315015096
SYNTH-TRAN-0207,transit,1,1,True,11.684199387198383,2.3120000000000003,0.128,0.004545991052442162,50.07017315903709,20.06206742456255,201.2432746738468,11.684199387198383,0.004545991052442162,0.128,0.010954965398848061,0.0016396496779688262,-0.1853603647883842,0.951149041074971,0.0010822984988140272,0.9961968462156628,0.9973435061252117,0.0021669575388159057,0.9888166356312093,0.0038031537843371543,1.9258726969752913,0.003044871794871795,0.001282051282051282,0.004830763235483593,1.0,8.72791272450435e-05,2.7441060463497173,0.010954965398848061,3.0150673414781837,,0.002670940170940171,0.0053970271184390455,3.36849466898965,,-0.3889986418644678,-1.1875938616826978,0.0,0.7083377159255411,3.0,1.0,0.3333333333333333,,1.0,,,,0.019199141885454643,1.0233691767785706,0.10962896814829615,0.0,0.0,1.9991680663808327,594.079253542626,0.01989082950061449,,0.8376338420573457
SYNTH-TRAN-0208,transit,1,1,True,8.978636630832957,6.858,0.084,0.003741284293086929,39.35406864580532,28.849353282717775,416.14259241555675,8.978636630832957,0.003741284293086929,0.084,0.009355540652078626,0.0017662650507312104,-0.0792081122247687,0.2307891582318966,0.0011723442261892814,0.9957316264126734,0.997098343469218,0.0023445382933457992,0.9911307953964741,0.004268373587326568,1.8943814763326903,0.003393605175247892,0.001166551778991463,0.003816352643776444,0.9442624880922167,2.0634741695335634e-06,1.9120112319560332,0.009355540652078626,2.2231588345574314,,0.009597539636247945,0.0017479467586771272,1.0182400950882138,,0.10817294493473553,-0.0843714358239831,0.0,0.541110066144201,3.0,3.0,1.0,0.029918711328007008,0.3439514459947618,0.00021693086612406542,0.944262487849601,0.7869908782324815,0.004551059332355952,1.0289111406165796,0.2281921829176889,1.0,0.0,1.982522510920632,104.97308515707957,0.05064782443153377,,1.411864296146807
SYNTH-TRAN-0209,transit,1,1,True,5.904955479900298,4.116,0.04,0.0037191601587715332,70.37411119968154,16.40577029294825,134.57464945249703,5.904955479900298,0.0037191601587715332,0.04,0.006773971478050055,0.0008136743156294747,-0.12095160561758884,0.543700953502003,0.0005403789645931356,0.9980842708769563,0.9986807207654421,0.0010780738782910637,0.994891085551058,0.001915729123043719,1.968385847051372,0.0024556907964979713,0.001067691650651292,0.0043927085500899965,0.7276313119544585,5.177336663775289e-05,4.02508461666114,0.006773971478050055,5.484629541339936,,0.0006939995729233398,0.0006667221342413757,0.8324531144344968,,-0.3156851710002504,-1.129687023269772,0.0005166127336458933,,4.0,0.0,0.0,,,0.0012276765811617407,0.7276313117930283,1.6199197180168463,0.013920714466067338,1.0159340501749297,0.11202244322577906,0.0,0.0,1.9998082332135905,328.29965897655006,0.007972000351126211,,0.8863734779301645
SYNTH-TRAN-0210,transit,1,1,True,5.568550136415362,1.08,0.216,0.003264356257665612,80.12687622754089,86.02166732522531,3699.8636247058266,5.568550136415362,0.003264356257665612,0.216,0.03878927094280334,0.0009085699655729565,-1.198627177422104,4.683789202855414,0.0005205178737566207,0.9961763061572323,0.9986132030594217,0.0010404345085995859,0.9949979100914116,0.003823693842767706,1.3717250773394931,0.017311333513659724,0.0015147416824452258,0.003705896493173322,0.946438420828658,0.0,4.282864383497804,0.03878927094280334,4.911884166048588,,0.02174736272653503,0.0011626538149989976,1.5410092740068522,,0.06604612767337045,0.13043708498056494,0.0,0.5947916497068514,5.0,5.0,1.0,0.09471355325206479,0.22606028399430428,0.00020338833573330106,0.946438420579417,1.6973741527475068,0.0,1.2042404411094798,0.19949475411838738,0.0,0.00010819583446037328,1.9980725668220933,56.8096242049999,0.196598403365619,4.339170387716794,1.85115527870256
SYNTH-TRAN-0211,transit,1,1,True,8.415004577544861,0.212,0.128,0.005113734107052162,107.08166811115002,57.48234869437507,1652.1102057108642,8.415004577544861,0.005113734107052162,0.128,0.015210924583637592,0.0007536686933549339,-1.5848687392628948,12.506529384079709,0.00045188578825705594,0.9983270557907009,0.9988870747590172,0.00090350606169598,0.9916741884310796,0.0016729442092990876,1.5726654668443543,0.005930558550787147,0.0016174250593055854,0.005018906202091666,0.7744422034121211,0.0,6.94291581248393,0.015210924583637592,7.519119742896327,,0.0030731076126806127,0.0016838957045945432,2.5227435874610316,,0.12276092153904578,0.0300124816488907,0.0,,4.0,3.0,0.75,0.02704650145306242,0.3771293696980426,0.0012990135457614516,0.7744422032776487,3.187342974466331,0.0,1.1291155729202964,0.5839505045535643,1.0,0.0,1.8718603828112133,379.1733952225803,0.05522592296121002,,1.2892882108596138
SYNTH-TRAN-0212,transit,1,1,True,8.22326797043655,4.002,0.17200000000000001,0.007662075018366112,50.898086244704395,70.56294280504392,2489.5644486539995,8.22326797043655,0.007662075018366112,0.17200000000000001,0.02091625867214309,0.0019830716780173184,-0.7149748404749567,2.327442048631897,0.0012084336624222924,0.9929288831587891,0.9968269293029419,0.0024132141067159107,0.990261657145669,0.007071116841210867,1.5865462662858598,0.014294858118199274,0.0012267975250693408,0.007831024708242373,0.9957942114028536,0.0,3.8449734641814186,0.02091625867214309,4.440382540326829,,0.013814806912737359,0.0012847324936081932,0.7284747457895273,,0.028152481531075215,0.26294073681227026,0.0,0.5125412919971329,3.0,3.0,1.0,0.0002570834922433321,0.3348060874635015,3.3025721356882975e-05,0.9957942112760403,0.19255483388766806,0.0,1.1244501432892415,0.5360622118678223,1.0,0.00010667804565820355,1.9922697826197764,20.15398701761302,0.13215684331557206,2.161902841457412,1.6368704186989953
SYNTH-TRAN-0213,transit,1,1,True,1.5132077801686468,0.358,0.084,0.006658771817176502,366.8065015010458,70.25491522854063,2467.8765568847425,1.5132077801686468,0.006658771817176502,0.084,0.055511213397698905,0.0014757863714595888,-1.0285764137895024,4.365078629760644,0.0008839493962509715,0.9951921333723449,0.9977473919239745,0.0017675202769191767,0.9913069544357337,0.0048078666276550885,1.4948712304536906,0.012772101288316304,0.0012772101288316305,0.00716569893332808,0.9252792812961996,0.0,4.825832833261867,0.055511213397698905,5.528696939554818,0.6666666666666665,0.01016215015548645,0.0011777999286241762,0.908731851753648,,-0.07111751581478219,-0.0002575879742710008,0.0020284851862225175,0.5356944741565481,18.0,17.0,0.9444444444444444,0.06097807159957504,0.06860369163645644,0.0005498539005587277,0.9252792811704615,2.8598996321502272,0.0,1.1386433718805211,0.6718606645926137,1.0,0.0,1.8965656571006544,18.193491958701916,0.11602019197721973,2.670941330072879,4.176903761884188
SYNTH-TRAN-0214,transit,1,1,True,4.42391245604871,1.302,0.17200000000000001,0.006899821807417088,164.86598591704305,60.998610723721086,1860.415255112074,4.42391245604871,0.006899821807417088,0.17200000000000001,0.03887961204223843,0.0015048846975605121,-0.8544326438289862,3.428790809023978,0.0009140931605065572,0.9956678987429319,0.9976229961459153,0.0018317482550901376,0.9913081628597138,0.004332101257068066,1.5848313383266925,0.011174408413672217,0.0007668711656441718,0.00724551333844814,0.9683998089658786,0.0,4.741598640327802,0.03887961204223843,5.395020874147499,,0.007723488168273444,0.001154712019873681,0.8598004254287691,,0.019626050874383367,2.7217132898988403,0.0,0.534050920452663,6.0,6.0,1.0,0.0422086496445756,0.17935136806048557,0.00023187769234078726,0.9683998088339055,1.2524067319785774,0.0,1.1205395639038365,0.6453623243368666,1.0,0.0,1.8970358092443556,21.994949313085865,0.08881927285363406,4.64677365048131,1.286691433350854
SYNTH-TRAN-0215,transit,1,1,True,7.799492913597274,1.9240000000000002,0.128,0.005203626759962995,46.957730804162104,69.23161452442703,2396.508224829425,7.799492913597274,0.005203626759962995,0.128,0.016411323328065438,0.001625675608811552,-0.6210619211413704,1.7686595603355162,0.0010033387019250384,0.9947236143494985,0.9973319512853981,0.0020083407296639377,0.9916084982222452,0.0052763856505014806,1.558963683794282,0.015166781566527019,0.001272736914673596,0.005267316183438564,0.9609498763907589,0.0,3.260046446985375,0.016411323328065438,3.628726603788444,,0.019356207243994273,0.001420069562823152,0.9783054638050284,,0.0033195435339131796,-0.36305684445261077,0.0,0.4934275871048324,4.0,4.0,1.0,0.021092822399771838,0.2578634335770552,0.0002115711970956946,0.9609498762133943,1.4221515324335552,0.0,1.119950298288992,0.7248263308507823,1.0,0.0,1.934433713073296,45.252182309586644,0.15127605942696798,,4.749989994818703
SYNTH-TRAN-0216,transit,1,1,True,6.003176393838334,2.4059999999999997,0.17200000000000001,0.0009988215992374947,45.356041610741364,31.194315474569027,486.5426589634677,6.003176393838334,0.0009988215992374947,0.17200000000000001,0.028651498592735167,0.0008149348930667309,-0.04442244561408148,0.08862920187594492,0.0005462189130123196,0.998045834402512,0.9986426094776791,0.0010945173694923982,0.9958685347797844,0.0019541655974879557,1.8747162172911147,0.0017494566081747336,0.0014843874251179558,0.001009888828352401,0.9682004143895326,3.7526755501282594e-05,1.1981551205383898,0.028651498592735167,1.2701111903822464,,0.03286857869904045,0.0008050539377393007,1.0124956197922943,,0.009966126737432685,-0.2726979755516461,0.0,0.5081445333664097,5.0,5.0,1.0,0.09400222188986757,0.231473113015328,3.264479521480901e-05,0.9682004134464,0.4957353058375668,0.05780940274814066,1.0249226430256444,0.1786823590071154,0.0,5.3013836611355566e-05,1.9710471056491752,30.46076238248087,0.09922171188788009,0.8534925648912091,2.3738336322953337
SYNTH-TRAN-0217,transit,1,1,True,10.530330353846887,5.164000000000001,0.128,0.0030750993731236253,85.78678299797626,21.202464009461334,227.93804623395025,10.530330353846887,0.0030750993731236253,0.128,0.012155364143275874,0.0012448062887755356,-0.21107905410175515,1.31321825889421,0.000819565011521528,0.9970971294385466,0.9979831436381519,0.0016417245497367672,0.990428123246352,0.002902870561453441,1.9222185182482399,0.0032697255574614067,0.0018224699828473414,0.0025384613002383816,0.9003339060169185,0.0,2.631984611475547,0.012155364143275874,2.0945973031467653,,0.003805746140651801,0.0037540708785188813,3.097650823839242,,-0.25286485000869735,-1.0330201447698562,0.0,,3.0,3.0,1.0,0.16014603229289098,0.3743556696332559,0.00028100521465557193,0.9003339056975908,0.29813581963632346,0.0,1.0271450248875245,0.0917792312926775,0.0,0.0,2.012288549468605,516.8709251287164,0.025018919223948347,,0.8836855250901698
SYNTH-TRAN-0218,transit,1,1,True,1.6436133754099085,1.1700000000000002,0.084,0.003594954233736748,273.8435722205684,59.39077318610726,1763.6319698218192,1.6436133754099085,0.003594954233736748,0.084,0.05110690948170877,0.001188266436827975,-1.25190095409915,6.872558881009724,0.0006995271834440153,0.9968877083845239,0.9981626444176132,0.0013983364766168016,0.9904921604583053,0.0031122916154761038,1.529573557660619,0.010049975286946016,0.0014278653413147345,0.0035086631661014334,0.8534810003269669,8.495161668564677e-05,3.4694262233728423,0.05110690948170877,3.4231094490003318,1.0,0.01636553352737657,0.0035786285343873615,3.4913688121664066,,0.5047441005625783,-1.0408348185912708,0.0,,16.0,15.0,0.9375,0.24520410881639998,0.10031715248037869,0.0005554992649150492,0.853481000101852,1.3256132412408006,0.0248824522233294,1.1592922646819286,0.08699034911470119,0.0,0.0,1.9844181969759223,118.65078378072069,0.12822438223252378,5.849310544079263,1.6463028315822639
SYNTH-TRAN-0219,transit,1,1,True,5.731821074173917,1.83,0.17200000000000001,0.0062404058845205446,76.49541474704832,60.805494986594866,1848.654110282413,5.731821074173917,0.0062404058845205446,0.17200000000000001,0.030007915071701544,0.0016582129909839228,-0.9003903217152468,4.113498487607105,0.001027589276853036,0.9957571571871728,0.9973835938869703,0.002055860166538137,0.9895318404850159,0.004242842812827163,1.610799922069253,0.008561275037691147,0.0008615119534783546,0.006726641587558646,0.9702329030503782,3.115607490244976e-05,4.1773169271302075,0.030007915071701544,4.469884927640947,,0.011199655395218609,0.00355469192039335,2.3621094762594645,,0.3374080953992854,-0.5401339902279632,0.0,0.6451131194902605,5.0,4.0,0.8,0.40053566983395666,0.32374692175047615,0.0002005606519591696,0.9702329029063768,0.4049870573467751,0.006566451666448279,1.10189032056152,0.1715070505351443,0.0,0.0,1.9869733578950395,118.34003048867065,0.10649042378209289,2.0525824256676555,1.4981970134592244
SYNTH-TRAN-0220,transit,1,1,True,9.544883214813632,6.532,0.128,0.0032212844276375274,40.93297451115686,45.42575807320362,1031.74974826253,9.544883214813632,0.0032212844276375274,0.128,0.013410326466995883,0.001243246152739127,-0.24870208766897806,0.5618898317500123,0.0008154775951749738,0.9967488666766366,0.9979338904959913,0.0016322179741997678,0.9935316064972055,0.0032511333233633533,1.790534555992383,0.006150257144371984,0.001060389162822756,0.003255899838322862,0.9877617127280148,0.0,2.629566041499691,0.013410326466995883,2.734292003203298,,0.01468638990509517,0.0012161281251365423,1.0212996629356779,,0.009653013835317378,-0.04058931086768691,0.0,0.49820667017028364,3.0,3.0,1.0,0.024831105459974256,0.3427123754252783,4.0099264248194544e-05,0.9877617124265502,0.26939671529510734,0.0,1.0440732768975216,0.12258792164153058,0.0,0.0,1.9823417093331646,69.85282636966397,0.0922523826980797,,1.3165091213127562
SYNTH-TRAN-0221,transit,1,1,True,5.298155438324777,0.6719999999999999,0.128,0.00298010558162301,66.25172235518889,51.21492376138801,1311.4842079423827,5.298155438324777,0.00298010558162301,0.128,0.024159351587554084,0.0014710778040459478,-0.29337812782418293,0.6014347064695302,0.0009523194040736982,0.9960849952391395,0.9974780977147675,0.0019061345537060292,0.9923143695583498,0.003915004760860485,1.7139099627873213,0.007476932866687878,0.0006363347120585428,0.0032072065975448094,0.9141879678807969,0.0,2.2355154861217805,0.024159351587554084,2.3309779347669095,,0.02927139675469297,0.0016719797876969197,1.2151845769715275,,0.09210593642122124,0.3277859818989364,0.0,0.5979576222586245,6.0,6.0,1.0,0.06981004890474576,0.1821262628555331,0.0002867302302314023,0.9141879676072006,2.0181105498632377,0.008999035938028938,1.0691702568152237,0.2575865093104345,1.0,0.0,1.982521631080943,61.005199792845026,0.14386251320830667,1.0646100940758472,1.997090305704398
SYNTH-TRAN-0222,transit,1,1,True,11.742686381557169,3.194,0.17200000000000001,0.0020190896978234635,30.0477863321697,27.359847661658016,374.28063203456526,11.742686381557169,0.0020190896978234635,0.17200000000000001,0.014647414945028235,0.0014559767353949777,-0.04386751391154406,0.07918297188781542,0.000983376237505218,0.9965367434507216,0.9975849059540167,0.001967722244467063,0.993263466406988,0.0034632565492783707,1.8862533391738296,0.0017495493584985685,0.001219382886226275,0.00198007465624761,0.9824002600347385,6.946647176997445e-05,1.3624440015636055,0.014647414945028235,1.3778163325327935,,0.01972219276852932,0.0013863334289723893,0.9646670819948558,,0.07674295569785024,0.08951274098336315,0.0,0.555581190499185,3.0,3.0,1.0,0.03300909524423441,0.34449030357883564,3.527550605397778e-05,0.982400259544597,0.23267122265835927,0.04600423554466776,1.0131277219701542,0.12291118660300109,0.0,5.301664722722935e-05,1.9588518145244276,65.71464759820697,0.06792969431820102,,1.1313688100675434
SYNTH-TRAN-0223,transit,1,1,True,11.484004383081945,8.168000000000001,0.216,0.002883106669908636,111.29178244550776,39.43627557512219,777.6099156185425,11.484004383081945,0.002883106669908636,0.216,0.018808770250750496,0.0006576582400925956,-0.6931649209270647,4.806949485714204,0.0004189116117451208,0.9984576633929731,0.9989608968890713,0.0008378777988230501,0.9935912398147918,0.0015423366070268507,1.789696075783832,0.004241610738255033,0.0013422818791946308,0.0027238832153018144,0.907006397725366,0.0,4.533296640388408,0.018808770250750496,4.404077170325495,,0.003919463087248322,0.0023230073471752983,3.7559259393797215,,0.13041019322230796,-0.973939670219945,0.0,,2.0,2.0,1.0,,0.5246500469952542,0.00026929378597329023,0.9070063974121549,0.541417078069831,0.0,1.0633266598205888,0.11994475251960661,0.0,0.0,1.9946772284949235,422.74255912291505,0.04436785722323862,,0.9069856413380991
SYNTH-TRAN-0224,transit,1,1,True,4.124460416313512,0.776,0.216,0.0029636935599622336,167.59717818267487,50.20294562638492,1260.1678747828846,4.124460416313512,0.0029636935599622336,0.216,0.05237048685099594,0.0007164251576514924,-0.603202681047932,2.742199013970964,0.0004557266852991404,0.9981584533695527,0.9988616317620324,0.000912550712027782,0.9950562303939644,0.0018415466304473327,1.7241580929738003,0.007604351687388987,0.0013321492007104796,0.0030235172405639332,0.8852253627519282,0.0,4.268683243116465,0.05237048685099594,4.504780515511237,1.0,0.007104795737122558,0.0010404106358773263,1.5501223203730334,,-0.22742513519652105,-0.49158870953770384,0.0,,7.0,6.0,0.8571428571428571,0.06706291066901766,0.18194308112889954,0.0003732300964518487,0.8852253624797062,1.794273852733056,0.0,1.0674118366887697,0.39562254590181684,1.0,0.0,1.9776849472465508,37.71660992222264,0.07390910015584717,4.795788255925242,1.9657087239986257
SYNTH-TRAN-0225,transit,1,1,True,2.6173763017739278,0.632,0.04,0.0010295103900091447,77.6869928460754,21.9647042334817,241.22411603216642,2.6173763017739278,0.0010295103900091447,0.04,0.015282479623923387,0.0008008441868440638,-0.07275764300349674,0.04982427378591625,0.0005405141658421098,0.9980909180434323,0.9986541484076904,0.0010814677177448662,0.9968014132515362,0.001909081956567693,1.9390756249281604,0.001961511954620156,0.001219318242061178,0.0010500227747458624,0.9859321196928148,4.528234039102852e-05,1.2670245399876805,0.015282479623923387,1.3237126053840584,,0.015267984944070402,0.0007289842647547893,0.9189949814337081,,0.029985714031197826,0.1427305586192822,0.0,0.5509564999168193,11.0,10.0,0.9090909090909091,0.06708872747880423,0.11513211876094687,1.4827522190064002e-05,0.9859321187573938,0.16879282238400478,0.052828032168402254,1.0095852876435056,0.18248784379761693,0.0,0.0,1.9920700841559087,77.5472268753323,0.050809092281236985,,1.919132839836774
SYNTH-TRAN-0226,transit,1,1,True,2.2421339407053584,1.032,0.04,0.006292275378711308,193.77344873293552,32.01210466915698,512.3874226745227,2.2421339407053584,0.006292275378711308,0.04,0.01784014740324403,0.0014627919850455071,-0.34583936574654117,1.505298870123946,0.0009552377885597707,0.9964908044150218,0.9976286087554157,0.0019093555216063152,0.9900391422070096,0.0035091955849781975,1.8672503732389112,0.004524643145704282,0.0011311607864260705,0.006771985910200784,0.930238256620791,0.00011451163374465168,4.702361521824197,0.01784014740324403,4.797041294142069,,0.002747104767034743,0.0025992381981951615,1.8412107076702309,,0.4316162206409561,-0.9591727781732668,0.018981837534030464,,12.0,5.0,0.4166666666666667,0.06559053673691005,0.22394547506107942,0.00048182400049467944,0.9302382564861047,0.6461239835055442,0.01860377683857169,1.036191399399308,0.21146196069141662,1.0,0.0,1.9780313821769206,128.77497497779706,0.02975582387178139,,1.6815642082963362
SYNTH-TRAN-0227,transit,1,1,True,8.29596965742039,4.132000000000001,0.128,0.008190312156180332,81.08238049802932,55.161566688526136,1521.3992197664375,8.29596965742039,0.008190312156180332,0.128,0.015429178900806306,0.0019165592415148218,-0.610134362814315,2.4451222837555653,0.0012054660644921222,0.9951423812809116,0.9969443026525038,0.002410554790207464,0.9890830254885721,0.004857618719088408,1.731958422480511,0.007956851436505393,0.0011214354373598205,0.008734738720190816,0.9274491178440073,0.0,4.499091082527006,0.015429178900806306,4.928322399960311,,0.00768984299903877,0.0013854302985784027,0.7816887708712693,,-0.0033442363875418506,1.454489861112945,0.0,0.5336351994829587,3.0,3.0,1.0,0.01596897712246005,0.347272342602037,0.0006612790913297362,0.9274491177422541,2.882387222784675,0.0,1.0813628367583383,0.11613936127659391,0.0,0.0,2.026582459267507,74.26412843524848,0.08260512271332894,,1.4910969833797219
SYNTH-TRAN-0228,transit,1,1,True,10.344589208822365,5.5040000000000004,0.128,0.004385768722441654,69.01078548376238,17.7476246165544,157.48908976507428,10.344589208822365,0.004385768722441654,0.128,0.01237361846044456,0.0010886671827466169,-0.12910479884170833,0.6989260067395833,0.0007241127725464702,0.9974807315188097,0.9982363554082645,0.0014450473652327656,0.9929445745614163,0.0025192684811903288,1.9199587032085816,0.002097225209722521,0.0014519251451925144,0.004391716811268598,0.5235178901182139,0.0,3.5518044809460614,0.01237361846044456,4.094133324362189,,0.0010217251021725103,0.002497250541613971,2.328036415159916,,-0.5371976667435148,-1.1733202223674841,0.0,,3.0,1.0,0.3333333333333333,,1.0,0.0027852877852759805,0.5235178900286551,4.5315197064145565,0.0,1.014898907093904,0.06136931745443837,0.0,0.0,1.9596898100032298,292.58287430497865,0.010489101808802536,,0.8759771856796823
SYNTH-TRAN-0229,transit,1,1,True,2.2282906407969376,0.6060000000000001,0.084,0.002273487022430262,127.14041658664853,74.70313435096176,2790.279140928918,2.2282906407969376,0.002273487022430262,0.084,0.03769705731473063,0.000949922117281868,-0.48761970224628004,0.9356240046831461,0.0005844517257562742,0.9971604632470396,0.9983355017352351,0.0011689660110503208,0.9954337953197387,0.0028395367529604476,1.5104385501327982,0.015002915761013624,0.0009012352223930445,0.002279649106968651,0.9977903159252001,5.501211831193675e-05,2.4621201456984507,0.03769705731473063,2.743472773381428,,0.03843503154323279,0.0008296857440002496,0.9984958834976967,,-0.042073875088697955,-0.219505149621265,0.0,0.49439500129150055,13.0,12.0,0.9230769230769231,0.050184154490320494,0.09294674166830562,5.037414331443557e-06,0.997790315487515,0.0825442371405662,0.035835379773159565,1.1431958794136832,0.598786315538027,1.0,0.0,1.9133052638747792,19.626761575351853,0.21463845045906335,2.3625341882570967,2.526015622212341
SYNTH-TRAN-0230,transit,1,1,True,2.5757063121378176,1.604,0.04,0.0035462709797305027,94.1241601103764,35.993627307543605,647.7706033771849,2.5757063121378176,0.0035462709797305027,0.04,0.015529720842591053,0.0018234070219914269,-0.11091324941940471,0.17304640715483854,0.0012086016437308222,0.9954973416421298,0.9969938170998479,0.0024091970943764807,0.9922424829865065,0.004502658357870226,1.8340978172789797,0.003075454690068402,0.001166551778991463,0.0035241708672173466,0.9278110740273096,0.00028212553352324754,1.83735708788347,0.015529720842591053,2.0042480862566974,,0.01670290047192322,0.0018983190718005424,1.0796021277382006,,0.0081892390956766,-0.02600203897516229,0.09808714482128514,0.4960627179947978,11.0,11.0,1.0,0.09694192700519083,0.11556755781841292,0.0002685110247023781,0.9278110737778684,1.2917996247526968,0.0870277417988811,1.0369985372414559,0.2301837918080947,1.0,0.0,1.9547704035682392,60.905987530718875,0.08042109560678425,,4.001432043454248
SYNTH-TRAN-0231,transit,1,1,True,3.921089523230682,1.1520000000000001,0.128,0.0008902219763898304,39.4459716203316,15.608617064268772,121.81446332948926,3.921089523230682,0.0008902219763898304,0.128,0.03264398816748709,0.001434380031376257,-0.016871027828680836,0.0054715277721091304,0.0009505789107620011,0.9966223301207447,0.9976041090885832,0.0019015660666618084,0.9949189423054898,0.0033776698792552518,1.9726635730900637,0.0015378904385639285,0.001484859733785862,0.0008827476958113145,0.9961466909759584,2.839647223218389e-05,0.6276667616542144,0.03264398816748709,0.6318816045379126,,0.03420480458185289,0.0015732481854712685,1.1261503060149962,,-0.1590444451826011,-0.3747740847088128,0.0,0.6438893992062628,7.0,7.0,1.0,0.12389665491982348,0.15959233326876232,3.4101329695612748e-06,0.9961466898503539,0.027992201943948924,0.05453621470360578,1.0267467817179132,0.11928326962460699,0.0,5.30307047780665e-05,1.9996894006241965,32.292107785386214,0.06707456073136264,0.4135303899938268,1.561679640016949
SYNTH-TRAN-0232,transit,1,1,True,5.7458602160619,3.33,0.084,0.0008825373158096054,33.07091689961457,10.77097662932327,58.00696877471346,5.7458602160619,0.0008825373158096054,0.084,0.014619220941920504,0.0008175284905619515,-0.18757184438756985,1.0095474462244907,0.0005341536697895943,0.9980590729122542,0.9986590080901231,0.0010677265282585946,0.9935312684439971,0.0019409270877458473,1.952234486106317,0.002572485127820355,0.0011790556835843294,0.00041669178005310226,0.39863186652352983,0.0,1.25151549601068,0.014619220941920504,0.527842106886455,,0.00514497025564071,0.001692306845651511,2.143720739567332,,0.527902920983212,0.43528411531342304,0.0,,5.0,5.0,1.0,0.5667370601953124,0.3732512621425614,0.00036473224397526316,0.39863186586626825,1.0714426787266287,0.0,1.0355998883465642,0.13457340605607865,0.0,0.0,2.0041315050952138,402.16472678894365,0.019084821053445583,,1.1648185378763185
SYNTH-TRAN-0233,transit,1,1,True,5.198361766342555,1.1580000000000001,0.084,0.004907805236872696,81.40618087744117,119.88848709349303,7164.5119774948,5.198361766342555,0.004907805236872696,0.084,0.01615893694507153,0.0010133761497785631,-2.540875688538479,13.881089548312389,0.0005134242681454904,0.9946392482756571,0.9986682340689061,0.0010270344553838795,0.9922103966784543,0.005360751724342916,1.0743787413111532,0.016415214619634508,0.0012749681257968552,0.0055659963827086045,0.9916304926464236,3.4531360027068025e-05,7.023353238552296,0.01615893694507153,7.432084503657402,,0.017265193370165747,0.0011638379386902117,1.5540329734635643,,-0.017435818013978307,0.924662557868567,0.0,0.5809170029459492,6.0,6.0,1.0,0.02980189570662996,0.17515099555565009,4.696827740213738e-05,0.99163049246972,0.36335224500585767,0.009270574220776887,1.3531264954721685,0.13715469247116518,0.0,0.0,1.9830725259711095,256.45755830788175,0.22625789999823023,,2.6145785247719457
SYNTH-TRAN-0234,transit,1,1,True,3.8597997493931526,2.24,0.128,0.0076566638880601985,129.53654284645418,49.483914340924564,1224.3288892500404,3.8597997493931526,0.0076566638880601985,0.128,0.03316234217076274,0.0012709251813258719,-0.8898261597289638,4.991044935907882,0.0007919911899618715,0.9969167977405309,0.9980178937470296,0.0015850487362121246,0.9905549686628876,0.00308320225946912,1.6763254552526097,0.006593646122827094,0.0010353659201133452,0.007718981391553248,0.8411756738259962,9.455302179439684e-06,6.332080055648432,0.03316234217076274,6.590015310106427,,0.003160590703503896,0.0017721596647548455,1.5129663786295893,,0.23449201736163333,-0.33307977437047676,0.0030262266582408662,0.5604484061350928,7.0,4.0,0.5714285714285714,0.1601143189885253,0.2862151651133438,0.0013945689186940502,0.8411756737301966,4.8592741378068025,0.0012349114857907464,1.0850416626347048,0.5420326230056155,1.0,0.0,1.8998878975817692,38.00600229936388,0.048649695960932514,4.276133033384828,1.01126217136433
SYNTH-TRAN-0235,transit,1,1,True,6.511391581714468,1.1640000000000001,0.04,0.0029824848016862474,62.740382971006625,17.162061701531616,147.26818092359392,6.511391581714468,0.0029824848016862474,0.04,0.006143080092484298,0.0006169510850459795,-0.25301291821314054,1.45693671895308,0.00040978945699243763,0.9985372984546282,0.9989806091287216,0.0008194549842701626,0.9942615329867587,0.0014627015453717584,1.9304498610424228,0.0024612092027822365,0.0009630818619582664,0.003227979298838113,0.8416134834055574,2.7309385756457694e-05,4.704282611604652,0.006143080092484298,5.3178707615046825,,0.0006420545746388443,0.0018627485733234465,3.06874835835436,,,-0.26798787310065464,0.01072068403219805,,5.0,0.0,0.0,,,0.0006026185944684181,0.8416134831843558,0.5687930545407833,0.00915658840301913,1.0163838837583397,0.20386262103869096,1.0,0.0,1.9699351500081197,1298.5185454185344,0.007948095280978996,,1.0524071389039191
SYNTH-TRAN-0236,transit,1,1,True,6.566067145510139,0.888,0.216,0.007126693257764151,49.845895333979094,98.64848448319748,4865.7617454157935,6.566067145510139,0.007126693257764151,0.216,0.03289640437924858,0.002252705665603201,-0.7175087142021923,3.4907054294241453,0.0012545422218241953,0.9917736591794754,0.9964783463022963,0.002514343895102411,0.9891109459349415,0.008226340820524647,1.2065866389444944,0.02549800796812749,0.005205843293492696,0.0073882391397249725,0.9391106111226205,0.0,3.423189736835046,0.03289640437924858,4.129034859296528,,0.031075697211155377,0.0019583208967493757,1.094438755357885,,0.020838531309457696,3.3563605333223823,0.0,0.5315120941721609,5.0,4.0,0.8,0.01782644518717936,0.25617207667869624,0.0004639935305493781,0.9391106109993819,2.7371552681759925,0.0,1.258960361880849,0.13082402545432362,0.0,0.0029747675962815403,1.7633062344099069,30.508771706026288,0.2435965380674082,3.3215898375952566,3.6179776418184617
SYNTH-TRAN-0237,transit,1,1,True,10.013420091110097,5.904,0.216,0.003313947663280079,110.80635042609143,36.23788719500414,656.5922341789264,10.013420091110097,0.003313947663280079,0.216,0.021571051452416796,0.0008559329953927184,-0.4877938231022529,2.546534753307503,0.0005568307039357512,0.9979415014654501,0.9986282885567775,0.00111342494016331,0.9938808028894147,0.0020584985345498685,1.817522474052301,0.004871711594673595,0.0008660820612753058,0.003704715360921318,0.6914698122902456,4.621634428547683e-05,4.0091855732499635,0.021571051452416796,4.506880210144388,,0.004276280177546822,0.0022364275653588943,2.720670862344143,,-0.3595607192007864,-0.7130778092737686,0.0,0.6642261638663024,3.0,3.0,1.0,0.17912198130050389,0.4674036805459325,0.0012815833265440446,0.6914698121237801,2.316087669114825,0.013946009100755323,1.0412642004393327,0.11255175257930564,0.0,0.0,1.9849742234579237,256.1075617624626,0.04245815223331827,0.22489156131992402,1.0403068911659608
SYNTH-TRAN-0238,transit,1,1,True,6.904250960737997,1.52,0.128,0.002080776423017374,42.491294961265965,27.499398483834298,378.1084584863534,6.904250960737997,0.002080776423017374,0.128,0.018539302920460188,0.0014907406490246538,-0.03906061366669485,0.1074593360581595,0.0009942154557822658,0.9964236081115647,0.9975626494421816,0.001988664514337102,0.9932530965274433,0.003576391888435282,1.9204539983676243,0.0020147394093632362,0.001590583744234134,0.001991580101388557,0.8546931694279921,6.615679281773978e-05,1.4475741184400925,0.018539302920460188,1.3696991225009345,,0.01951116059593871,0.001644127039699441,1.130740040024645,,0.06460410138662567,0.028772481181136733,0.0,0.5400320025134778,4.0,4.0,1.0,0.025318505253639743,0.2682654998070297,0.000306312709198453,0.8546931690225478,1.8351524208150896,0.043745449340956186,1.025249327115653,0.17092470356379982,0.0,0.0,1.9992955186183345,60.48063810132111,0.0689613420320027,,2.1653966633075536
SYNTH-TRAN-0239,transit,1,1,True,3.8003965042345063,2.4619999999999997,0.084,0.0010692048730936432,36.33155007715557,13.419745510829976,90.04478478772464,3.8003965042345063,0.0010692048730936432,0.084,0.022102956864212694,0.0015197340953887531,-0.001073261059812971,-0.008603854478093975,0.0010213921139925475,0.9964743332147011,0.9975015199767284,0.0020417871041429336,0.9937783321936813,0.0035256667852988643,2.001538225719084,0.001060389162822756,0.0011664280791050315,0.0011185103739453917,0.9645097124577257,0.0,0.7506727154344098,0.022102956864212694,0.7413448969003222,,0.019299082763374158,0.0015949125253352547,1.0571026332898577,,-0.20403823556413478,0.17643006915149906,0.0,0.5133965668009363,7.0,6.0,0.8571428571428571,0.18815096522206004,0.1972107525515265,4.071607701972013e-05,0.9645097116170079,0.24289570098446603,0.0037189738988262226,1.0072746239159023,0.10240742466141255,0.0,0.0,2.0196369232296454,44.308885807732835,0.040218026213453766,0.36669108367523867,1.3335222355064764
SYNTH-TRAN-0240,transit,1,1,True,6.193363830991545,2.186,0.084,0.0029210631550449025,122.31497793385415,24.4094658140001,297.911010662427,6.193363830991545,0.0029210631550449025,0.084,0.013562904149061073,0.0009029427114349728,-0.2117698743710579,0.8911276226537761,0.0006015837669794966,0.9978444694772909,0.9985151860586985,0.0012011779268080724,0.9941941311114941,0.002155530522709115,1.9156062234462523,0.003492745835572273,0.0009134873723804407,0.0032278244624301955,0.8953005533983098,3.1984763599002264e-05,3.112677159356712,0.013562904149061073,3.6351069858905447,,0.002955400322407308,0.002246490829961366,2.529950003409831,,0.052373222867251615,-0.5633702881135485,0.0,,5.0,5.0,1.0,0.06830478331364317,0.22085367782992404,0.0003697571638181518,0.895300553144799,0.5655959940891723,0.011522579059343372,1.0168748010928126,0.11325072778018865,0.0,0.00010746910263299302,1.9977299787726397,310.20128335057956,0.024304276907038645,,0.9902322911634933
SYNTH-TRAN-0241,transit,1,1,True,7.747972738602816,2.444,0.04,0.004218328867939242,71.41074517038804,26.446833580718245,349.71750322309373,7.747972738602816,0.004218328867939242,0.04,0.005162640777078052,0.000698389168873686,-0.38500660019952093,2.2509541454777358,0.00045883227952092653,0.9983782333473833,0.9988717061557254,0.0009174629039733206,0.9949313570080571,0.0016217666526167074,1.856249013594987,0.0031542368350708366,0.0014969259556268377,0.004577499668972029,0.9795533122545056,0.0001609229959493863,5.043544528073732,0.005162640777078052,6.733759363951845,,0.0009623095429029671,0.0004824453357252649,0.7097042123357375,,-0.08606167054309734,-0.2838290453536514,0.039257110150059095,0.5197408718356984,4.0,2.0,0.5,,0.5029925777330654,9.456144051001036e-05,0.9795533120427001,0.35500155347373313,0.03814851827563948,1.027369731441583,0.13543403346722688,0.0,0.0,1.9284164383597175,283.72989925671885,0.014718713564498047,,1.1019410258430775
SYNTH-TRAN-0242,transit,1,1,True,1.035586348446771,0.36400000000000005,0.04,0.006913468670584267,250.03588682248937,109.96002432974986,6045.603475299574,1.035586348446771,0.006913468670584267,0.04,0.03862546088985644,0.0022058157517197865,-1.1491008619845222,2.942385574647221,0.001217663984407369,0.9918983193601255,0.99613456624398,0.00243456635978756,0.9887385748592296,0.008101680639874487,1.2078308857783921,0.0337913108057928,0.0009018089226035754,0.007008289365443066,0.9603559319464401,8.682688982686315e-06,3.647910808730775,0.03862546088985644,4.086761745622577,,0.03920216434141425,0.001802654852236335,1.051186745656674,,0.07700253898776824,-0.04769462962282667,0.01629400587812612,0.5200911682742271,27.0,26.0,0.9629629629629629,0.07355852781911346,0.04222291348103719,0.0002830972939359411,0.9603559318119548,2.134235085222966,0.0018328936108279537,1.2862829946020962,0.5926985964496034,1.0,0.0,1.931469503787142,18.157380336765783,0.2870194167453727,3.03992003002593,1.733126629503376
SYNTH-TRAN-0243,transit,1,1,True,10.674073223372387,3.9739999999999998,0.084,0.0010093284419870924,14.277956810654906,8.476330417650997,35.92408867459638,10.674073223372387,0.0010093284419870924,0.084,0.007869535672293326,0.0015913138638213055,0.0020512460898875423,-0.028209704754024845,0.0010756990399566901,0.996294700429187,0.9974070499342871,0.0021526378977101412,0.993906385971835,0.003705299570813003,1.9736518104447525,0.0013254161806807337,0.001378432827907963,0.0009221503945531229,0.7016001079610533,0.0,0.6746827458193069,0.007869535672293326,0.5786898183980629,,0.009596013148128512,0.0016090417790207167,1.0097442894308213,,0.3169737851549491,-0.038595800911362055,0.0,0.5611164078999538,3.0,3.0,1.0,0.2307122386846732,0.39420559300138963,0.00029959149333713686,0.7016001072622439,1.2126910534827162,0.0,0.998619245091069,0.1091473034851373,0.0,0.0,1.9797741565952285,128.32853031396658,0.0190345813960929,,1.0007487138695645
SYNTH-TRAN-0244,transit,1,1,True,2.3003983511759354,0.556,0.04,0.008581547776027064,150.39075842530866,50.14900715782827,1257.4614594579489,2.3003983511759354,0.008581547776027064,0.04,0.01738829276223072,0.0017855716252671962,-0.8970662745716946,4.1563651599095515,0.0010877284112275065,0.9953665836833328,0.9972650573830677,0.002178661381787017,0.9891237604787289,0.004633416316667249,1.6053251167029776,0.009217089568423336,0.0013554543482975493,0.009225598907303345,0.9607555631684555,2.8584915026996782e-05,4.420043689350922,0.01738829276223072,5.747121331383582,,0.004771199306007373,0.0012359425571205522,0.769935036821208,,0.1033069868014766,1.8068893691924366,0.05457893029324147,0.5280756665587516,12.0,9.0,0.75,0.05337399759797146,0.1176587897175108,0.000367574485504063,0.9607555630658794,1.3117824290139506,0.0037238520578928196,1.1123285197411559,0.5226416837961356,1.0,0.0,1.8168766476537013,64.2908639849733,0.058519631347703216,,15.628117360524191
SYNTH-TRAN-0245,transit,1,1,True,2.5463503258040707,0.464,0.128,0.0018630961496684962,112.54720634377148,25.524163669514788,327.09308985232104,2.5463503258040707,0.0018630961496684962,0.128,0.05026802427885918,0.0011843917134218684,-0.3368560861565267,1.4756181664375623,0.0007750097385573196,0.9971716929553405,0.9981286331410232,0.0015478649013428436,0.9922154449979066,0.002828307044659528,1.8397340636647832,0.005501155242600946,0.0012102541533722082,0.001145689658666793,0.9818335598178312,0.0,1.629115120962319,0.05026802427885918,1.0012016100179641,1.0,0.01325778413466828,0.002298183460991581,2.0083492626956003,,-0.9423858412366903,-0.7337151151868615,0.0,,11.0,10.0,0.9090909090909091,0.37598400514393987,0.1407148279840873,2.0862271749910732e-05,0.9818335589628705,0.06761160772698979,0.0,1.0350227754955992,0.12721401950530983,0.0,0.0,1.9966451029188883,88.01174201549112,0.057961230424814186,4.51513988387606,1.4328545701567303
SYNTH-TRAN-0246,transit,1,1,True,8.663625042048626,5.996,0.128,0.0007989120942794926,32.047951295134084,19.48094641403467,189.75363659326155,8.663625042048626,0.0007989120942794926,0.128,0.014774415949300219,0.0006938744674589674,-0.019890871775012853,0.014066027715704088,0.00046615683484074744,0.9983768468805075,0.9988558498268016,0.0009314965175476475,0.9969326439563926,0.0016231531194924598,1.947948372859967,0.0016965327112713393,0.001219382886226275,0.0008266583510587733,0.7561668615437578,0.0,1.159197372762739,0.014774415949300219,1.2048061732918796,,0.01468561128194253,0.0006713392621545934,0.9784376899853802,,-0.12880784132624823,0.11624723627864908,0.0,0.5145838261959305,3.0,3.0,1.0,0.06880913882501062,0.39880649157639,0.00023701895642780357,0.7561668607658515,2.991436662032645,0.00726775390505834,1.0112814330290882,0.14003136693015927,0.0,0.0,1.9871792233421108,63.06279712829173,0.04372255140030683,,1.7280876732461374
SYNTH-TRAN-0247,transit,1,1,True,3.381340443504708,0.9980000000000001,0.084,0.0016507249548102438,85.29205833475721,47.22872955357825,1115.2764476224977,3.381340443504708,0.0016507249548102438,0.084,0.0248422190558651,0.000822920102676892,-0.22523242042004227,0.3847231826230404,0.0005320996618685125,0.9978381007552602,0.9985972092935651,0.0010628591519601382,0.9955337768280964,0.002161899244739751,1.7927169306460715,0.005831522027249112,0.001219318242061178,0.0016810806637757025,0.945157932378639,0.0,2.079085441568439,0.0248422190558651,2.1801693808213964,,0.025605683083284737,0.0008314021563376264,1.0782335217187544,,0.008600998366019031,-0.01566379388846828,0.0,0.5133420124120368,8.0,8.0,1.0,0.0814250927580595,0.13652767421573178,9.531736712664607e-05,0.9451579318348303,1.3324848479469653,0.0,1.0672332680866154,0.1487686705659753,0.0,5.3013836611355566e-05,1.9959126835502208,40.39000089170501,0.12315342513757066,1.3819517301188142,1.9908505246617119
SYNTH-TRAN-0248,transit,1,1,True,7.634504494348984,5.372,0.128,0.007677206944480784,87.06654789663736,53.149349186711454,1412.4266594853834,7.634504494348984,0.007677206944480784,0.128,0.016765986593464562,0.001604511705713427,-0.7452664688551867,3.97539468911277,0.0010013802677045769,0.9962029474200674,0.9974897458662372,0.0020027834604847694,0.9891029214236797,0.0037970525799325694,1.7061807332413805,0.0056179775280898875,0.001337613697164259,0.008708495790026416,0.8589586412673104,0.0,5.590625769963203,0.016765986593464562,5.910855857621914,,0.0056179775280898875,0.002120461008760745,1.4392542267571449,,-0.12268217462096417,0.30553031170013867,0.0,0.5830201498860023,3.0,3.0,1.0,0.11508615167254307,0.37052811133289654,0.0012822813964556978,0.8589586411728313,2.621044520518918,0.0,1.0890557500413478,0.14830871363180553,0.0,5.3504547886570356e-05,1.9864411026117803,181.97201821008744,0.06876150779312437,,1.466357689785587
SYNTH-TRAN-0249,transit,1,1,True,8.944402868592775,4.68,0.128,0.006219753419363321,59.5229197743582,54.16045399648991,1466.6773885530995,8.944402868592775,0.006219753419363321,0.128,0.014310625525316737,0.00144267640162339,-0.6486990839491708,2.641202370173777,0.0009133326851590851,0.9963015937412937,0.9977252501453335,0.0018291467869945288,0.9912047073274376,0.0036984062587063216,1.7172163812246648,0.007761003614714012,0.0006910482670635764,0.006562155521888213,1.0,0.0,4.515142252850706,0.014310625525316737,4.882312502299596,,0.007229428024665107,0.0011766276194668018,0.8754232839975107,,-0.0015179291699509022,2.6541262256888416,0.0,0.513780083366189,3.0,2.0,0.6666666666666666,,0.5117165668541325,,,,0.0,1.073366367030528,0.11549919570199398,0.0,0.0,2.000527684721211,114.42566687007933,0.07799784000299335,,0.9440083393138089
SYNTH-TRAN-0250,transit,1,1,True,9.886814478772111,7.168,0.128,0.004283183836870082,41.76178258497596,43.753313929812606,957.1762399202906,9.886814478772111,0.004283183836870082,0.128,0.0129465360430124,0.001709368989397547,-0.25629543196035,0.6683812950586048,0.0010995597648749134,0.9954907741574923,0.9971264783081597,0.002197857788641344,0.9915785107807694,0.00450922584250768,1.776878028128674,0.007263280670130421,0.0019085993001802565,0.00444067182988328,0.9820538561607947,0.0,2.6069715948709216,0.0129465360430124,2.7554157999591142,,0.01473862792916976,0.0018705217233916085,1.1606498539513694,,-0.07837992758840806,-0.35099995027074193,0.0,0.5527933815422429,3.0,3.0,1.0,0.03473491214590348,0.3467682528475553,8.030171228445848e-05,0.9820538559413213,0.3423184018068875,0.0,1.0606553471594733,0.1922903716062222,0.0,0.0,1.9665067037481534,90.87539439512686,0.08991592689125269,,1.6582745216536947
SYNTH-TRAN-0251,transit,1,1,True,6.502367392264378,4.196,0.128,0.0038845083136889776,98.70886434175057,25.055114353639777,313.87937763696016,6.502367392264378,0.0038845083136889776,0.128,0.019685138085595837,0.0014095020489604058,-0.22961832473788116,1.0134602312956646,0.0009248977674193304,0.9966519390951211,0.997720997458175,0.001849757739021296,0.9911156369233048,0.0033480609048789356,1.8802550545239909,0.0034466045559803974,0.0010232107275566806,0.003936316710329346,0.9515938101599171,6.395944434389733e-05,2.7249972701905003,0.019685138085595837,2.879903555949168,,0.004308255694975497,0.003714696683928524,2.717761038192289,,0.23053113883064805,-1.1202029915878333,0.0,,4.0,4.0,1.0,0.09786488382071895,0.27798949821539776,0.00019668570662467744,0.9515938099257208,0.2402307659957988,0.016465261279539414,1.031225447959212,0.15574427224765316,0.0,0.0,1.9805506868811422,248.73324266842565,0.031017081774016336,,1.0464825785067824
SYNTH-TRAN-0252,transit,1,1,True,11.742686381557169,4.958,0.17200000000000001,0.0021899920133136215,84.63640039811983,20.366377877418266,207.39467392291178,11.742686381557169,0.0021899920133136215,0.17200000000000001,0.014647414945028235,0.0007238059338369188,-0.15556456680116182,0.8495603531306561,0.00048449228299796143,0.9983392683162616,0.9988227069910536,0.0009703944025176714,0.9951625857036854,0.00166073168373837,1.9293203907584402,0.0025194317877244706,0.0013401232913428035,0.0022252082859655076,0.8817160161460669,2.7095009400568415e-06,3.059810587026908,0.014647414945028235,3.103193586310666,,0.0023586169927633342,0.0023762000141984443,3.313761093897987,,-0.2339765773730508,-1.2909017559584375,0.0,,2.0,2.0,1.0,,0.5305237231046146,0.0002632065009687823,0.8817160157498272,0.39691107685679544,0.0012372195525589815,1.0093931187397822,0.15122371624778472,0.0,0.0,1.9958737417015338,409.1760296908868,0.018522278207167966,,0.8434412084699444
SYNTH-TRAN-0253,transit,1,1,True,3.1434649477324945,0.29600000000000004,0.128,0.005271021394761552,212.40434020100847,36.53056450034687,667.2410713570005,3.1434649477324945,0.005271021394761552,0.128,0.04071939790272879,0.0014777612602245604,-0.3369422628579632,1.3672367347345702,0.0009801275265878262,0.996449543400058,0.997631564478359,0.0019601632158969817,0.9910872078401722,0.00355045659994202,1.8281752979465942,0.004302736098852604,0.0007171226831421007,0.005624178816302283,0.8793995355326325,0.0,3.8571345251750544,0.04071939790272879,3.8920514992924735,,0.00529567519858782,0.0029285836389641826,2.0266422379379296,,0.2594202511283269,-0.7846927485898347,0.0,,9.0,9.0,1.0,0.10949251938214762,0.1357198556399779,0.0007238330843605256,0.8793995353861125,1.1202397522973049,0.0,1.0226422587741932,0.10227185675682068,0.0,0.0,1.9824614978887085,69.69088964275271,0.04744667714395494,4.588324327715077,1.0518259548425206
SYNTH-TRAN-0254,transit,1,1,True,11.051205747343854,2.216,0.128,0.007794069128729174,49.832536857525646,64.9505291254911,2109.2856168407016,11.051205747343854,0.007794069128729174,0.128,0.011582446560708063,0.0013859367784653444,-1.240124808955136,7.708806314963889,0.0008456194887319635,0.9968029386911016,0.9979147855126971,0.0016924164718076229,0.9889547008544679,0.003197061308898408,1.5743405231374141,0.006227047740699345,0.0013305657565596892,0.008397847690163496,1.0,0.0001798473468195283,6.178153612691336,0.011582446560708063,6.737695869739226,,0.0058544893288626325,0.0018581216538520106,1.4907937193592962,,-0.012482242068196358,0.45286488568405314,0.0,0.5339660060934908,3.0,2.0,0.6666666666666666,,0.564964002869111,,,,0.02365709040644435,1.1119540211384615,0.08890833758888012,0.0,0.0,1.968608579308152,293.7726678860101,0.08534043600188607,,0.8997874804260441
SYNTH-TRAN-0255,transit,1,1,True,8.631747029739826,3.9779999999999998,0.084,0.005710746508082805,132.955253726669,32.332633351951905,522.6995897358386,8.631747029739826,0.005710746508082805,0.084,0.009731517815638753,0.0009659897274265848,-0.35579514557819725,2.1106103385493,0.0006293082613897383,0.9977280714014227,0.9984299040479644,0.001258590617946087,0.9920967064903232,0.0022719285985772775,1.8951455271306032,0.0032608114609504464,0.0012829422141444379,0.0061282194380847255,0.8911541401666994,7.44421829744768e-05,6.3107010233716085,0.009731517815638753,6.58413951575708,,0.0014967659165018442,0.0009609044137476147,1.0323926526035718,,0.24755579346545797,-0.017226053892342108,0.017520325049233006,,3.0,3.0,1.0,0.07395068192580895,0.35649616664650674,0.0006877453825360202,0.891154140025661,2.0331101042602393,0.01303545567222749,1.0378562974815027,0.13386399155260478,0.0,5.345592558935158e-05,2.0024890386104657,197.36601552724198,0.02236288065041254,,1.0729102660593293
SYNTH-TRAN-0256,transit,1,1,True,4.731764182755467,0.35400000000000004,0.17200000000000001,0.0028545634568599974,83.51364298350747,125.00773236074107,7813.46657498733,4.731764182755467,0.0028545634568599974,0.17200000000000001,0.03635007860849029,0.0008491623359872727,-1.4344388152678502,4.446519272986793,0.00044355594974154755,0.9966132682821607,0.9986312125539233,0.000887395990468276,0.9951976016615343,0.0033867317178393197,1.0593634789106336,0.034780764540586394,0.0016436032023752717,0.002912523198353223,0.9942157353534857,1.385013312804606e-05,4.39807666661671,0.03635007860849029,4.6432266681174825,,0.03934043794072425,0.000773435956014834,1.2330334258211397,,-0.016525069750157013,0.9434666380567105,0.0,0.5329950758228749,6.0,6.0,1.0,0.02852020279387518,0.1717126142584263,1.690848639657183e-05,0.994215735013372,0.29935352238080054,0.01483494294092262,1.3537585576129938,0.3165636485292611,1.0,0.00010603891628227559,1.8941803918670364,26.363512894597978,0.3195465119609605,3.6446829529451006,3.6818956459744148
SYNTH-TRAN-0257,transit,1,1,True,5.904955479900298,3.9699999999999998,0.17200000000000001,0.006522820152391848,54.2852679201604,135.28050092300634,9150.406964989957,5.904955479900298,0.006522820152391848,0.17200000000000001,0.02912807735561524,0.0013873249934616182,-2.1918053044241286,9.117457304304867,0.0006827462009035834,0.9932970830654098,0.9980808928678723,0.0013659111531264534,0.9915561101612446,0.006702916934590242,0.9753175013252922,0.024921454816550403,0.001118270408434954,0.006643217917447375,0.970451115202845,0.0,5.566119261457379,0.02912807735561524,6.748305284677111,,0.02193940039405719,0.0009074151548859562,0.9217693234223949,,-0.0013554390540278232,0.927984048663371,0.0,0.5080084490774814,4.0,4.0,1.0,0.022247823611558706,0.2564867785428563,0.0001995871827316087,0.9704511150591697,2.2128251622671358,0.0,1.409270733141781,0.5115847421091209,1.0,5.32509718302359e-05,1.8621382538434033,17.187463378427488,0.2663829901045753,5.145469156022798,2.776399971325578
SYNTH-TRAN-0258,transit,1,1,True,7.81248019298839,2.4739999999999998,0.17200000000000001,0.00248429251596915,122.05718612353449,23.627918213369664,279.13925954884365,7.81248019298839,0.00248429251596915,0.17200000000000001,0.02201605581725097,0.0007726838966534609,-0.18680562344462523,0.7553712799881462,0.0005126512036780495,0.9981913713867664,0.9987494814601883,0.001024821797434905,0.9948364951087766,0.0018086286132336094,1.93707165255511,0.002823325008144207,0.0011944836572917797,0.0025243243275800964,0.9092256555735109,2.561949748658421e-05,3.3570995457513066,0.02201605581725097,3.330138381732695,,0.002823325008144207,0.0018672171640646557,2.463269666716186,,-0.11764707586842436,-0.7872818237917314,0.0,,4.0,4.0,1.0,0.09224446691775573,0.2706645842020352,0.00023691935450309565,0.9092256552251461,0.4229886753927387,0.010312592946115754,1.0193398182155038,0.11275262512537647,0.0,0.0,2.0102635213703057,177.5444884261832,0.02301363079732909,0.09953589718073286,0.8396210001916078
SYNTH-TRAN-0259,transit,1,1,True,3.6298628846562817,0.518,0.084,0.004759477859029165,98.18342760337481,68.6201862881481,2354.3649831100856,3.6298628846562817,0.004759477859029165,0.084,0.023141369982616882,0.0017065939464894924,-0.5130093665699211,1.314889772373749,0.0010538693943529243,0.9947918103357604,0.9971265701977104,0.0021069853818115325,0.9900195338033545,0.0052081896642396375,1.6057479761029592,0.014156195323683791,0.0011664280791050315,0.004744638725405981,0.9947563527932591,0.0,3.100089803852435,0.023141369982616882,3.131425945635734,,0.025661417740310694,0.001483482085259304,0.979087041294023,,-0.017179400556277813,0.06413388079801896,0.0,0.512591201498058,8.0,8.0,1.0,0.03488961581469492,0.13196258930000337,2.490599996374243e-05,0.9947563525838256,0.17917904080814603,0.0,1.126339195034245,0.3881967283706596,1.0,5.3019458141137794e-05,1.9971712115500106,35.205045122712896,0.17215108024111986,1.8323776763017028,2.190867637760976
SYNTH-TRAN-0260,transit,1,1,True,8.82661342105936,4.788,0.128,0.0032445574578063023,44.13283697302865,54.120654363444885,1464.5226143638129,8.82661342105936,0.0032445574578063023,0.128,0.01450159805283934,0.0008785700511678071,-0.5530849307823584,2.1437654822321726,0.0005496813309826543,0.9976373710221543,0.998585161578399,0.001099691573134054,0.9943515168635954,0.002362628977845671,1.7085339677575389,0.009383449080209934,0.001590415098340667,0.003440653662942772,1.0,1.5312696919345115e-05,4.184995076211664,0.01450159805283934,4.265016628799211,,0.009754545936489424,0.000939969884796602,1.165181846811958,,-0.01567931175559942,1.3686406937045996,0.0,0.5439678160600175,3.0,2.0,0.6666666666666666,,0.5033925834369739,,,,0.0068037216687973695,1.0890709280488244,0.1951694741229845,0.0,5.3013836611355566e-05,1.989810631546316,119.04518081357777,0.09025175981468139,,1.6800017666335354
SYNTH-TRAN-0261,transit,1,1,True,6.774649575471253,2.508,0.128,0.003923630854802501,47.701512763680135,44.38349249731181,984.9472031294725,6.774649575471253,0.003923630854802501,0.128,0.018893966185859312,0.0018044675562609476,-0.22203554327821662,0.5346352375807855,0.0011645519931225978,0.9952833517306828,0.9969761700358567,0.002328332554049517,0.9909438212490049,0.00471664826931717,1.7680983947643525,0.006468716861081654,0.0012195121951219512,0.004082426623203017,0.9059780875807837,0.00010265571161016673,2.144723620984907,0.018893966185859312,2.415373469627021,,0.01956521739130435,0.0021984784524003995,1.3007328771798785,,0.027493308930856577,-0.4229542849682848,0.0,0.5673119002013505,4.0,4.0,1.0,0.07101948100006217,0.2747432035487445,0.0003965241254940688,0.9059780873659623,1.733496178555164,0.034407086499335146,1.0676157747510977,0.12909684331841942,0.0,0.0,1.9583717556258906,63.99758931902419,0.10417583000187637,,3.133757364466834
SYNTH-TRAN-0262,transit,1,1,True,10.143310260427311,4.598,0.084,0.00542272366801445,69.93121639819587,37.951694410003945,720.1655542951743,10.143310260427311,0.00542272366801445,0.084,0.008281320184763954,0.0013571103153721255,-0.3998131806614252,1.9889458171718193,0.0008770622871507872,0.9967904061295755,0.9978481429650691,0.0017545587418636988,0.9913484814219481,0.003209593870424521,1.831242691293,0.004264619649235034,0.001332693640385948,0.006420826539721647,0.9293628775634678,0.0001967243262646079,4.209182748680232,0.008281320184763954,4.968812601972108,,0.00437123514046591,0.0021184578574759585,1.639387084178995,,-0.10581069111423598,-0.43372226983795725,0.0,0.5770154052955303,3.0,3.0,1.0,0.14456965748419753,0.381623966411014,0.0004657651539620167,0.9293628774225222,0.8999256652111787,0.036372718483953376,1.050211650411551,0.13314840627220828,0.0,0.0,2.0013395535641596,495.0577670921591,0.044694438564090534,,0.8301905578107505
SYNTH-TRAN-0263,transit,1,1,True,7.2566456133467625,3.704,0.128,0.002481988460698679,42.856688242885184,32.48388610417243,527.6014282144151,7.2566456133467625,0.002481988460698679,0.128,0.017639003862139336,0.0015142995055418347,-0.11313339784452035,0.17451153979716372,0.0010008512316442841,0.9962824714600764,0.9974403970209553,0.0019989099838101376,0.9933872329401271,0.003717528539923576,1.8588316516463397,0.0033930654225426786,0.0011133495917718163,0.002627760406032298,0.9307558554410182,0.0,1.7401316308888344,0.017639003862139336,1.7974997851523287,,0.0195101261796204,0.0017148056084356892,1.1729999073223247,,0.032697406560037674,0.2226239197171065,0.0,0.5772140753238336,4.0,4.0,1.0,0.04007413499507084,0.2668983796004618,0.00018849250214625357,0.930755855099098,1.0480735320140586,0.0,1.0358452123790276,0.21576483970649757,1.0,0.0,1.9780863584219919,76.03719911096172,0.08052135545355305,,2.200402698005859
SYNTH-TRAN-0264,transit,1,1,True,11.56895600209117,4.942,0.084,0.00898860293404437,104.15276126945881,79.43175897775933,3154.7021671504635,11.56895600209117,0.00898860293404437,0.084,0.007260810740815024,0.0009341393013435304,-2.483721810927757,23.129544159723256,0.0005421269671069817,0.9980013605863792,0.9986445528336764,0.001085127258606211,0.9900310158617466,0.001998639413620773,1.467512745155144,0.004577389823291463,0.0009580583351075154,0.009291282886493946,0.9967767450000801,6.820289246245448e-05,11.624592090930554,0.007260810740815024,11.606612917199667,,0.0026612731530764318,0.00041939390742357796,0.5239042662637278,,0.005213006255040369,5.741084233290694,0.0,0.5025201846025031,2.0,2.0,1.0,,0.5014303013149226,2.996681552891456e-05,0.9967767448928658,0.2566827582277739,0.007590783880748904,1.1669210176775686,0.08085622689337872,0.0,0.0,1.9494651965938852,145.36879788558414,0.06929977491849774,,0.9427090768152716
SYNTH-TRAN-0265,transit,1,1,True,0.8504908825881441,0.54,0.04,0.0027314257982720743,285.0784471373887,39.12202072701015,765.2662528823032,0.8504908825881441,0.0027314257982720743,0.04,0.047031662324556946,0.0009178285211203456,-0.5094829213746881,2.3412687582076153,0.0005925198835770029,0.9977619037694866,0.9985186818588825,0.0011823886887956103,0.9935292987910973,0.002238096230513409,1.8196244600232432,0.005895641633147832,0.0010468896357926057,0.0028649907268770702,0.8875981394341572,0.0,3.078933942993354,0.047031662324556946,3.283774890176253,,0.008430216540856246,0.0024341190712110113,2.7899214509690893,,-0.1545961232172376,-1.1051231175579928,0.0,,32.0,22.0,0.6875,0.18923358921762543,0.08278528970992216,0.000323496197119022,0.8875981391257528,0.7755452397802133,0.0,1.0519902291020282,0.1431916581176427,0.0,0.0,2.0075838519389815,99.49524600925442,0.0639256657129644,4.266233657258922,1.1289775444536085
SYNTH-TRAN-0266,transit,1,1,True,4.814304949013242,2.132,0.04,0.006486210592656234,91.34093848830778,19.53624309213927,190.8323970775773,4.814304949013242,0.006486210592656234,0.04,0.008308572145642446,0.0015231740257651799,-0.18988151208139004,0.7385166737284945,0.0010117916623826329,0.9963750807375671,0.9974808002229419,0.0020219559606438064,0.9899313653564,0.003624919262432913,1.9351279100796723,0.002941019196834394,0.0008020961445911984,0.0062682862667921,0.9336324456636474,0.0,3.9130695212218987,0.008308572145642446,4.185762274833048,,0.0010694615261215977,0.0028416080307982184,1.8975354967738118,,,-1.1637114585931503,0.0,,6.0,0.0,0.0,,,0.00043028945893008874,0.9336324455196445,0.30208427582246694,0.0,1.0171271865533853,0.19989373958492182,0.0,5.347307630607989e-05,1.9789372589014316,242.88528033230668,0.011425024443644143,,1.1652092864571495
SYNTH-TRAN-0267,transit,1,1,True,4.983039794324428,3.9339999999999997,0.17200000000000001,0.00871386511095776,67.0511294719856,84.67740333207102,3585.131317531171,4.983039794324428,0.00871386511095776,0.17200000000000001,0.03451708336664383,0.0020831956064872887,-1.1220317329920202,4.192405761496939,0.001215655531169646,0.991578209121378,0.9968017442063418,0.0024279417655737046,0.988781287542519,0.008421790878622049,1.4262552470184582,0.016186953958299832,0.0008575869646781369,0.009068113813837986,0.9784501369177184,7.167920579498333e-05,4.408652039753497,0.03451708336664383,5.128033773548792,,0.015597362920083615,0.0015750127852204852,0.8906724068743695,,0.03025442938515759,0.6575376296465807,0.0,0.5337179696228561,5.0,4.0,0.8,0.019459649123970496,0.2660127403214473,0.00019680563949420193,0.9784501368105799,1.0527139452842715,0.010304539523275662,1.1780506559890578,0.29339985642901095,1.0,0.0,1.9680541770645803,22.1123872790902,0.16464828818909286,4.394441900098999,2.3008781907442084
SYNTH-TRAN-0268,transit,1,1,True,10.60171457819448,5.886,0.17200000000000001,0.007400676935673118,54.55776026047544,69.78961661204235,2448.4590517705233,10.60171457819448,0.007400676935673118,0.17200000000000001,0.01622379085301619,0.0016567173135627097,-1.1753144956222337,5.980193440733332,0.0009941361613662325,0.9955694786795214,0.9974720749001855,0.0019848119874119607,0.9887287980308971,0.004430521320478609,1.5277771492547545,0.010066395373741701,0.0008567144998929107,0.008473184021506208,0.8727317264168305,0.0,4.672406066306074,0.01622379085301619,5.804732367608084,,0.00990576140501178,0.0027783892493847646,1.9033938086064563,,0.13580085999060848,-0.05489604358555944,0.0,0.6009765817063281,3.0,3.0,1.0,0.14898823750270423,0.4069597749666559,0.0011051641862823702,0.8727317263163286,2.6615260566648664,0.0,1.1349689313492182,0.07236222747291304,0.0,0.0,1.976346479566256,215.328843638197,0.11270414335654962,,1.4692366344713677
SYNTH-TRAN-0269,transit,1,1,True,5.2802673164090095,1.074,0.084,0.0019612909109047007,69.8478617695575,16.70341831637308,139.5020917258746,5.2802673164090095,0.0019612909109047007,0.084,0.015908285502698093,0.0010978352762009407,-0.12946352100918102,0.6577224374014521,0.0007281476871648929,0.9973741267691119,0.9982201784426716,0.001454060391294587,0.9926575058478827,0.0026258732308881427,1.929583983513796,0.003326001823936484,0.0013947749584249773,0.001635009394466258,0.9835152780980637,1.5230617327333107e-06,1.7990602943027523,0.015908285502698093,1.5195487662183293,,0.004559841210235502,0.0028074663982235464,2.609209534855701,,0.08207797158600097,-0.7459481684953726,0.0,,5.0,5.0,1.0,0.43551358692987086,0.2678622299337092,2.6952675174829466e-05,0.9835152774965288,0.04681105377684906,0.0007765608474951809,1.020308657007246,0.13764382968410893,0.0,0.0,1.9886919340095495,288.2969902646237,0.02262866953504618,,1.1057093845708523
SYNTH-TRAN-0270,transit,1,1,True,8.166017687579401,3.91,0.17200000000000001,0.001271535701209822,27.875996699992427,20.424015681702144,208.57020828320424,8.166017687579401,0.001271535701209822,0.17200000000000001,0.02106289829149082,0.0012260851047547435,0.00026445812538077284,0.035777103729286885,0.0008078405109004927,0.9971332118796862,0.997983862347805,0.001618232589019275,0.9951859193642532,0.0028667881203138235,1.9462526825712838,0.0018555826529530273,0.0014314494751351925,0.0012882712219366432,0.9783264510888711,0.0,0.9992046589745488,0.02106289829149082,1.0815000954214684,,0.01972219276852932,0.0012016143543358998,1.0087518969184837,,0.02303765599553421,-0.20238132258493824,0.0,0.6152725984975564,3.0,3.0,1.0,0.01857724324434993,0.35330873635527726,2.7946774891485227e-05,0.9783264503301501,0.2022024577265243,0.008213826915332711,1.0292950236004799,0.14494595514989186,0.0,0.0,1.9884966418301242,44.730304975571016,0.05362295269147459,0.38803630133551587,1.775736742965698
SYNTH-TRAN-0271,transit,1,1,True,11.861434725865477,2.5,0.128,0.0035492836491642955,68.63457587678997,22.82794820518353,260.55760962926615,11.861434725865477,0.0035492836491642955,0.128,0.010791274660971538,0.0010680815370909128,-0.4006783339656155,2.695895100778798,0.0006999836407477478,0.997490052214426,0.9982819338725669,0.001398958700101538,0.990706043101635,0.002509947785574007,1.8738105007705792,0.0030605670103092783,0.0018256013745704468,0.0037235684525758206,0.8873084565195288,0.0,3.434094009234892,0.010791274660971538,3.5958023704328745,,0.0023625429553264603,0.004351901246688126,4.2025753032432815,,-1.1986638200832302,-1.2910346736768203,0.0,,3.0,1.0,0.3333333333333333,,1.0,0.0004446699475397775,0.8873084562946605,0.37334479167114637,0.0,1.0314326624585906,0.044925793116073594,0.0,5.3694158075601374e-05,1.9618516758835092,767.1153667302044,0.020666398962729045,,0.8193207889897055
SYNTH-TRAN-0272,transit,1,1,True,0.8757315401236528,0.512,0.04,0.0018937603009252313,291.7856770866736,83.04617824445033,3448.3338605045064,0.8757315401236528,0.0018937603009252313,0.04,0.045676098401517,0.0007927772617795245,-0.5831298700415418,1.103983534360954,0.0004807026849642515,0.9975445584013034,0.9985533306078983,0.0009646152744282599,0.9959248773721874,0.002455441598696595,1.4353094189229043,0.017494566081747338,0.0007421937125589779,0.001893855115458809,0.9727968915813001,3.3699090364658346e-05,2.5144828819348852,0.045676098401517,2.8128396693483486,,0.04590998250543392,0.0006979804817202561,1.0366723258753463,,-0.014802208403506297,-0.1553216215544322,0.0561090963139987,0.5123079154302143,31.0,30.0,0.967741935483871,0.07305802341806121,0.042017759960225776,5.204032332295494e-05,0.9727968910727887,1.116262784164645,0.015885825528985657,1.177468810939412,0.7371872265075513,1.0,0.0,1.9085451898386894,15.339231029211621,0.2505395228440314,1.2882939370712845,4.23943734644178
SYNTH-TRAN-0273,transit,1,1,True,2.938698022784819,2.15,0.17200000000000001,0.004428004448056162,181.2575131160062,39.16492817149976,766.9457993393986,2.938698022784819,0.004428004448056162,0.17200000000000001,0.058529321034832445,0.0008721889948613235,-0.540400484437834,2.5248729371861014,0.0005484492695519982,0.997866358848006,0.9985965543125341,0.001098170059629533,0.993895980196083,0.0021336411519939924,1.7772373411193454,0.006584453992522739,0.0012276100664025446,0.004511403528683844,0.9939766497739653,0.0,5.331834121177943,0.058529321034832445,5.568223886905281,0.6666666666666665,0.0029016237933151053,0.0009728185844859161,1.2007065307545608,,0.21357488457780657,-0.31435371399129597,0.0,,9.0,6.0,0.6666666666666666,0.12794883791197822,0.1896939246504202,2.7338432417312042e-05,0.9939766495549669,0.09986483150514382,0.0,1.076503922605118,0.5459669729321179,1.0,0.0,1.9253322151677952,22.034976806428652,0.0369520128544425,0.3820279353340549,2.634218088801855
SYNTH-TRAN-0274,transit,1,1,True,9.662830821158956,6.28,0.128,0.0015689166477400535,31.879931001861888,16.941252826867355,143.50302367191662,9.662830821158956,0.0015689166477400535,0.128,0.013246635729119362,0.0015518346474081232,-0.042117700110282735,0.008398144513905859,0.0010363767274462754,0.9962886887563109,0.9974220805397676,0.002072472391315472,0.993312046518517,0.003711311243689064,1.965914853088974,0.0015378088874748118,0.0010605578534309047,0.0016326766285077454,0.8375304389829911,9.099613734853129e-05,1.0829292073314687,0.013246635729119362,1.070495399731024,,0.01468872627001803,0.0014779467381662065,0.9690438122461864,,0.23761863827918311,-0.15863167465688743,0.0,0.5442582482449824,3.0,3.0,1.0,0.0384318764077431,0.35953023057629885,0.00030556063606979045,0.837530438537668,1.5105138697257825,0.0647057694553709,1.0174898214302028,0.11331074320989208,0.0,0.0,1.998408392843072,70.55053703458469,0.039517390776769024,,1.0691790686692138
SYNTH-TRAN-0275,transit,1,1,True,7.12441582392419,0.554,0.17200000000000001,0.006262782867046758,51.77836562882955,153.87653472584958,11838.993969617819,7.12441582392419,0.006262782867046758,0.17200000000000001,0.02414233029779288,0.0012783606378854514,-2.8528317017554423,14.07443612812429,0.0005820211370496375,0.9930411526674783,0.9984190769859885,0.001163817736661965,0.9907048748392091,0.006958847332521723,0.8489185904741806,0.022669220945083016,0.0018092805449127288,0.006799653531456951,0.9651533880055181,0.0,6.5410310666806115,0.02414233029779288,8.099785148710152,,0.022562792677735206,0.0010525893221025573,1.2538502615486031,,0.04031394043871423,1.6672253985295553,0.0,0.5450285923298087,4.0,4.0,1.0,0.030557355198667778,0.25951090271509797,0.0002414238392968171,0.9651533878662099,2.313161275343874,0.0022796834330072856,1.522790310055928,0.2144704352106272,1.0,0.0,1.9380424847008684,76.7042418440025,0.3005025177478964,4.240342185959717,1.5518963978814944
SYNTH-TRAN-0276,transit,1,1,True,9.171707232802136,1.1800000000000002,0.216,0.0026860213439586322,102.07055410462682,30.91175535257678,477.76830948877546,9.171707232802136,0.0026860213439586322,0.216,0.02355068631361097,0.0008862581029887455,-0.32291356675114713,1.4551774587061033,0.0005849050336642625,0.9978842837411601,0.9985613189553264,0.0011711589333166517,0.9937747773211549,0.0021157162588398837,1.8717898971054618,0.0041648636953699695,0.0011358719169190826,0.002873404790636247,0.8813024469561386,2.2742332560388157e-05,3.057298839316573,0.02355068631361097,3.3262405931178023,,0.005192557334487235,0.0023193799220872003,2.684903871828163,,-0.03525402714207119,-0.9628304139657686,0.0,,3.0,3.0,1.0,0.07277450233457049,0.36354027600847383,0.00038040851020415545,0.8813024466811489,0.8324518940708808,0.008933902597938784,1.0259284343602695,0.14133678662984853,0.0,0.0,2.008082738451642,200.31548357602398,0.04025888220101226,0.23625765456386016,1.0040236465384114
SYNTH-TRAN-0277,transit,1,1,True,10.530330353846887,3.8360000000000003,0.04,0.0050231750125568474,58.02015834529329,26.485588024311028,350.743186496746,10.530330353846887,0.0050231750125568474,0.04,0.003798551294773711,0.0018027702948800648,-0.12731653216557848,0.27876822372203325,0.0011914263147663195,0.9956051221481269,0.9969881491706268,0.0023817410839571673,0.9896175323091921,0.004394877851873091,1.9176775467749472,0.0032872064047505434,0.001325486453528445,0.00499013871086218,0.9802944779651547,9.477376163191664e-05,2.695863672180825,0.003798551294773711,2.839373475368747,,0.004559673400137851,0.0017522949184551168,0.9970503829191681,,-0.09537046404866045,1.2060608393759313,0.0,0.5049754019045436,3.0,3.0,1.0,0.0167531703386594,0.33997341522284563,9.931178359379178e-05,0.9802944777706438,0.2614826256457369,0.019193476860436987,1.0257707158165854,0.11954367044297846,0.0,5.3019458141137794e-05,1.9851553871542615,294.24443322435593,0.031653073249454,,1.0498279519186144
SYNTH-TRAN-0278,transit,1,1,True,6.293049300806123,2.004,0.128,0.0038047164526889003,154.49277380063324,29.03561998943141,421.5336140853315,6.293049300806123,0.0038047164526889003,0.128,0.020339901037101926,0.0009156248091104489,-0.28762494357958396,1.433141568014026,0.0006021072557258478,0.9978696029047006,0.9985212848925681,0.0012050808561729909,0.9933200228977016,0.0021303970952993856,1.8790151044830918,0.0031444835998915696,0.000813228517213337,0.004139795451878481,0.9887034377067664,0.0,4.306700441581847,0.020339901037101926,4.651744584321758,,0.0024939007861209,0.0018515163835262024,2.08048475099002,,-0.239091464603762,-0.44692326729990306,0.0,,5.0,5.0,1.0,0.18823572056477184,0.23932886013895516,4.6765457203390426e-05,0.9887034374679372,0.08099585038341595,0.0,1.028855844826219,0.13012890631302104,0.0,0.0,1.9799799891937615,200.9961922834419,0.02630955448003542,0.09854084741090464,1.1128778492152132
SYNTH-TRAN-0279,transit,1,1,True,8.760687655662743,4.718,0.17200000000000001,0.005401181929980599,52.33285985971253,57.600846245609965,1658.9287441051736,8.760687655662743,0.005401181929980599,0.17200000000000001,0.019633162002850594,0.001256210364801607,-0.7357776540856231,3.2016696327561744,0.0007911055286959345,0.9969087350450511,0.9980343323764926,0.0015855830274333904,0.9922214819771732,0.0030912649549489357,1.6607492658942982,0.007940737582604988,0.0006928160306970795,0.00581140469880459,1.0,1.4652462815067935e-05,4.805968342439413,0.019633162002850594,5.007299635100974,,0.008153911745896397,0.001655594232065618,1.4265150723030386,,-0.029080437888597627,0.27786187605576584,0.0,0.5660626962850761,3.0,2.0,0.6666666666666666,,0.5465658243666511,,,,0.004088555069221367,1.082392644686241,0.11120232414113235,0.0,0.0,1.978952344245861,97.49509482466209,0.08811021495749964,,2.184535609178399
SYNTH-TRAN-0280,transit,1,1,True,9.207706572605186,2.618,0.17200000000000001,0.0027088417699477497,83.41342736285455,24.476498002700964,299.5494772381009,9.207706572605186,0.0027088417699477497,0.17200000000000001,0.018680004477090447,0.0010617334877737672,-0.19872756856609802,0.8310214623533025,0.0007025518025301491,0.997500300368419,0.9982490692440195,0.001404380936437466,0.993542370738679,0.0024996996315810316,1.911544076139318,0.002798708288482239,0.0014531754574811625,0.002210181698430569,0.8947694077275796,0.0,2.441070772443669,0.018680004477090447,2.1319149448919648,,0.004790096878363832,0.0021737879293576524,2.0968099486635583,,0.08254643978235182,-1.1810433778289466,0.0,,3.0,3.0,1.0,0.041796530772863924,0.4102143589004065,0.0002467020122801644,0.8947694073459164,0.5276668456115339,0.0,1.0241354779493805,0.10059547984438809,0.0,5.382131324004306e-05,2.00267228711692,205.19349949984607,0.030954798395750858,,1.2954227161886498
SYNTH-TRAN-0281,transit,1,1,True,11.512182625849892,5.502,0.084,0.00728002439244512,58.38328767727188,48.5642966591296,1179.2454549979416,11.512182625849892,0.00728002439244512,0.084,0.007296618089725507,0.0016180442142422872,-0.5579291168444572,2.6781883267754765,0.0010221606517164528,0.9960729160205085,0.9974573731051638,0.0020379573308370036,0.9898724479065589,0.003927083979491486,1.772063750268937,0.005732179820604002,0.0013799692160713338,0.008193792456695936,0.9403475762286856,0.00011515699697484116,5.20635847382473,0.007296618089725507,5.446892022053998,,0.005519876864285335,0.0017834492641720637,1.1855628050254596,,0.2107758401440166,3.2689636001102427,0.0,0.5517175810316497,2.0,2.0,1.0,,0.5143706746311334,0.0004999263623857164,0.940347576116481,1.3966844294980327,0.016400885056602522,1.0756084155737602,0.08873193525853024,0.0,0.0,2.0116360276233323,314.99430445554543,0.0636843093075999,,0.759834459999417
SYNTH-TRAN-0282,transit,1,1,True,9.949714551470331,0.524,0.128,0.0075342752857971255,47.73096959972606,94.83734440225585,4497.060946636029,9.949714551470331,0.0075342752857971255,0.128,0.012864690674074128,0.0012797617386970297,-1.877949514214456,10.600743323806972,0.0007143430843341569,0.9963975700844115,0.9981999511004364,0.0014277273822641545,0.9904857140069724,0.0036024299155884565,1.3416439481016371,0.011089193367809351,0.0015994028895878873,0.007516336522688238,0.9093130290082846,0.0,7.028529898461957,0.012864690674074128,7.192796471864137,,0.009169909900303887,0.001036786974733459,0.9921585697270452,,-0.0038959348420860014,0.6315741273258357,0.0,0.5098110661478299,3.0,3.0,1.0,0.042300299562787975,0.3510797305305329,0.000707872867031778,0.9093130288917907,5.258305340347591,0.0,1.224674506142853,0.5452129537189541,1.0,0.0,1.9667094248031372,55.42370367482142,0.14281557239748102,,0.8702850316258033
SYNTH-TRAN-0283,transit,1,1,True,11.831523048779083,1.4280000000000002,0.128,0.005831490762465731,41.72968453301334,49.027570317795806,1201.85132563324,11.831523048779083,0.005831490762465731,0.128,0.010818556450617621,0.0016999574423045968,-0.4130221763115079,1.342374564115083,0.0010997190460875217,0.9955424011428655,0.9972486295735228,0.0021981032637996556,0.990273255986948,0.0044575988571344816,1.7805773517943857,0.008008910576005092,0.001007743714861568,0.005883166894125269,1.0,9.409806830995571e-05,4.184971766472659,0.010818556450617621,3.649564332623957,,0.00960008486262862,0.001973849625158657,1.2244580715763076,,-0.042316986872005566,-0.11048563781420695,0.0,0.570994743950291,3.0,2.0,0.6666666666666666,,0.5058853299431701,,,,0.018418893207316895,1.0545517677917167,0.10585023749607153,0.0,0.0,2.01260934193799,107.33209805263921,0.08101463915709302,,0.9690174743903117
SYNTH-TRAN-0284,transit,1,1,True,6.30997636919866,0.914,0.084,0.00646087151875699,72.11494957591113,57.4050411682669,1647.6693757651965,6.30997636919866,0.00646087151875699,0.084,0.013312252706687655,0.0017928791866833069,-0.7335177010426458,2.9389034984518903,0.001125112907528314,0.99511686851804,0.9971632893991121,0.0022546851172994264,0.9890596188793805,0.004883131481959957,1.6250459734304894,0.00929269328802039,0.0008496176720475786,0.007322787366443206,0.9674992763383053,0.0,4.0273859359900275,0.013312252706687655,4.44194567556571,,0.01131053525913339,0.0024475361792991816,1.4846563478340127,,-0.03859607651974001,0.1691477072248202,0.0,0.6067251266736406,5.0,4.0,0.8,0.01938709002703238,0.2618914015089231,0.000243544504209936,0.9674992762091936,0.7607656906884142,0.0,1.0875465245098137,0.13990696664209606,0.0,0.0,1.9639109558899943,226.23080354476116,0.10245740399547129,,1.6647205069044064
SYNTH-TRAN-0285,transit,1,1,True,4.142669172600162,0.452,0.216,0.007115000618479713,203.56088192467246,97.75351237210752,4777.874590541882,4.142669172600162,0.007115000618479713,0.216,0.052140296750857074,0.0018343196963737912,-1.2708091497509004,4.360444176522133,0.0010218899108630497,0.9921804340817747,0.9972238216725701,0.002050125059548047,0.9909597243334263,0.007819565918225302,1.3008534008312378,0.022598559410567987,0.0012096552482542475,0.007690132394776783,0.966737442071146,0.0,4.776001486779945,0.052140296750857074,5.209865245717376,0.0,0.0228184967284324,0.0011356255270370261,0.7693568409144943,,0.008307188356939249,3.533433541337816,0.0,0.5299630036283658,7.0,7.0,1.0,0.01747077720413243,0.14851403772306307,0.0002604046491118117,0.9667374419476605,2.4086331637266745,0.0,1.242704019265465,0.21359113339111394,1.0,0.0,1.9997604850388804,16.69989117539873,0.21982277978773498,4.8124040000916,1.4011677370029099
SYNTH-TRAN-0286,transit,1,1,True,10.60171457819448,6.476,0.128,0.000544082134654759,13.854010941247436,7.795323092941339,30.38353106167199,10.60171457819448,0.000544082134654759,0.128,0.01207351877433763,0.0009597936181229374,-0.03347213049848242,-0.03196184681122016,0.000647929465283914,0.9977460685443781,0.9983923214405755,0.001293497459684434,0.9963428563526969,0.002253931455621916,2.0167414688759595,0.0014843874251179558,0.0010602767322271114,0.0005245314751121111,0.8123772807321842,1.0245812693598921e-05,0.5546955612638204,0.01207351877433763,0.545850665304539,,0.00980755977310078,0.0009299513448953798,0.9677485230099844,,-0.15980662427152578,0.17955103705527042,0.0,0.5762966427558055,2.0,2.0,1.0,,0.5570638686304539,0.00010943282296882462,0.8123772793393623,0.7671415084236147,0.027023951009372327,0.9988037131527313,0.10369411695089396,0.0,0.0,2.0244825573919374,84.9450957215154,0.01800271812962668,,0.7866675720519384
SYNTH-TRAN-0287,transit,1,1,True,10.09964073051667,2.558,0.084,0.0020904558944907677,47.86005391678917,13.39136191522455,89.6642869722648,10.09964073051667,0.0020904558944907677,0.084,0.008317127533674437,0.0006346607281145544,-0.13457796077062303,0.960007144509254,0.0004176495221474563,0.9985116010003289,0.9989594899664194,0.0008351411668108266,0.9946589527663838,0.0014883989996711255,1.9561939852720858,0.0018187653792660747,0.0015512998823151813,0.0019492509980290063,0.9973201233068558,0.0,3.389962830872116,0.008317127533674437,3.1485721439058416,,0.0008558895902428587,0.0024303009821667974,3.925599105243356,,1.2822031447220876,-1.4500854218293042,0.0,,3.0,1.0,0.3333333333333333,,1.0,5.2237523187059764e-06,0.9973201227952131,,0.0,1.025150219952715,0.135950282945178,0.0,5.349309939017867e-05,1.991920073982068,1100.2528378745567,0.007229652159689791,,0.7719756396580488
SYNTH-TRAN-0288,transit,1,1,True,3.0142163318510127,1.498,0.084,0.008088776723476283,120.52343198108602,82.98045452343683,3442.87791645813,3.0142163318510127,0.008088776723476283,0.084,0.027867940038801428,0.0018153279689986249,-1.163686063632463,4.428659213616045,0.0010584038248074856,0.9924112349428884,0.9972475248686875,0.0021154265013039186,0.9902104757671154,0.0075887650571115906,1.419752174381036,0.016541353383458645,0.0011278195488721805,0.008353227732777468,0.9770065579212912,0.0,5.0499644049932915,0.027867940038801428,5.412392731266641,,0.013319011815252416,0.0010235574425463442,0.6632040977804968,,-0.008431530201636677,2.8580746844607496,0.0,0.5024595479616601,9.0,8.0,0.8888888888888888,0.058048880793203715,0.13314267764748558,0.00019477387031785476,0.9770065578059536,1.5529339033774718,0.0,1.1762241158252567,0.26449482951180553,1.0,0.0,1.925002239336862,14.262813022211686,0.14897034573474163,4.3048662968450975,1.30857395256048
SYNTH-TRAN-0289,transit,1,1,True,12.169085528960181,1.45,0.084,0.0025261898271030933,35.38007085398123,23.729676095692042,281.548763803233,12.169085528960181,0.0025261898271030933,0.084,0.0069027372517101206,0.0011978353805664852,-0.0913734964841473,0.1694271441581212,0.0007981961243770375,0.9970770327017797,0.997972449529494,0.001596535373152963,0.9948552480482176,0.0029229672982202803,1.929702138301302,0.002915761013624556,0.0014843874251179558,0.0023973415309227475,1.0,0.00024949752073522014,1.7462640221967967,0.0069027372517101206,2.0395978352108677,,0.006414674229974023,0.0013231495035654294,1.1257022949473725,,0.010111399664035145,-0.6826085971947764,0.0,0.5489824510942364,3.0,2.0,0.6666666666666666,,0.5592883258144564,,,,0.10125657606116986,1.0190881931628775,0.11797298462045902,0.0,0.0,1.988425047040724,143.2811274905562,0.033545766677949125,,0.9426967485074484
SYNTH-TRAN-0290,transit,1,1,True,0.9808145950610597,0.772,0.04,0.0069875476487632,303.0723847588711,171.03104891276334,14625.809846100028,0.9808145950610597,0.0069875476487632,0.04,0.040782427383750174,0.0018913841072938451,-2.0792187379422002,5.883990959536122,0.0008265503792562745,0.9921141440466675,0.9955667972207349,0.0016595636294554073,0.9900485696671352,0.007885855953332466,0.6854487262269485,0.05347281223449448,0.0006903143585386576,0.007063733164092589,0.9865452405265152,0.0,4.482725451960377,0.040782427383750174,6.09261852572472,,0.03982582837723025,0.001180035738579394,1.0178056609545831,,0.023171023545676676,-0.28937880786950787,0.06698031077119729,0.5060460541310114,28.0,27.0,0.9642857142857143,0.047706863557694094,0.04088687325663806,9.585618585405964e-05,0.9865452403880396,1.1040530478773447,0.0,1.631358600851127,0.8165341904412144,1.0,0.0,1.420314141040575,8.03173265963325,0.36089772644260787,1.8116160354250663,7.978034947893397
SYNTH-TRAN-0291,transit,1,1,True,10.772101983975798,2.572,0.04,0.0037357739749625243,37.342941041612136,11.025985697210045,60.7861802975493,10.772101983975798,0.0037357739749625243,0.04,0.0037132957021296866,0.0006828190908281044,-0.16017900241463068,0.9916414862155567,0.0004518313323265133,0.9984131229351771,0.9988735601986629,0.0009045589543448251,0.994069953000456,0.0015868770648228558,1.9579837165403262,0.001915606874900229,0.0016495503644974193,0.00431667805820779,1.0,0.0,5.388486278347418,0.0037132957021296866,6.4454195825863145,,0.00021284520832224764,,,,,,0.0,,3.0,0.0,0.0,,,,,,0.0,1.0195468552534328,0.10966354941033311,0.0,0.0,1.9742334182827892,,0.0029436780257853707,,0.9210676514280595
SYNTH-TRAN-0292,transit,1,1,True,4.172139977457086,2.448,0.128,0.001571073065532987,51.850448211620844,30.609368483847202,468.46671948997283,4.172139977457086,0.001571073065532987,0.128,0.03067969931296884,0.0012411476991358872,-0.0960447057669707,0.1512137250770209,0.0008179518671351249,0.9969886654009765,0.997914481762602,0.0016370013255657678,0.9947210618686693,0.003011334599023474,1.887740605746795,0.003022269353128314,0.0010604453870625664,0.0015143738211184088,0.9698275766913919,0.0,1.3401218580619172,0.03067969931296884,1.2684522204142785,,0.02926829268292683,0.001192377025082801,0.9987450020235066,,0.021376611158938644,0.28043354637035556,0.0,0.5900443638092778,6.0,6.0,1.0,0.04266651153246102,0.17982908846310156,4.6073810312519115e-05,0.9698275760562795,0.456933844517441,0.014564355056050185,1.0395957278687609,0.22421600552682058,1.0,0.0,1.982617725478615,34.83591023063752,0.09366562403202038,0.9169149313056546,2.0141034267839686
SYNTH-TRAN-0293,transit,1,1,True,6.242808645663965,0.764,0.128,0.00448983196495527,57.578977995421475,106.74713456903956,5713.3901050189015,6.242808645663965,0.00448983196495527,0.128,0.020503591774978444,0.0010147155362326525,-1.7135039971785386,7.386271018028388,0.0005528408846920962,0.995373674837283,0.9985336324874556,0.0011069340635212477,0.9931133611239487,0.004626325162716993,1.2106512758714254,0.01882989444650719,0.0011669230361215721,0.0046964410570025095,0.9740768683369432,0.0,5.275111528444294,0.020503591774978444,5.854238302247431,,0.01898902031506922,0.0009894148159502788,1.2333318021123243,,0.015815836494097988,1.0319945343873664,0.0,0.5453492778266892,5.0,4.0,0.8,0.02305444601413037,0.25731843223332845,0.00012341276989702443,0.974076868132336,1.1737647657469406,0.003007259449619021,1.2648698207851394,0.20107146539712928,1.0,0.0,1.9589464779759902,62.8769766869521,0.2144640340080829,2.1810402925430683,1.8449257287776402
SYNTH-TRAN-0294,transit,1,1,True,3.3144564593997274,2.052,0.04,0.005382937669251562,167.69067878031322,37.45059798282473,701.2736446355925,3.3144564593997274,0.005382937669251562,0.04,0.012068343781243787,0.0008113208052546985,-1.068918757396098,8.42924728626333,0.000507893996210429,0.9981358930126122,0.9987507921504155,0.0010158747196540308,0.991231026175049,0.0018641069873878147,1.7440324639078546,0.004434954007884363,0.0012045554095488392,0.005371420460022258,0.9561747452644043,0.0,6.919989032542196,0.012068343781243787,7.147466849992282,,0.001478318002628121,0.001683913546837675,2.2406952395280064,,,-0.5682543508145548,0.0,,8.0,0.0,0.0,,,0.00023540386995246632,0.9561747450863927,0.3694124767373426,0.0,1.0795819473501003,0.2946241918386366,1.0,0.0,1.887343489218359,449.54647018837653,0.02536075655813763,,1.1758542963007328
SYNTH-TRAN-0295,transit,1,1,True,9.845321066566123,0.818,0.17200000000000001,0.0023612979957136873,40.28390321179748,71.83918123268332,2580.433980091186,9.845321066566123,0.0023612979957136873,0.17200000000000001,0.01747022761747176,0.0006836036288239584,-0.7015699557505289,2.151376936876926,0.00041512677314192725,0.9976871728848513,0.9988936203158416,0.0008303544356349501,0.9963048907627768,0.0023128271151486857,1.5395990836924867,0.01561504142766093,0.0011684724877841512,0.002385288668977581,0.9281273313283357,3.187001242777043e-05,3.6481153727206865,0.01747022761747176,3.953150506755879,,0.017951986403229234,0.0005966115589261901,0.9887672369300349,,0.030496855803799527,0.2809972223867434,0.0,0.5083747203567479,3.0,3.0,1.0,0.06491644394698486,0.34905595391559496,0.00017526923331456778,0.9281273309477385,2.5034755174371313,0.017802460364227526,1.1329396172681807,0.09649334249930454,0.0,0.0,1.9563324808280456,44.302829022669094,0.15172608151965183,,2.866897046066005
SYNTH-TRAN-0296,transit,1,1,True,3.361956867135333,2.058,0.17200000000000001,0.006548093621243981,157.5779146812697,36.41613941717654,663.0676050256324,3.361956867135333,0.006548093621243981,0.17200000000000001,0.051160680162609676,0.001348863407165176,-0.3921148826328425,1.5953215786511938,0.0008748140414636674,0.9967174779031635,0.997817441350699,0.0017504885757486655,0.9918651746004382,0.0032825220968365487,1.8035322090464867,0.005580980020091528,0.0008371470030137292,0.006845769059538265,0.8914270137565306,4.006056733729668e-05,5.168762626545414,0.051160680162609676,5.292286341628558,0.33333333333333304,0.002790490010045764,0.0008844686426245102,0.6837597465311168,,-0.09879546815889355,-0.20502656728412516,0.001173675757934867,,8.0,7.0,0.875,0.07503202396604837,0.1527152300220708,0.0007643006724201706,0.8914270136298986,3.292640587895033,0.0059671752046814705,1.04277128316454,0.47653933794503817,1.0,0.0,1.930484532581959,9.57675190751102,0.034002497853201315,0.21442951374764663,1.5632116342838427
SYNTH-TRAN-0297,transit,1,1,True,6.361308385023902,3.8360000000000003,0.04,0.0023959103749207227,49.60910385993004,18.645858869035028,173.83402648198845,6.361308385023902,0.0023959103749207227,0.04,0.006288014599979137,0.0013835074597355742,0.0019615791633088436,-0.00304801237585961,0.0009346985956194542,0.9967943938577424,0.9977152253117116,0.0018693802366360757,0.9943115926766578,0.003205606142257622,1.9678771872904837,0.0015376458112407211,0.001325556733828208,0.0025290818456005226,0.9558511194148777,0.0,1.646591471436463,0.006288014599979137,1.8346868363362114,,0.0061505832449628844,0.0013291744440232993,0.964230896633955,,0.19567100056152487,0.0034443961775374454,0.03380547192645448,0.4564019592652367,4.0,4.0,1.0,0.030579905227158446,0.2615310719954465,0.00011457115602520052,0.9558511190465497,0.4609509994204354,0.0,1.0036460183229448,0.1298985544486915,0.0,0.0,2.00549624758036,136.12434383058283,0.026650190366050115,,1.179454936224377
SYNTH-TRAN-0298,transit,1,1,True,2.700226182162471,0.902,0.17200000000000001,0.00413212677673695,257.967553670412,78.28923822749438,3064.6024111206957,2.700226182162471,0.00413212677673695,0.17200000000000001,0.06369836761683946,0.0007954274294637673,-1.7909397669069014,11.988199573183715,0.0004565324812810245,0.9981107208173332,0.9988274757385782,0.0009113492059599215,0.9925352036083624,0.001889279182666792,1.437638329602666,0.009276959406274599,0.0013493759136399416,0.004096990020979074,0.9325804163605002,8.414790165334196e-06,6.127930843499729,0.06369836761683946,6.115851822697411,0.6666666666666665,0.009108287417069606,0.0018606123709688682,2.777460892522253,,0.09138998281707858,-0.7741185891780304,0.0,,10.0,10.0,1.0,0.18647053901231705,0.1195904951795932,0.00028639848177935967,0.9325804161409661,0.9871354214186836,0.002940457927884046,1.1873878797359034,0.26192845278139026,1.0,0.0,1.9916900045841666,72.91722840650765,0.1238401557203965,0.9110451920980326,1.4577274160024463
SYNTH-TRAN-0299,transit,1,1,True,1.408709144190792,1.032,0.04,0.0017025655510253214,109.63394476788106,29.42919769626759,433.0388385230067,1.408709144190792,0.0017025655510253214,0.04,0.02839478977257388,0.0013577729957771152,-0.015912213563619243,0.020255078756728828,0.0009057736109386871,0.9968011446311378,0.997769675841092,0.0018110835936153702,0.9943898360220016,0.003198855368862219,1.8952145980287174,0.0017501988862370723,0.0012728719172633255,0.0017748754234203634,0.953425611433708,0.0,1.3132322357010462,0.02839478977257388,1.3408364686583312,,0.027578891540705384,0.001394044835980426,1.0531365358731866,,0.036500105692339475,-0.17855793470850623,0.012624000866621039,0.5116217642400541,19.0,18.0,0.9473684210526315,0.17437499082219218,0.07893353950356437,8.412290184878213e-05,0.9534256109058468,0.6837979108930476,0.0,1.0257348346111212,0.24716410462798916,1.0,0.0,1.9726741516261137,32.6036554888438,0.08658260011036721,1.0717242660296908,1.5204744381776647
SYNTH-TRAN-0300,transit,1,1,True,9.189671647159605,3.9240000000000004,0.216,0.0054928838844265325,102.80302757372156,44.20825723171813,977.185003732851,9.189671647159605,0.0054928838844265325,0.216,0.02350464829358321,0.0008537073369357591,-0.8010110638327544,5.416333611710341,0.000545118414997714,0.998005096736867,0.9986211481237988,0.001087543739993313,0.9918103239214155,0.0019949032631330077,1.757826940024232,0.004480431848852901,0.0011336032388663967,0.005508987183432734,0.8610156295926543,2.8445805675958447e-05,6.549855096335777,0.02350464829358321,6.846035125066542,,0.002213225371120108,0.00175815471622991,2.184864212211019,,0.02752634340509356,-0.2831716000704523,0.0,,3.0,2.0,0.6666666666666666,,0.5883666997231898,0.000767986461121084,0.8610156294368342,1.4777094823368886,0.0051786650272053905,1.0609047036387222,0.44670823247022523,1.0,5.398110661268556e-05,1.9460916600670541,146.25914943702466,0.0358958738554605,0.317928711394653,1.1457985823660757
SYNTH-ECLI-0301,eclipsing_binary,0,0,True,2.602855881904929,0.388,0.216,0.010212542770979844,109.32570325554475,199.85712759851125,19971.435725963704,2.602855881904929,0.010212542770979844,0.216,0.08298577016946401,0.002734433836538051,-3.0206150643499012,12.781931088910268,0.0010471977127250454,0.9857965333853339,0.9964289284841676,0.002092804997224418,0.9828194851888563,0.014203466614666094,0.5369284189854243,0.04131683605832965,0.0015466195315952276,0.010627400535196951,0.7962317619151281,0.00014025615758483934,6.587845485042811,0.08298577016946401,7.1942235881400745,0.6666666666666665,0.04407865665046399,0.005051746406677431,3.4197820097073346,,0.07142300824259118,-0.8633343885243678,0.0,0.6134938171910858,11.0,10.0,0.9090909090909091,0.07598927019288845,0.11003053971950334,0.002468163711425775,0.7962317618493923,6.835242400071732,0.0207583444731381,1.8510762196153394,0.9395738827560579,1.0,0.0001104728236853734,1.7140098860317052,30.63358161909772,0.43870255462404917,8.035459337538338,3.5217517908421194
SYNTH-ECLI-0302,eclipsing_binary,0,0,True,7.6719561574937645,3.516,0.128,0.012647710301771897,69.1751657978041,143.11425151844784,10240.844493843191,7.6719561574937645,0.012647710301771897,0.128,0.016684141224526286,0.002306768829495076,-3.0040334186212707,16.971358197806858,0.0010679292442073995,0.9887274999831765,0.9969348912319168,0.002138471552779575,0.981842563999909,0.01127250001682345,0.8250433146221983,0.02587997230949465,0.0007455136056233026,0.01288344381426354,0.9863354450437697,0.004481933517827552,6.577219743126171,0.016684141224526286,8.295306516299982,,0.015176526971617232,0.004169124094188457,2.684388022672625,,-0.0581200235717439,-0.7857208374629474,0.0,0.5971587702237541,4.0,4.0,1.0,0.024170825061682184,0.26249228953094095,0.0001780927219457995,0.9863354449680909,0.3667502793261147,0.35625007148938237,1.4852670434067496,0.8207911386258576,1.0,5.32509718302359e-05,1.5736742284816478,135.11385051043186,0.2273549485412751,,7.363074559701986
SYNTH-ECLI-0303,eclipsing_binary,0,0,True,3.284294424373565,0.158,0.084,0.010127379737101075,216.04316340260954,80.6514699964735,3252.3298062960343,3.284294424373565,0.010127379737101075,0.084,0.02557626970853013,0.0019439768582505243,-1.8709250317875599,12.053223026788983,0.0011196955912218254,0.9950995712908696,0.9971162128422673,0.0022416192603498253,0.9831784950213933,0.004900428709130433,1.4144184621885378,0.00970507359680811,0.0010783415107564565,0.010598635581081872,0.9438849355365266,2.3919202594480105e-05,5.460486388005192,0.02557626970853013,6.4319283501054585,,0.009058068690354235,0.004735782217906496,2.8739748314064424,,-0.2280942873876571,-0.5512449140984192,0.0,,9.0,8.0,0.8888888888888888,0.058608974124405605,0.1359256026207206,0.0006105003844499857,0.943884935449768,0.8731063356849975,0.005694813626985244,1.1797291991856722,0.1696011955805495,0.0,0.0,1.971582169205495,200.95930936721476,0.12288498620583695,1.2302416689114088,1.7179993695498055
SYNTH-ECLI-0304,eclipsing_binary,0,0,True,1.1646314200079844,0.458,0.084,0.0045708162181099235,282.9158513133386,135.8422216755306,9217.866690357036,1.1646314200079844,0.0045708162181099235,0.084,0.0721258232921658,0.0016073210218029638,-1.5596103516779158,4.604985119841709,0.0008087201944201317,0.9933698357593173,0.9971927114055003,0.0016155709420808684,0.992027214626971,0.0066301642406827455,0.9383100652692546,0.038206248988181965,0.0008094544277157196,0.004612185138406222,0.8684920236152857,0.0002207603912012246,4.0911166754998485,0.0721258232921658,4.125753992653204,0.6666666666666665,0.05730937348227295,0.002339580695123868,2.0928332459301857,,0.06321824621430525,-0.654536777322273,0.0,0.6372789378855794,24.0,23.0,0.9583333333333334,0.0839691549989343,0.049679959392613805,0.0006581292599505684,0.8684920234417427,4.579562936570632,0.05788838365921403,1.4378024567917806,0.4618654829870586,1.0,0.0,1.8844873085779648,21.822755651624668,0.38311906692219755,4.3865390635222345,4.3505770187908395
SYNTH-ECLI-0305,eclipsing_binary,0,0,True,2.448033006511256,2.362,0.17200000000000001,0.0033894941189577294,157.8141814388433,130.3166674438137,8491.216906830894,2.448033006511256,0.0033894941189577294,0.17200000000000001,0.07026049058264981,0.0011257298704697946,-1.5677588454088083,4.815996427663532,0.0005763591698795256,0.9952687557120609,0.998084658491187,0.001157130737272305,0.9942439586965338,0.00473124428793914,0.9558279812446449,0.03665092034533311,0.0007601672367920942,0.0034134496287908656,0.8243488610251043,3.097040338684298e-05,3.866293578169176,0.07026049058264981,4.270846384664436,0.6666666666666665,0.0498995493294239,0.0016282560348640153,2.037244475838459,,-0.010323727340427207,-0.7366975201878847,0.0,0.6125235513704956,11.0,11.0,1.0,0.098499518185095,0.10258189089228055,0.0006723386481943816,0.8243488608097399,6.479980672845226,0.02158827562315631,1.4084928357673592,0.8263933316280584,1.0,0.0,1.8417815242504505,21.10520147567045,0.3542880883074605,4.4046902059324795,3.5336714728769056
SYNTH-ECLI-0306,eclipsing_binary,0,0,True,1.7568578440132983,0.886,0.084,0.007761848507821138,154.86747435655442,132.16756405017534,8734.132493478694,1.7568578440132983,0.007761848507821138,0.084,0.04781263338194378,0.0018939004891240995,-2.784590300938135,14.957975675524569,0.0008971330891054397,0.990660623902526,0.9975470128421489,0.0017900032870399318,0.9860949906419049,0.00933937609747404,0.885368331313983,0.02187008194497205,0.0014652412221197156,0.008136461886803836,0.7799667267082524,0.0001875384963004878,5.931744254748819,0.04781263338194378,6.290308873402225,,0.025614587290389103,0.004990740553611629,3.8583477715476,,-0.05043400648890283,-1.0468819999933123,0.0,0.6848862877930357,16.0,15.0,0.9375,0.14421396377185838,0.08152312518179082,0.0021543723317595243,0.7799667266285917,4.656309040238459,0.03198889361540123,1.4641768397391075,0.4070360830290819,1.0,5.426819341184132e-05,1.8396326387112867,90.29739178967887,0.2826621391880245,5.4223636634089925,3.9415268843030136
SYNTH-ECLI-0307,eclipsing_binary,0,0,True,1.6015348785132948,0.108,0.128,0.011075271486368908,157.01828765653036,358.65713658650395,64317.47081221506,1.6015348785132948,0.011075271486368908,0.128,0.07992332962415556,0.003880726983752024,-3.3655722576144025,14.034526238884222,0.0011410262222797396,0.9794008362535103,0.9920082315396405,0.0022838930751734043,0.9749988856199313,0.020599163746489735,0.19522018470087116,0.07153907708722326,0.0009069085089357162,0.009621429537496673,0.38872296939479106,0.0006584569666618911,7.540591235288176,0.07992332962415556,6.313163878717072,0.6666666666666665,0.08220858895705521,0.006423392758689788,4.214751143261408,,0.025414935499034633,-0.7191341603774859,0.0,0.5972067948110134,18.0,18.0,1.0,0.6023394528870943,0.08208819969817005,0.010042273565459836,0.3887229693711294,36.201089939171624,0.07140364674212792,2.546364375637294,0.8083421700625649,1.0,0.0,1.1354659702240795,34.514216445590016,0.6197869321205602,4.375161420591537,10.427909669604302
SYNTH-ECLI-0308,eclipsing_binary,0,0,True,12.013290777277227,1.056,0.216,0.01713334658826567,73.04799157965489,305.2422017319811,46586.40085909317,12.013290777277227,0.01713334658826567,0.216,0.017980085890250606,0.0021399950140574935,-6.775246544933637,58.387165784982884,0.0005352500138993133,0.9899126445850948,0.9984159626950917,0.0010705483015505113,0.9748151956611706,0.010087355414905241,0.2640220540859088,0.029729004561309363,0.001663536356318755,0.017705979304170283,0.9719952723758832,0.0051354209553127195,17.744785940242984,0.017980085890250606,22.62014681338197,,0.00982023074859136,0.005786483746559136,7.392480790350154,,0.10276445601221762,-0.8963987911525901,0.0,0.5756343921061418,3.0,2.0,0.6666666666666666,,0.5063929664308802,0.0005069328991421651,0.971995272322187,0.44993709683728234,0.3003027014352012,2.7339352749884123,0.48347256129324195,1.0,0.0,0.7929538898185484,301.8599959762575,0.2912540594233042,,5.415836869094818
SYNTH-ECLI-0309,eclipsing_binary,0,0,True,5.724827198730993,2.472,0.128,0.003951565418921684,92.6725347732276,31.048022743739335,481.98985814787767,5.724827198730993,0.003951565418921684,0.128,0.02235875347091235,0.0015038719140166921,-0.3587165880977212,1.5576792066295653,0.0009693061039663942,0.9963640348051548,0.9975412962937714,0.001939580351583925,0.9902478102570595,0.0036359651948452143,1.876040837107102,0.005048064013747919,0.0011814617904516405,0.003758210530279138,0.7484524762068592,0.0,2.8117199597256697,0.02235875347091235,2.6290717366971696,,0.006873959508082273,0.004241496522441324,2.967156453478824,,-0.37957381133915624,-1.0668151541011452,0.0,0.7097457431535955,5.0,4.0,0.8,0.09883840217923211,0.28847736364436205,0.0010868040822729075,0.7484524760336252,1.3257335328121544,0.0,1.0520398239798177,0.1050780509310976,0.0,0.0,2.0242617930003295,216.82249535135634,0.046729821746708686,0.3003519556821331,1.048281711458715
SYNTH-ECLI-0310,eclipsing_binary,0,0,True,2.839114212802932,2.366,0.17200000000000001,0.004990240396956534,80.53024148265908,87.76254696072068,3851.132324516411,2.839114212802932,0.004990240396956534,0.17200000000000001,0.06058227570570048,0.0019160810605108071,-1.193819647495898,4.467093715765325,0.001102393010934788,0.9930531454841882,0.9969633883464899,0.0022014697895145208,0.9887654887809206,0.0069468545158117845,1.249700539035054,0.020286267757210503,0.000753336203185536,0.004715944327659094,0.41169101615914255,4.9354659076406016e-05,3.0442469347933763,0.06058227570570048,3.0131239924328095,0.6666666666666665,0.03852776582006027,0.0031800063990408507,2.031778348366562,,0.002106091164924386,-0.6177732771934137,0.0,0.5393597679090357,9.0,8.0,0.8888888888888888,0.5583407188495304,0.17897338226292692,0.004905589587097636,0.41169101610976994,26.789786346205688,0.02255861596455265,1.224227729112531,0.45780509437502925,1.0,0.0,1.8489968984218494,40.45245856400608,0.2431421128068457,2.579513997025384,3.3446614272793913
SYNTH-ECLI-0311,eclipsing_binary,0,0,True,9.467838238507708,6.724,0.128,0.010991838539482246,48.93707942678759,180.99372076384142,16379.363477969795,9.467838238507708,0.010991838539482246,0.128,0.013519453625580212,0.0016841324969611925,-4.620964895448019,34.155966747925305,0.0006705313619351783,0.9919865353936358,0.9981028186489359,0.001345340726544908,0.9831612772482262,0.008013464606364207,0.6377343145810985,0.02384746122795836,0.0007435734013171871,0.011513420161041843,0.9961976871513734,0.003066264682546671,10.139023976953975,0.013519453625580212,11.773490389735885,,0.012853197365625664,0.0042393754544440086,4.33513634291465,,0.0045286711309925455,-0.8277197993146084,0.0,0.6213328214510779,3.0,3.0,1.0,0.012198568139326916,0.3374772439820514,4.3940217046456453e-05,0.9961976870651685,0.07589286088384643,0.28055983307548765,1.722174426944588,0.7708500585207418,1.0,5.311238580837051e-05,1.5740412481919606,336.44225279644667,0.2514911402559187,,2.5145138724485347
SYNTH-ECLI-0312,eclipsing_binary,0,0,True,0.9589632454205127,0.8620000000000001,0.084,0.003978407259105994,234.74529907129778,136.3890210716549,9300.9825344422,0.9589632454205127,0.003978407259105994,0.084,0.08759459802149702,0.001679336456914909,-1.9764866609112468,8.071904911309515,0.0008447074617543571,0.9930571298891678,0.9972625797541234,0.0016867638068647217,0.9890322808137313,0.006942870110832167,0.733585851540576,0.03146116006270609,0.0005946267365803557,0.0036860196570738246,0.44700656612841233,0.0006984049438443218,3.766328186308375,0.08759459802149702,3.145530070451638,0.6666666666666665,0.06643602356884155,0.002783116970956231,2.3750220932562347,,-0.03469792869856237,-0.2763541087106569,0.0,0.6199063607043357,28.0,26.0,0.9285714285714286,0.4774191857896141,0.05870972162532044,0.0034052034995950553,0.44700656605582,18.362991322248234,0.1993609901773409,1.433091468596517,0.7614102526554846,1.0,0.0,1.5031102794455038,33.9419596861127,0.38071458647829537,2.325938266063997,8.787226317428273
SYNTH-ECLI-0313,eclipsing_binary,0,0,True,3.927654495819676,3.652,0.216,0.008094683773758335,146.96593778371945,89.88109967837867,4039.306039697345,3.927654495819676,0.008094683773758335,0.216,0.0549946539925789,0.0021079361900306006,-1.6522704677139082,8.178679445314664,0.0011720813940548913,0.9917033631737516,0.9969055186006249,0.002344607204785132,0.9856441304000849,0.008296636826248371,1.3229798036090892,0.015339623682613254,0.0011035700491088673,0.008568745076174888,0.8510013060996963,0.0,4.856943177474573,0.0549946539925789,5.052736613296199,0.0,0.019312475859405175,0.005018220455119494,2.9590968107657902,,-0.08507600412816611,-0.9984865964080027,0.0,,7.0,7.0,1.0,0.12972187556948628,0.16040468884683667,0.0013825419862557586,0.8510013060079825,2.5401430303439274,0.002447537383168926,1.2429878904291405,0.21044973742548476,1.0,0.0,2.0008397564987335,67.56513057478129,0.1896670449182833,4.735819174421737,2.370882389647289
SYNTH-ECLI-0314,eclipsing_binary,0,0,True,5.509696244629644,4.1579999999999995,0.084,0.021380257990171316,76.98446490284263,396.88689809610526,78759.60494017153,5.509696244629644,0.021380257990171316,0.084,0.01524584954785405,0.0031009506220141016,-7.339343346152415,64.576994106417,0.0006662045026793462,0.9833144212906184,0.9980807859277749,0.001331908970809148,0.9645394617187418,0.016685578709381477,0.17343651035396723,0.03050397877984085,0.0017506631299734749,0.02193824474390682,0.9724668868255886,0.005346700726323483,20.46662287773601,0.01524584954785405,22.614959274843546,,0.015225464190981433,0.011560954518028875,11.917567638411791,,-0.12176332052544254,-1.0572181412701638,0.0,0.6736570851131458,5.0,5.0,1.0,0.013982112594779153,0.20451749966632574,0.0006069953784214599,0.9724668867814777,0.4484389752113302,0.2529283093338656,3.196603595628458,0.6275601499516786,1.0,5.305039787798409e-05,1.0410606091547534,531.960986152062,0.4180855690520045,,5.512416046100797
SYNTH-ECLI-0315,eclipsing_binary,0,0,True,3.9641584451870333,0.9319999999999999,0.128,0.010024297832479058,92.58342610094527,212.89282383557085,22661.67722034181,3.9641584451870333,0.010024297832479058,0.128,0.03228932490208797,0.0021795782239352707,-4.10605176121159,23.74265850749886,0.000799177782659144,0.9877074153287297,0.9976952415617213,0.0015986722790712893,0.9812653234760967,0.012292584671270257,0.5278123222406915,0.029923859219423886,0.0009584154198391992,0.010184217834163345,0.8001074275261043,9.093885840427696e-05,8.354106113791401,0.03228932490208797,8.905897795434226,,0.030030349821628242,0.005209283511944658,4.555415771763204,,0.007480288452766554,-0.911954119768843,0.0,0.6575853731490418,7.0,7.0,1.0,0.13542288647604797,0.16805193115795428,0.002280637600391655,0.8001074274559767,5.045656266995403,0.014834510614261264,1.9059982038489296,0.3750056579216219,1.0,0.0,1.9076649452666954,119.73891896102374,0.40501412690388733,6.060584461488062,3.1076662105959527
SYNTH-ECLI-0316,eclipsing_binary,0,0,True,4.440660998646988,2.66,0.128,0.006202691090473152,73.75197969164017,76.56041056218103,2930.748232724863,4.440660998646988,0.006202691090473152,0.128,0.02882453761703493,0.0020975884515505097,-1.7068154013373589,10.1699835114668,0.0011847418367853524,0.9936444001638803,0.99686199580447,0.0023681751529616157,0.9822705931095568,0.006355599836119663,1.344206290321027,0.013538002345165761,0.0012791813239526704,0.005275239997725389,0.3754447477462032,6.801274666656809e-05,3.5439132123379085,0.02882453761703493,3.070379631102202,,0.02409124826777529,0.004549129018664934,2.647756895266827,,-0.06682198763260831,-0.27664650637373356,0.0,0.6337635782542548,6.0,6.0,1.0,0.6416159683606302,0.2427905046968554,0.006140691819934152,0.37544474770801756,12.566772038032635,0.01878982712806347,1.220872009397279,0.2732706699160846,1.0,0.0,1.9646115064231064,183.01155541350946,0.1852578705880968,1.6362874962081257,2.1039407058594026
SYNTH-ECLI-0317,eclipsing_binary,0,0,True,5.949885787679409,4.008,0.128,0.003968483816116879,44.44710332992512,54.137296359877155,1465.423428578544,5.949885787679409,0.003968483816116879,0.128,0.02151301799188366,0.0015246420653052227,-0.4040608764766779,1.0253916186867595,0.0009780977715880823,0.9957599037199858,0.997503173025131,0.0019555546135248125,0.9920142673301325,0.004240096280014205,1.6879727373687226,0.009333404040939705,0.0007954605716709975,0.003956520153157617,0.8373248424570451,8.251352911148313e-05,2.2871384038047418,0.02151301799188366,2.7902245187288477,,0.019356207243994273,0.0018256889578728028,1.2875157705853542,,-0.030175828529359842,-0.40869210348230833,0.0,0.6150001133358172,4.0,4.0,1.0,0.10294623510153662,0.2795692706521705,0.0007042832525498977,0.83732484226364,3.6293168308161348,0.026116281404641634,1.0752109197535409,0.3878279837120558,1.0,0.0,1.9497620093913393,59.23267774574312,0.12268571767481717,1.5727016471482895,2.5442220446632757
SYNTH-ECLI-0318,eclipsing_binary,0,0,True,1.7548864665479327,0.528,0.128,0.007358337170807079,169.64684610776428,216.8892864520971,23520.481288849955,1.7548864665479327,0.007358337170807079,0.128,0.07293919147475734,0.002544180070424248,-2.1201524917863352,6.244871627047525,0.0010611142085925063,0.9890292883042647,0.994107887280531,0.0021289128326444917,0.9863427663600296,0.010970711695735269,0.5180411435979752,0.06106748726655348,0.0009550084889643464,0.0072515137241032646,0.688046721137356,0.0002841645243991664,4.98853616169085,0.07293919147475734,5.115799799435764,0.6666666666666665,0.07735568760611206,0.003329740232498546,2.349066010448149,,-0.02029869043571352,-0.69689719729385,0.0,0.6432118751282939,16.0,16.0,1.0,0.2548787945565013,0.07560341584036233,0.00277562133217113,0.6880467210600262,17.06187806320097,0.054526317905789774,1.7948688217665008,0.8109702653740856,1.0,0.00010611205432937182,1.602910626173175,18.69854593399556,0.5182366372214171,4.868890342320203,6.535159390997425
SYNTH-ECLI-0319,eclipsing_binary,0,0,True,1.309984812566632,0.722,0.17200000000000001,0.014373001132240458,174.9947540879051,474.8893329398212,112759.93927001402,1.309984812566632,0.014373001132240458,0.17200000000000001,0.1312992321361369,0.005246516299708448,-2.442743791918926,6.4036124355350434,0.001585422839759154,0.9776376652347466,0.9855678302446497,0.0031676916801361976,0.9735431688118168,0.0223623347652534,0.1296152458823323,0.09402455661664393,0.0003819918144611187,0.0143533991440139,0.6802534801045504,0.0012500507672490446,8.299726414265706,0.1312992321361369,6.940751026611669,0.857142857142857,0.10581173260572987,0.006825307468549318,3.3004558254084944,0.998718931204722,-0.021694054535934697,-0.815885850460901,0.0,0.610728604920591,21.0,20.0,0.9523809523809523,0.26659633967126467,0.06067260116522805,0.0056719079435327835,0.6802534800662021,17.870190677297465,0.08894360011869856,2.5370132209082388,0.8454725150820175,1.0,0.0,0.7738336242821072,10.089403817239402,0.6847666690511125,2.9778908071497625,14.44868439187657
SYNTH-ECLI-0320,eclipsing_binary,0,0,True,4.884473461897015,0.928,0.04,0.004566630913235666,82.61215518753154,42.58999285658932,906.9537457621583,4.884473461897015,0.004566630913235666,0.04,0.00818921431594081,0.0012712885787807356,-0.5961070150937696,3.2236033914848097,0.0008047302065500306,0.9969879872689805,0.9979667547229939,0.001608773247715689,0.9905010445445603,0.0030120127310194755,1.7359639821132482,0.006007442849548112,0.0014885699096225413,0.0040253409361341586,0.382599997682917,5.014180382290068e-05,3.156754072691577,0.00818921431594081,3.4011955847034923,,0.006485911749069644,0.0027106043070871506,2.2903141739832544,,-0.013250311677388894,-0.8880114327827684,0.05373140291841745,0.47678022369013495,6.0,6.0,1.0,0.6139820713394917,0.23959160359524853,0.005037979334523879,0.3825999976360297,18.377160065126425,0.012131030004776461,1.0741701559286025,0.2425712066362676,1.0,5.31632110579479e-05,1.9340492282098967,466.2813068021798,0.05938078582737138,,1.5355438013196294
SYNTH-ECLI-0321,eclipsing_binary,0,0,True,1.7258379183735655,0.36400000000000005,0.04,0.00768418301100055,171.10298793693977,203.6058644576225,20727.67402076786,1.7258379183735655,0.00768418301100055,0.04,0.02317714750275977,0.001451713126886543,-3.5900333850319766,18.50743729356854,0.000547681535531197,0.9922942409299247,0.9983252757497669,0.0010974264463574634,0.9887393270854153,0.007705759070075313,0.5135319955590993,0.034501089787890064,0.0009568869278613577,0.007695252917715556,0.7720209921201889,0.00016678567334804661,4.7003608696600905,0.02317714750275977,9.713154836658132,,0.020200946254850884,0.0018552731080444945,2.3417755277722314,,-0.06204126636483239,-0.6705352976125596,0.09122977928225144,0.555522404116946,16.0,15.0,0.9375,0.17001447733055342,0.07980329014024894,0.0019900615096155594,0.7720209920317471,11.559751406756044,0.02771943547437324,1.8323912846836128,0.8755943850348591,1.0,0.0,1.212276595275672,66.11134033850088,0.30637892833983277,5.835680735080296,5.723573188306443
SYNTH-ECLI-0322,eclipsing_binary,0,0,True,1.8424051489594329,0.7000000000000001,0.04,0.007380110160492836,125.93070706399006,137.1584053686172,9406.214081630958,1.8424051489594329,0.007380110160492836,0.04,0.021710751309282596,0.0016034571488149,-2.9209995731572285,16.679256750777803,0.0007601782961014214,0.9927263786632062,0.9978880383413817,0.0015232084770271381,0.9866779588413753,0.007273621336793767,0.8532927209421727,0.02479426599415981,0.0013273161667109105,0.007157198351939842,0.4641499450747057,0.00017491112470979786,4.681524867701898,0.021710751309282596,6.516934722688615,,0.019909742500663657,0.003877839614122525,3.5309385583037587,,0.08272800128654816,-1.1442876827426538,0.032065061993358124,0.5670489090905992,15.0,14.0,0.9333333333333333,0.09974758155076066,0.0941821813011107,0.005354351005361191,0.4641499450282547,25.938715804550927,0.031226934157625234,1.4600162040532114,0.7579464922130819,1.0,0.0,1.6360751630507193,172.39603522937264,0.24672422981465128,3.278405842114634,4.539309992959836
SYNTH-ECLI-0323,eclipsing_binary,0,0,True,5.987853346553279,5.862,0.084,0.0028319981812922335,93.50097229055949,48.08881237200047,1156.2669376746753,5.987853346553279,0.0028319981812922335,0.084,0.014028399684897424,0.0007385390155660223,-0.6353820766828764,3.355441053949286,0.0004666729361666455,0.9982204762218635,0.998844203526627,0.0009333763078798185,0.9947639389905061,0.0017795237781365048,1.7476202410312949,0.005971104121128112,0.0012262088820173803,0.002904907113533972,0.8533359373124271,7.96441341034404e-05,4.317031200504394,0.014028399684897424,4.22740914639071,,0.007303939862451351,0.0017997782395024649,2.619153967333459,,0.052343587978059304,-0.8827136460338614,0.0,0.6449714796657342,4.0,4.0,1.0,0.0962839214704215,0.2759793854446125,0.0004803043267235241,0.8533359370518554,1.5929431158398426,0.029346918056144918,1.074769852304154,0.10282770432753814,0.0,0.0,2.007833249792039,281.2967684104381,0.07153740078072458,,1.4203155236867748
SYNTH-ECLI-0324,eclipsing_binary,0,0,True,1.24187367355094,0.088,0.128,0.005329318367551192,182.44089376119737,160.81189123245477,12930.232180879424,1.24187367355094,0.005329318367551192,0.128,0.10307006479491944,0.0018714202272075715,-1.8799071846399678,5.653384333631665,0.0008697969421799234,0.9919814080468663,0.9964534049622374,0.0017402637879340155,0.9906405076223891,0.008018591953133702,0.7229095058164186,0.04657473555961677,0.0003876612947887246,0.005523069161899263,0.7184435113576014,0.000281531104553423,4.582334316394776,0.10307006479491944,4.6386163829229865,0.7999999999999999,0.06479481641468683,0.002944136722874794,2.4726688071376537,0.999025047407551,-0.04732620617643725,-0.8454104493786674,0.0,0.6429205186594176,23.0,21.0,0.9130434782608695,0.18975152244402133,0.061198930852853814,0.0019542067529982887,0.7184435112540901,12.247315545498955,0.061399392746284594,1.5717348942763123,0.7335774498983526,1.0,0.0,1.7263426511277749,17.00556806931344,0.43541825359320957,4.889353324538849,5.9895118510333
SYNTH-ECLI-0325,eclipsing_binary,0,0,True,2.0582032096680076,1.996,0.04,0.013856202811688013,142.2426400187769,125.76615196016914,7908.562489434102,2.0582032096680076,0.013856202811688013,0.04,0.01943442698568723,0.002100762619133713,-3.8600774948504837,27.70526623627605,0.0009517415592759648,0.9906459570508518,0.9975213825942141,0.0019064815996506779,0.9798751914622611,0.009354042949148211,0.8396096557724033,0.016433941997851774,0.0008592910848549946,0.014547646156591432,0.916080183664306,0.00025994690289976585,7.394429184514345,0.01943442698568723,10.414706302422955,,0.008270676691729323,0.004706058897779401,3.36908258110675,,-0.18684784071888066,-0.43030319928869254,0.0017017376869053902,0.5712883134884119,13.0,6.0,0.46153846153846156,0.04234734091218545,0.18938124705376677,0.001294266278610512,0.9160801836049076,1.4760327325750948,0.023501070330266997,1.5039426621930378,0.5952444363341929,1.0,0.0,1.3792542421440925,208.09666624174582,0.16104638011354427,,15.244274883414061
SYNTH-ECLI-0326,eclipsing_binary,0,0,True,3.288898956379387,2.616,0.128,0.002462101417525002,64.90226039773009,48.49855624986698,1176.0549791607893,3.288898956379387,0.002462101417525002,0.128,0.03891879978608705,0.0014724716704704586,-0.2644417396824144,0.5254124836353862,0.0009609627085402916,0.9961166780585101,0.9975062585724273,0.001927047156708106,0.9928330948196986,0.003883321941489881,1.730668430956265,0.006417055579126008,0.000742469240560034,0.0024874865138462265,0.6940942530351522,0.0,1.732695277062707,0.03891879978608705,1.7992179349735185,,0.03903266864658464,0.0017697623314185493,1.2800825691333355,,0.039803226428000556,-0.27840006180613974,0.0,0.6475327126671558,8.0,8.0,1.0,0.23353786750187344,0.15837686712955404,0.0009101293930037224,0.6940942528018584,7.2440943036112,0.0,1.065049970524038,0.290362403210051,1.0,0.0,1.976294459101853,35.29247185511905,0.15675264790344934,1.5607132175478278,2.4751204777240043
SYNTH-ECLI-0327,eclipsing_binary,0,0,True,4.88956384844189,2.7600000000000002,0.216,0.015964983927581514,79.43126013462363,488.6236608824067,119376.5409870639,4.88956384844189,0.015964983927581514,0.216,0.04417571928605261,0.003529050749460493,-4.6829098422168585,27.319880424302173,0.0006375400486658966,0.9789289871680004,0.9978434566923734,0.0012745557137388008,0.9700492448841851,0.021071012831999636,0.12110214685386018,0.04361821986158056,0.00386286817962337,0.0164178926704881,0.7575389594947199,0.00011487545836552648,14.959331041306196,0.04417571928605261,18.2448920392762,,0.03803852137990236,0.0076658136406096864,8.518872980424748,,0.0035846615304661435,-0.8278126496697178,0.0,0.6246164228893282,6.0,6.0,1.0,0.12928964773972895,0.20294021131007856,0.0046461327444641265,0.7575389594551875,7.57391144949889,0.009788697343634271,3.921767014640816,0.5190953615435604,1.0,0.0026825473469606737,0.9969093097361548,80.08850585675413,0.6216248412649563,16.064583408192068,3.571944827399633
SYNTH-ECLI-0328,eclipsing_binary,0,0,True,4.270884480827926,3.628,0.216,0.0111466268481545,106.18733836305145,246.43097246144566,30364.11209414741,4.270884480827926,0.0111466268481545,0.216,0.05057500406991286,0.0020697015916834125,-5.2718057520455615,36.20172184679587,0.0006528764916613472,0.9873892444471191,0.9981620063201618,0.0013056453038144955,0.980956957204349,0.012610755552880937,0.39971440985269996,0.0251743679163034,0.0013622493461203139,0.011314441636515737,0.7589203444647455,9.584433568687878e-06,11.195675884186745,0.05057500406991286,12.0483459293274,0.0,0.0229947689625109,0.0060719147381917,6.46576575047352,,-0.07872374622850005,-1.063528385124429,0.0,0.6311285794975147,6.0,6.0,1.0,0.18502188409536144,0.19186837033251655,0.0032173522257862297,0.7589203444078787,5.727750946724772,0.0037295060103783514,2.203951511544535,0.8095468802897678,1.0,0.00010897994768962511,1.7614451336089691,109.55841423417462,0.405920886543656,10.667328658422564,2.3704355664729584
SYNTH-ECLI-0329,eclipsing_binary,0,0,True,2.6100958970869965,1.33,0.084,0.004025515191017862,80.9441964677384,70.06372744038993,2454.462951420634,2.6100958970869965,0.004025515191017862,0.084,0.03218272558251534,0.0016245961328731236,-0.899889962332832,3.558848562935827,0.0009767966192240074,0.9949461780029367,0.9973887425845737,0.001953091218459102,0.9899922420143972,0.005053821997063279,1.4858927379054814,0.013693540682554005,0.0009553633034340003,0.0037172677194937664,0.5174226182718593,0.00010194034237298588,2.8045512072887226,0.03218272558251534,2.636101379125459,,0.03136776179608301,0.002685650407706427,1.9045296916542511,,-0.23661707586952263,-0.6071753269031559,0.0,0.6828702698201288,11.0,10.0,0.9090909090909091,0.5099408171744191,0.15193705830160312,0.002612291166522396,0.517422618176274,11.092769024936931,0.03825557660761021,1.1520827741112905,0.12326334019331055,0.0,5.3075739079666685e-05,1.9780699036444211,82.29026026683557,0.1901134748555319,1.975238191664999,2.2016824368284778
SYNTH-ECLI-0330,eclipsing_binary,0,0,True,5.912396681633616,1.484,0.128,0.003729260416446396,57.124559600801355,100.42151624301684,5042.240462273266,5.912396681633616,0.003729260416446396,0.128,0.021649426940114097,0.0008306598080169758,-1.7945028613377016,8.815718784518706,0.00044740747448479556,0.9966524214742896,0.9987961044850265,0.0008948059848385981,0.9941411021803934,0.0033475785257104373,1.2022818872664651,0.019203149103675727,0.001542635246555668,0.0037093137320629577,0.660039784364759,1.9532253429654922e-05,4.412924244011951,0.021649426940114097,5.7144574282877185,,0.01617107292941114,0.0014258515427443303,2.196624100474591,,0.04641852148387387,-0.8515453700857076,0.0,0.5762727751869214,5.0,4.0,0.8,0.282521217148741,0.3020271283331641,0.0016328244090459965,0.6600397842273361,13.24333640012662,0.009023275990064543,1.279689574185118,0.3225840601710398,1.0,0.0,1.842192528808031,98.90112215359694,0.1891090535543135,3.0247550201878575,2.6944929392677865
SYNTH-ECLI-0331,eclipsing_binary,0,0,True,1.1876748209712973,0.108,0.216,0.004567048666583292,148.97291971511487,148.73720906175117,11061.378679739535,1.1876748209712973,0.004567048666583292,0.216,0.18186796266620534,0.0019339845601173556,-1.7517626809096725,4.301233361224634,0.0008731154281598208,0.9922738293917518,0.9954558505366556,0.0017564361226011238,0.9912350761021527,0.007726170608248206,0.6249024730491474,0.058005896865034,0.0004813767374691618,0.005111440095465936,0.8831018824254009,0.0003406765139141177,3.7841992370358004,0.18186796266620534,4.336147780508809,0.7777777777777777,0.0756964919670257,0.0031008570040321833,2.630525637507973,0.984245183509707,-0.35366496380133233,-0.6176527336902424,0.0,0.6036940395299922,24.0,17.0,0.7083333333333334,0.14912393615790082,0.07425731815154167,0.0006445426688429512,0.8831018822652361,3.421658512321823,0.07173239085653725,1.6406419132897503,0.7921367877805844,1.0,0.0,1.3265269009622291,11.671554827021518,0.42010617914115217,3.2312893566120113,6.15766791759024
SYNTH-ECLI-0332,eclipsing_binary,0,0,True,1.8710601468326866,1.106,0.17200000000000001,0.006000222661954185,240.9490965903469,124.98517351132904,7810.646798828408,1.8710601468326866,0.006000222661954185,0.17200000000000001,0.09192649434127494,0.0011219302868767612,-2.9317833642930458,17.193884508554415,0.0005317632608575207,0.9946112723946858,0.998551908632112,0.0010651688175811191,0.9909477267408954,0.005388727605314392,0.9083265569832091,0.019452117863720073,0.0011510128913443832,0.0063283315945942276,0.768159550190566,0.00015841178926412347,7.679622592865168,0.09192649434127494,8.168143851706416,0.24999999999999983,0.014215009208103131,0.002288207795689791,2.9534499193683112,,-0.009862854314743623,-0.8623257329672582,0.0,,15.0,14.0,0.9333333333333333,0.13928601960111084,0.08175811330628438,0.0016358429678146047,0.7681595500816982,6.173503439992562,0.03149440247840431,1.4481048974462334,0.5268220889180264,1.0,5.7550644567219155e-05,1.6120647039138039,33.49421786751211,0.2106230690814355,4.75978644451935,5.941742760915367
SYNTH-ECLI-0333,eclipsing_binary,0,0,True,2.584218470706857,0.884,0.04,0.006222263205702163,100.62172452485333,25.719758923811238,330.75299954948565,2.584218470706857,0.006222263205702163,0.04,0.015478567487004637,0.0016129730705310332,-0.35984390071216465,1.622146790766677,0.0010408476951044299,0.996109537124265,0.9973730707427807,0.0020821355507517625,0.9896359708769379,0.0038904628757350235,1.8590482966133357,0.004585671126456625,0.001294777729823047,0.006487115061702964,0.933788576887641,5.425564248651149e-05,3.6534830839579993,0.015478567487004637,4.213220427592414,,0.002211911955114372,0.0032583069846746256,2.1161896184394764,,,-0.9149245617995643,0.025201344936521024,,11.0,0.0,0.0,,,0.0004464364626342032,0.93378857674915,0.41742778226166843,0.01008868885483037,1.0475860263427803,0.3582600660300173,1.0,0.0,1.940653825800357,192.2511623458035,0.02161641325358533,,2.2827723802663633
SYNTH-ECLI-0334,eclipsing_binary,0,0,True,1.5794302311628232,0.8540000000000001,0.084,0.008449446170924248,199.5524016643977,210.98757712126442,22257.878849750847,1.5794302311628232,0.008449446170924248,0.084,0.05318373571851713,0.001999401678522759,-2.894172107887917,11.708871416658535,0.0007862793088424525,0.9898475194184932,0.9972417434148196,0.0015744438023709284,0.9880424978227976,0.010152480581506751,0.5158207985225218,0.04280092717373726,0.0005390544984097892,0.008662033053702722,0.8999903829822192,0.0003344088916612531,6.614319215200111,0.05318373571851713,7.747691802131548,0.6666666666666665,0.03541588054552315,0.0026946782230216405,2.4102351316891752,,0.04913648572912317,-0.8268548946886223,0.0,0.5818958951338693,17.0,16.0,0.9411764705882353,0.06929545467257876,0.06752497876835066,0.0009188056511202358,0.8999903828842575,4.531741105647608,0.0462702330667692,1.7883501364886933,0.7694532514246661,1.0,0.0,1.4482677015467411,23.93142167530198,0.3963494869204601,1.9636802564840126,14.116987198204008
SYNTH-ECLI-0335,eclipsing_binary,0,0,True,2.7736561751245365,1.4500000000000002,0.17200000000000001,0.010994544437038664,130.13132031642263,338.75084502559434,57376.0675027769,2.7736561751245365,0.010994544437038664,0.17200000000000001,0.06201201199434074,0.00286269996789437,-4.311355355241078,22.77959696161211,0.0007468822934485475,0.9853016334538506,0.9964466472795457,0.001497978850499182,0.9759631703876606,0.014698366546149422,0.22996453884982007,0.051223861241692335,0.0012427730048089913,0.010921764389534627,0.5026022733410784,0.0001165465338176519,10.051813730560996,0.06201201199434074,10.521119543692302,0.6666666666666665,0.047603609445074836,0.005501010641514786,5.299216180304971,,-0.04282818388990849,-0.49514951861629886,0.0,0.5886929500845183,10.0,10.0,1.0,0.46285371812271603,0.13761244179266105,0.008510303725436041,0.502602273311703,23.540122828244755,0.019097428326640686,2.757687082940647,0.9050384328420256,1.0,5.4033608904738746e-05,1.364988025556568,57.918548243015074,0.5519324205658247,8.489231973284937,6.19030245171757
SYNTH-ECLI-0336,eclipsing_binary,0,0,True,4.466022952485713,2.048,0.216,0.004922330550234142,104.12179700158632,60.870365315129284,1852.6006867986612,4.466022952485713,0.004922330550234142,0.216,0.04836517910857983,0.0017050766789242827,-0.9594526978679812,4.169395509241631,0.0010328923390680034,0.995086159962066,0.997346729116252,0.002068050844318825,0.9893092317707329,0.0049138400379340474,1.5730644848611373,0.0113281891315055,0.0009303343731188092,0.0049632791473239735,0.8789823818663849,6.663399526374292e-06,3.225609811140809,0.04836517910857983,3.2991743822837263,,0.019099217424615553,0.0043056991781898115,2.862070015578893,,-0.07058661311925342,-0.9593413809200055,0.0,0.6542499211334104,6.0,6.0,1.0,0.08442642725784988,0.1890691743344137,0.0006653396529586741,0.8789823817065081,1.4545444575258906,0.005143355672810378,1.1333928904581958,0.1914810539690867,0.0,0.0,2.0194083389095994,86.90104898355648,0.14145517893896084,4.04673346112247,1.3044017201008113
SYNTH-ECLI-0337,eclipsing_binary,0,0,True,3.173229615745322,3.116,0.128,0.021528429101281752,117.90641787606666,415.94669979171164,86641.20541727498,3.173229615745322,0.021528429101281752,0.128,0.04033745284768358,0.004437693589075046,-5.011364252352617,28.510945652128346,0.0009626216564861401,0.9733375864168123,0.996840903092586,0.0019252779297980194,0.9623752716285465,0.02666241358318766,0.17725206759065681,0.04125799573560768,0.001652452025586354,0.02154110679085064,0.7871251274967641,0.00012684375264582215,13.889533742142142,0.04033745284768358,15.73536262697012,,0.03406183368869936,0.009189563434460505,6.7127986704099545,,0.06465735677611027,-0.8845642214368192,0.0,0.6316935768328918,9.0,8.0,0.8888888888888888,0.1587895523787106,0.14024143918679483,0.005271188140325345,0.7871251274649764,7.009927053519296,0.011046014045418209,3.241649490412229,0.8176476262486769,1.0,0.00026652452025586353,1.4923626587700352,76.8857445550256,0.5668776258276721,13.119105452971747,4.79660021496951
SYNTH-ECLI-0338,eclipsing_binary,0,0,True,2.480387884426168,0.634,0.084,0.008738955685219976,185.62962979341822,100.05958221533186,5005.959996553403,2.480387884426168,0.008738955685219976,0.084,0.03386567098130831,0.0022086122983780844,-1.3348208367317345,4.745728387564972,0.0012156300442238699,0.9910308944128956,0.9964759731972591,0.0024316228526736205,0.9878602758202606,0.008969105587104398,1.1367302967274806,0.02375437651494748,0.0012388903851333153,0.00904471669687057,0.9683659587747377,0.002251056365861759,4.220610303394674,0.03386567098130831,5.1380144459429005,,0.0197145165634258,0.0025723175017034706,1.4612513499595923,,0.05283165055988293,-0.4326647664716119,0.0,0.5638493291124028,11.0,11.0,1.0,0.05973352574380276,0.10067964711865868,0.0002911598156575268,0.9683659586695263,1.0737345507564529,0.2679451458517218,1.2546420495934454,0.7147613160292468,1.0,0.0,1.6498454188368699,29.048854145776545,0.19274843975821687,2.0306650355956806,6.2423816659831015
SYNTH-ECLI-0339,eclipsing_binary,0,0,True,2.0782605718467004,1.1760000000000002,0.216,0.008971844266528242,124.14456187447047,195.9213321540952,19192.584196517677,2.0782605718467004,0.008971844266528242,0.216,0.10393306928210005,0.0032094354574543197,-2.112813829032221,6.427428592270889,0.0013473102504342194,0.9863269327707388,0.9930341406623806,0.0026993396203869313,0.9826931850435112,0.013673067229261204,0.5649025109299043,0.05718012827481248,0.0011414284161321883,0.009236753038836976,0.6465413700520343,0.0002827989222174976,4.520236030532914,0.10393306928210005,5.064127764032994,0.7999999999999999,0.07609522774214589,0.004660447739170537,2.555129783109368,0.9907452297952732,0.05242174528759931,-0.7176927448592343,0.0,0.6065597687500544,13.0,12.0,0.9230769230769231,0.2787761281585511,0.10346898575775146,0.004187237623635709,0.6465413699974575,16.624792625631088,0.04172070865740469,1.759600060608832,0.7087135234994718,1.0,5.4353734101532776e-05,1.6453222990460894,16.70262984474087,0.5020077333233645,5.048239659127721,6.000171193459657
SYNTH-ECLI-0340,eclipsing_binary,0,0,True,1.3652576510986536,0.6160000000000001,0.128,0.007998857158607446,259.4559834966945,156.87150576607132,12304.334660657234,1.3652576510986536,0.007998857158607446,0.128,0.0937551969747216,0.002589164562765073,-1.882341687417437,5.812295742560124,0.0012218768909641464,0.9887474691503837,0.9952935693748458,0.0024469699691735958,0.9871321169537944,0.011252530849616083,0.7596803531799426,0.0441582845142036,0.000607936332485907,0.008109818888078602,0.8519840579368647,0.00028375092934807,4.673569201237294,0.0937551969747216,4.814122697355387,0.7999999999999999,0.05537747319553443,0.003682452613405322,2.1859648104090192,,-0.0638664523285123,-0.6431099254981314,0.0,0.6166001087421955,20.0,19.0,0.95,0.09146195235456053,0.06061877963882862,0.0013254059940905893,0.8519840578417186,5.8488642858818505,0.04317227175912578,1.5369709312643736,0.6439820791645204,1.0,0.0,1.7275975960755745,16.050317795439,0.4052392577829746,2.7406084165376177,7.40590228378437
SYNTH-ECLI-0341,eclipsing_binary,0,0,True,5.286216587363695,1.1560000000000001,0.04,0.007721249849549852,66.12347877418657,61.457918035878315,1888.537844652372,5.286216587363695,0.007721249849549852,0.04,0.007566848489639453,0.0014304328288724758,-1.8033799477985148,14.635423695810331,0.0008400259266338472,0.9966989235745454,0.9978868253373742,0.001681175182075556,0.9828218410934974,0.00330107642545463,1.5013398222621737,0.007603147596767333,0.0010102084219481072,0.007901655366200355,0.5259004310545236,7.140219073942244e-05,5.391815341030435,0.007566848489639453,6.372395794985137,,0.005210548702679711,0.0037512225871355015,3.025223694590253,,0.39395786037371083,0.11804688267634234,0.04063157491442036,0.5516622994487069,5.0,3.0,0.6,0.022281877034226634,0.34034732064347994,0.006766745958586506,0.5259004310176774,6.236496769334018,0.010432895865371529,1.1535917122767274,0.34059605856985914,1.0,0.0,1.8404987340058505,881.3601706625091,0.07458487863014622,,1.5419685761912518
SYNTH-ECLI-0342,eclipsing_binary,0,0,True,5.703947604673282,1.814,0.084,0.01604089339261368,52.533732141124,220.19870480887144,24243.73479975209,5.703947604673282,0.01604089339261368,0.084,0.014726642988651973,0.002341177392091961,-8.60994658844941,105.94498430770423,0.0007574822516177027,0.9931639730338103,0.9980876031806692,0.0015163269176073912,0.9611349087793469,0.006836026966189679,0.43614558811225645,0.012785145888594165,0.001273209549071618,0.014340795647464821,0.47025086978669095,0.00010253957700756544,13.978069522806484,0.014726642988651973,12.967000624378866,,0.012148541114058355,0.00885091072915188,8.003026315455735,,-0.021584664067604693,-0.4409942065817196,0.0,0.6648562730726415,5.0,4.0,0.8,0.5118084071793584,0.3543012012175154,0.011507715449154077,0.4702508697650433,8.534561934310315,0.008157306141158435,2.1169012829776195,0.15477626340704004,0.0,0.0,1.9345460848884757,1200.0932344190946,0.31042934938635325,,2.6982703866857882
SYNTH-ECLI-0343,eclipsing_binary,0,0,True,4.500292992666828,2.078,0.084,0.003808016819650664,61.576151697871644,67.10081794978127,2251.2598847648323,4.500292992666828,0.003808016819650664,0.084,0.01866545136880576,0.001225768737264502,-0.6849418906181243,2.160081927452171,0.0007594373879828975,0.9962065709905676,0.9980078755364646,0.0015178455319784234,0.9929080657585166,0.0037934290094323586,1.5654053426835295,0.012569610182975338,0.0006364359586316627,0.0037943685161214713,0.7415729243059106,1.4366391010156576e-07,2.9635757786217094,0.01866545136880576,3.4581939752541855,,0.019199151418721826,0.0014986636753344044,1.3658846448239441,,-0.05714792582185661,-0.5343811090914503,0.019455113075556106,0.6009984023763766,6.0,6.0,1.0,0.2099758272032807,0.19747997761724564,0.0011430426266529903,0.7415729241382505,7.171489917234259,0.005999837043827578,1.1171677300854264,0.662404453772116,1.0,0.0,1.9447292628201212,74.46895843149422,0.14581015457142807,,7.574853538280554
SYNTH-ECLI-0344,eclipsing_binary,0,0,True,10.034836943468818,0.9780000000000001,0.084,0.006664771789088442,58.681287221468516,68.48741486406439,2345.262997381253,10.034836943468818,0.006664771789088442,0.084,0.00837083855704018,0.0012797161724970986,-1.1684015921515134,6.122507062692579,0.0007730376687196117,0.9965612564178224,0.9980203678182867,0.0015432305150113734,0.9907060859252956,0.0034387435821775503,1.5291451438817936,0.01004624461808324,0.0010099399351512252,0.006847940481783388,0.9928436678779737,0.0017578352605280845,5.3613873775730685,0.00837083855704018,6.033318822064214,,0.007016424812629565,0.002161736616754649,1.90457937724579,,-0.011691398986010605,-0.7239449917218117,0.0,0.5940650802951205,3.0,3.0,1.0,0.019721424408545497,0.33854822326628414,4.926871245869435e-05,0.9928436677337621,0.11996207471160385,0.26501922972880243,1.1274828820381309,0.5215084580135493,1.0,0.0,1.906324161064391,226.51603788712296,0.09248791823177398,,1.1180068912246357
SYNTH-ECLI-0345,eclipsing_binary,0,0,True,3.221158706376527,1.492,0.128,0.00785898841137916,95.270354570034,118.02456095167183,6964.898493917506,3.221158706376527,0.00785898841137916,0.128,0.03973725347546966,0.0025585805478042047,-2.0171724598026572,9.325106339812532,0.0013082087238657225,0.989530381865228,0.9961677094716326,0.002625173461907049,0.981902092814712,0.010469618134771985,0.9849986428763545,0.02723299936047751,0.001385632061394159,0.007306121958305933,0.44160404911646667,5.052582923270599e-06,3.6826833142864914,0.03973725347546966,3.948105841201358,,0.03890428480068216,0.004548494583398347,2.4579302310950815,,-0.0370043909925576,-0.49825002128256113,0.0,0.5676274120536274,9.0,9.0,1.0,0.5067184147442825,0.16405648166402936,0.006690931649280918,0.4416040490796123,23.057516767925154,0.012225244491523873,1.382614041158463,0.713169958278739,1.0,0.0,1.7997980955704138,78.15387282253397,0.2983804573136345,3.2052445194973025,3.4478243683097918
SYNTH-ECLI-0346,eclipsing_binary,0,0,True,3.7973206265265067,0.316,0.128,0.00606327559978569,109.24382222572137,94.66625349236907,4480.8497751407385,3.7973206265265067,0.00606327559978569,0.128,0.03370797796368447,0.001951676282183565,-2.0954597364478436,11.820701671476705,0.0010520672633068662,0.992197366520301,0.997185856158707,0.0021016568311928996,0.9828419606267993,0.007802633479699006,1.1761987334003223,0.0178380115706021,0.001392757660167131,0.005748201241809525,0.5342389265224246,0.0,4.119345185994965,0.03370797796368447,3.805587896021473,,0.02908720805656739,0.004605075568004489,3.048783281001701,,-0.018401697782585897,-0.47710236043807,0.0,0.671563206078148,8.0,8.0,1.0,0.40109948499447845,0.16795911383889336,0.00417028092441829,0.5342389264627576,8.135494919260397,0.0016060241122021499,1.292104316461243,0.2734139545509737,1.0,0.00010713520462824084,1.9676871103605187,150.26928869768923,0.23351044368845392,2.3490553251875275,2.1941650184427055
SYNTH-ECLI-0347,eclipsing_binary,0,0,True,3.245670331171949,0.956,0.128,0.004642700561023744,99.31233390989809,149.52260757336305,11178.505087769016,3.245670331171949,0.004642700561023744,0.128,0.039437153789362724,0.0012630325901629598,-2.6799731013949004,13.007030686815977,0.000581020824694134,0.9941876541834912,0.9982411814527093,0.0011632150557628895,0.9911151721018767,0.0058123458165088016,0.8049087482274815,0.03083630177042905,0.0012228188633101175,0.004422627068093377,0.5545172177415961,6.875006873452438e-05,5.37832367393798,0.039437153789362724,5.381740766873726,,0.03631240363655697,0.0022606576442527533,2.750915511685846,,0.09056094014644303,-0.6816475277548428,0.0,0.6010071984933519,9.0,8.0,0.8888888888888888,0.41948989904234907,0.16400740638378264,0.002821838761584039,0.5545172176540546,17.368142598426562,0.025224488172190553,1.5369403469283434,0.5935207477305041,1.0,0.0,1.8626242804638207,77.3723575063748,0.34632771031405385,4.408346448747882,3.2707472403606594
SYNTH-ECLI-0348,eclipsing_binary,0,0,True,5.995505079719793,1.4380000000000002,0.17200000000000001,0.015715791328482196,58.745889545092155,209.10012937635577,21861.432052604312,5.995505079719793,0.015715791328482196,0.17200000000000001,0.02868815849757209,0.0029722053306016935,-4.7652105785125825,32.773651623241626,0.001071921790841479,0.983532906242272,0.9970506175388679,0.002142199120766297,0.9703516863487124,0.016467093757728035,0.5362044518717834,0.023582645727974447,0.001969656640936918,0.015807832124249632,0.7226541743881121,0.0,9.556064270469223,0.02868815849757209,10.243312419707985,,0.022251796646260313,0.0074826613212424925,4.8486874760501095,,0.018931330758682658,-0.7469641878917175,0.0,0.6364458336806393,5.0,4.0,0.8,0.22431750359695676,0.2987535606115622,0.005238425017196291,0.7226541743498516,7.091091292401969,0.0,1.925958445002134,0.20938630111231343,1.0,5.3233963268565346e-05,1.8830818197547703,178.607414511254,0.36390152877396936,6.343518211301371,2.8353021502656004
SYNTH-ECLI-0349,eclipsing_binary,0,0,True,8.430124558162836,1.492,0.128,0.006898270645487327,58.28026820503604,72.54309217186976,2631.2501109281875,8.430124558162836,0.006898270645487327,0.128,0.015183642793991509,0.0019425001197148142,-0.9018158803514281,3.275784998593384,0.0011707975428104644,0.9935400882167106,0.996921174410529,0.002342592212368433,0.989032349436697,0.006459911783289418,1.4527092734803784,0.015157961918944793,0.0012764599510690351,0.007042422662280279,0.9896156825854826,0.00251176891052729,3.483902570089353,0.015183642793991509,4.131909719803969,,0.01648760770130837,0.0028838175708502953,1.6919850486905605,,-0.042326522057718044,-0.35068225043630186,0.0,0.6150792170810311,4.0,4.0,1.0,0.0021300555568441208,0.25197563196254336,7.359055074473986e-05,0.9896156824458384,0.234242702284866,0.3680941108524043,1.1396980144857116,0.44472383692518247,1.0,0.0,1.8645486624757905,108.46987840395035,0.14473253855486007,,3.5180285228168886
SYNTH-ECLI-0350,eclipsing_binary,0,0,True,5.025741713485863,0.89,0.084,0.008182104596740547,84.84335918369676,75.57523246443445,2855.8078810266443,5.025741713485863,0.008182104596740547,0.084,0.01671395085318411,0.0020446860554011424,-1.1289360880114878,4.969880540900023,0.0012091894480030785,0.9930727882326893,0.9968539741032373,0.002418622063388387,0.9861628987878472,0.006927211767310704,1.444825595610325,0.014291046765850798,0.001333120034127873,0.008196764522431677,0.6413415255964788,0.00037155558990664694,3.9011493610628682,0.01671395085318411,4.654042185310829,,0.013597824348104304,0.0033323836349132465,1.8920946151475788,,0.08747311886344428,-0.6701533262831019,0.003523885796297316,0.540061943491095,6.0,6.0,1.0,0.2850760234200419,0.20412051003267218,0.003932818277100458,0.6413415255379907,13.261780572581685,0.04861153490932261,1.1609526089851183,0.30173300219669025,1.0,0.0,1.8831720165312067,120.78502343905338,0.1375741579440768,,5.730693972551062
SYNTH-ECLI-0351,eclipsing_binary,0,0,True,3.093718334275256,1.028,0.216,0.005965873761501073,130.08226798825376,97.05272212555411,4709.615435990012,3.093718334275256,0.005965873761501073,0.216,0.06981889644152134,0.0016652877475132328,-1.3666445680097459,5.178732563827955,0.0009137243894661307,0.9931627477471384,0.9974367713096275,0.0018325265784289169,0.9904354647944892,0.006837252252861581,1.2419676986004982,0.02191598870994521,0.0013282417399966794,0.006301415100487984,0.8161572454552745,0.0,4.393478672269453,0.06981889644152134,4.793010729216592,0.6666666666666665,0.024904532624937737,0.00244767389763159,1.8617607419741475,,-0.05037384971708875,-0.6850683600518863,0.0,0.5866207873839142,9.0,8.0,0.8888888888888888,0.11855811573008677,0.1442377520918686,0.0013118482055324288,0.816157245340898,6.460464668428709,0.00387819389709915,1.2666586653600629,0.40774667714343193,1.0,0.0,1.8891869873571103,24.804031134242056,0.2216420832216444,5.6131449805715965,2.257296639221074
SYNTH-ECLI-0352,eclipsing_binary,0,0,True,4.679847094465088,3.566,0.26,0.0034753356852930423,108.72262919661216,100.2833834694763,5028.378500043083,4.679847094465088,0.0034753356852930423,0.26,0.055557370732797054,0.000893193441338726,-2.0961082184070063,11.170987786210226,0.0004722673223359619,0.9961972570047969,0.9987481999896457,0.0009500071993355785,0.9934425678571567,0.003802742995203112,1.1709610079302415,0.016878102592388308,0.001654715940430226,0.0035327631221647726,0.7687305949280256,0.0,5.016545780926451,0.055557370732797054,5.179829486497932,0.0,0.021676778819635964,0.0022839157759252204,3.3487369154731237,,-0.05260978807618253,-0.956497014737157,0.0,0.6411641129811709,6.0,6.0,1.0,0.1028247953693275,0.2179130438147785,0.0009528438292603081,0.7687305947414432,4.159268771719539,0.0026983898537017974,1.3096235339316658,0.1692124923627848,0.0,0.0,1.966950904348187,79.86642334166618,0.2203012404229102,5.4201356180324485,1.961534203598131
SYNTH-ECLI-0353,eclipsing_binary,0,0,True,4.067253147676575,1.522,0.084,0.006577287350026989,88.91119013407227,66.2746098701269,2196.161956718758,4.067253147676575,0.006577287350026989,0.084,0.020652759233337897,0.0019306317475867134,-2.2511975785834384,18.60443273415027,0.0010889757285403312,0.9954744316752848,0.9971892288531886,0.002177836339882444,0.9776651488936995,0.004525568324715179,1.4095671846658135,0.008634473936680525,0.001439078989446754,0.005535675035473475,0.5805344548020478,0.0,4.0993169653572314,0.020652759233337897,3.4706534414524057,,0.01391109689798529,0.006744202891101712,4.228353511335299,,0.6377535234162296,-0.487452189577422,0.0,0.7538003690405776,7.0,6.0,0.8571428571428571,0.3011861710266704,0.22668977050632902,0.0031030374845256725,0.5805344547235717,3.3736416929902986,0.0026955060969380646,1.2104311896924762,0.1951753416355245,0.0,0.0001598976654940838,2.012014531101038,530.0352509434634,0.13015189733919488,0.34344568627689287,1.767977533462535
SYNTH-ECLI-0354,eclipsing_binary,0,0,True,5.561948797851241,3.3600000000000003,0.216,0.008925434037996243,63.82989649780204,144.80156552938075,10483.746689879194,5.561948797851241,0.008925434037996243,0.216,0.038835308962831105,0.002048703687799949,-3.188719264893346,18.74404312057251,0.0009165712799299452,0.9895890872533941,0.9975128302833057,0.0018328195601956532,0.9821291640022722,0.010410912746605883,0.8343455530822709,0.0229711512537072,0.0020490698301428955,0.00928098825827428,0.7340479112058088,0.0,6.166449973671332,0.038835308962831105,7.016207093308617,,0.024750606632515503,0.004888507769137281,3.695595978686524,,-0.008029444717666838,-0.6803821916957982,0.0,0.6203296423541993,5.0,5.0,1.0,0.09583870155769553,0.2290632934073745,0.0029861166280538143,0.7340479111404324,6.1058804119681325,0.003331326258644132,1.548771418131529,0.10016422692403257,0.0,0.0001617686708007549,1.9158167052050288,120.07782365543649,0.29995586189534756,5.8573481143176025,2.6590816932738353
SYNTH-ECLI-0355,eclipsing_binary,0,0,True,5.13015288297262,3.3840000000000003,0.128,0.011595291337455179,59.55554342218591,241.89343279014923,29256.216413499616,5.13015288297262,0.011595291337455179,0.128,0.024950523487290613,0.0018100059985909408,-6.560071691862691,59.92172395636652,0.0005585829357779293,0.9905148797817227,0.9984787146687004,0.0011151518129012272,0.9765313310996716,0.009485120218277299,0.39564571539015503,0.02136046449688382,0.0019176476855057795,0.010580288215489397,0.49183388250327215,3.5231198901142236e-05,10.558910592620947,0.024950523487290613,12.98551813283164,,0.014808501571405742,0.0047782010363754245,5.864435347737639,,0.008797031716094781,-0.5485107862808061,0.0,0.5385297319492569,5.0,4.0,0.8,0.4705707399488081,0.339134967595341,0.009064631501822351,0.4918338824756998,19.050262840115955,0.004407126062524228,2.2214768857456417,0.3370564590013867,1.0,5.326799126404943e-05,1.3972918894760926,332.65147971034025,0.33056028675580135,8.135755752070096,3.0956098394139877
SYNTH-ECLI-0356,eclipsing_binary,0,0,True,3.448442926731712,1.346,0.17200000000000001,0.004814064041409637,143.37587279919774,213.06785714273545,22698.95587369888,3.448442926731712,0.004814064041409637,0.17200000000000001,0.04987758349331718,0.0012421531567223972,-2.5063599108766716,9.378527446312638,0.0005104869399725764,0.9940747651610754,0.9978071635946852,0.0010202926981083271,0.9927625630253365,0.005925234838924598,0.46384443144495996,0.048556218744958864,0.0012367586169812336,0.004905642159584334,0.9958487733763456,0.0013725569605774757,5.9619742272564045,0.04987758349331718,6.849475180557654,,0.03898478249179975,0.0017128781677438723,2.391596475164595,,-0.03242639287249897,-0.9645078289891078,0.0,0.6063499510997844,8.0,8.0,1.0,0.02379635825432865,0.12874440076291896,2.0420625608474907e-05,0.9958487731739034,0.16046651507469095,0.2973249289859708,1.7343493350404329,0.8718281127326324,1.0,0.0,1.1629859412105326,26.3425474049109,0.38555918584866616,2.3998895703512884,13.158124831305154
SYNTH-ECLI-0357,eclipsing_binary,0,0,True,3.1225440612197963,1.474,0.084,0.005018401849407977,70.28009646278562,64.34319541776229,2070.0233982841864,3.1225440612197963,0.005018401849407977,0.084,0.02690114161821822,0.001937019537407616,-0.6292278354354074,2.0784072861798357,0.001197291602395456,0.9942975138386775,0.9967795073907278,0.002389947591041497,0.9884519949014365,0.0057024861613225175,1.5616186555324942,0.012037969984621096,0.0010075833907832634,0.004859257763082159,0.5572560042454028,5.219829374958351e-05,2.727427057969175,0.02690114161821822,2.806808368670107,,0.025401707588693853,0.0027386102596896993,1.5818782559390847,,0.06179082948138452,-0.5459808566012838,0.0,0.6244428885545913,9.0,8.0,0.8888888888888888,0.39549434600121147,0.1626021028906443,0.0028545521025500342,0.5572560041589717,12.773822007346228,0.02198984207630595,1.1188627796572543,0.40435568352861134,1.0,5.30307047780665e-05,1.9320399783562523,67.37177988260471,0.15844631855703034,1.878909444764133,2.4407547592383385
SYNTH-ECLI-0358,eclipsing_binary,0,0,True,3.4307915614600324,0.722,0.17200000000000001,0.0030575927494210873,82.77968623192459,69.49678274046725,2414.9014056378683,3.4307915614600324,0.0030575927494210873,0.17200000000000001,0.05013420282717568,0.0014488705484565433,-0.7903685605569672,2.8042961978825467,0.0008727804352544055,0.9954392595793929,0.99760864694197,0.0017469768496325422,0.9919695120382626,0.004560740420607057,1.4515687142351896,0.013453395508388272,0.0018223722999410408,0.0027516601635878546,0.392662807787646,2.1857895300403385e-06,2.310802020109697,0.05013420282717568,2.208533712307136,0.0,0.042021761269228707,0.002118531747650552,1.7003730501293108,,-0.029669274973820423,-0.4990410442322828,0.0,0.5555221334518787,8.0,8.0,1.0,0.5840182548881109,0.19058305948153564,0.0029820108812310675,0.39266280770767353,20.54335185210025,0.016692022262929568,1.1628904954828885,0.24408726196708247,1.0,0.00016079755587715066,1.9342527805193825,47.115080352004846,0.21573896374135584,2.088492851377011,2.7324238631366544
SYNTH-ECLI-0359,eclipsing_binary,0,0,True,5.683219761292645,0.818,0.17200000000000001,0.006229215437937738,53.49153341650662,157.84492874335115,12457.510764996776,5.683219761292645,0.006229215437937738,0.17200000000000001,0.030264534405560047,0.001564995903573738,-4.41908228966044,34.40815292254356,0.0006476494585202497,0.9935679691899236,0.9981929025489489,0.0012955161978205343,0.9828190542475914,0.006432030810076372,0.6849806192931037,0.025019962736225712,0.0011179132286398723,0.005496030207069236,0.39622950175301597,8.456702048476039e-05,6.279009684402112,0.030264534405560047,5.912191857543589,,0.028799574128293853,0.0031455753067879625,3.383759552878981,,0.052266873898897434,0.1952773518047768,0.0,0.6067037865236177,5.0,5.0,1.0,0.06427603370730023,0.30973499544830324,0.00661294748742991,0.39622950171683974,17.830679311011707,0.018587293018591942,1.6834980321426694,0.13424122444151196,0.0,0.00010646792653713069,1.8884060169439758,234.83530561764064,0.3318505830322825,4.2673637518348135,2.7298509579275927
SYNTH-ECLI-0360,eclipsing_binary,0,0,True,10.09964073051667,5.2540000000000004,0.17200000000000001,0.002859555105614074,44.672646843987884,79.4925405765497,3159.532003657304,10.09964073051667,0.002859555105614074,0.17200000000000001,0.01703030875942861,0.0007920541337658027,-1.0245578904995543,3.868501440324513,0.00046700502026619795,0.9972566625215878,0.9987314593503043,0.0009368336648182263,0.9954259577474428,0.0027433374784121556,1.3810934582227348,0.015881446858235514,0.001168534551442078,0.0028837395766040386,0.9417451268169301,0.0009619680461923075,3.957761219116673,0.01703030875942861,4.252746981143857,,0.017899824719817284,0.0012587365359756093,1.8563007723914076,,-0.03870062716166862,-0.8995713097690787,0.0,0.6319831214492246,3.0,3.0,1.0,0.030704112382981222,0.3439789142074835,0.0001696574702821918,0.9417451264935653,1.131940216455573,0.34035677323252833,1.1680686611242983,0.5525466994737964,1.0,0.0,1.8338410228356825,97.22570544135124,0.15915210261444263,,3.7823276238902355
SYNTH-STEL-0361,stellar_rotation,0,0,True,1.1268691034180096,0.278,0.34800000000000003,0.0008957782139775927,41.66808781940662,56.95545877152879,1621.9621419376526,1.1268691034180096,0.0008957782139775927,0.34800000000000003,0.30882025156644144,0.0014629236257854346,0.031581161682075136,0.21250634236056598,0.0009587770278677299,0.9965516432222868,0.997638731669385,0.001917501620485318,0.9930288474894157,0.0034483567777131574,1.3909215380537154,0.0020145257912315114,0.0029687748502359116,0.0008344571620634289,0.4667819008810928,0.0,0.6479931805698523,0.30882025156644144,0.6039345509017217,0.875,0.31511424481789746,0.0013536391941443378,0.9796901698069294,-0.07811211331385767,-0.2517683609546222,-0.061091225660778736,,0.5050765637804631,25.0,24.0,0.96,0.7735974018551224,0.0708345271869601,0.0006080847046676663,0.4667819004717804,17.91547213674817,0.0,1.0587842769034645,0.5554460472538914,1.0,5.3013836611355566e-05,1.466717637265193,2.759072429068084,0.4753123581130159,0.5188707797223115,5.014173959787958
SYNTH-STEL-0362,stellar_rotation,0,0,True,6.4843938461177375,2.866,0.34800000000000003,0.0006741901443832829,14.566427250982096,21.498262911572834,231.0876541075579,6.4843938461177375,0.0006741901443832829,0.34800000000000003,0.05366731390141434,0.0010332112424403992,0.005902877927146159,0.10181776450054025,0.0006857507600845913,0.997607638237288,0.9983032746702889,0.0013706295440150118,0.99556239624977,0.0023923617627119587,1.846053030026825,0.0017494566081747336,0.0021205534644542228,0.0006404450569493791,0.9355753392618384,0.0,0.6694117190918859,0.05366731390141434,0.636471711651606,1.0,0.05311986428457827,0.0011172316857280121,1.110300338195789,,-0.3130454837622119,-0.16741116772624176,0.14978561206581972,0.5580205358836727,4.0,4.0,1.0,0.0862383478597033,0.2783015407116006,4.2179377274242924e-05,0.9355753378328433,0.60457907436054,0.0,1.026801160908485,0.30987039601804234,1.0,0.0,1.8779973411291508,19.703602682996674,0.10525775760484074,0.5849354111871077,3.406385917157222
SYNTH-STEL-0363,stellar_rotation,0,0,True,2.7720174297925553,0.8620000000000001,0.34800000000000003,0.0010375735374156825,35.87949242008335,31.45616544876852,494.7451723701502,2.7720174297925553,0.0010375735374156825,0.34800000000000003,0.12554033616810364,0.001746455408025273,0.03481933613174916,0.10070977727400976,0.0011728419277556856,0.9960208518112276,0.9971474858647681,0.0023479132485215715,0.9938406170599254,0.00397914818877243,1.7862609139875034,0.0011663044054498223,0.0022265811376769337,0.0009912485724716813,0.9295183961246888,0.0,0.6002248378693124,0.12554033616810364,0.5789181621693283,0.8888888888888888,0.13274664687483434,0.001700541896437836,0.9931662115012644,0.9461903232658606,0.09707544582894233,-0.1646082732535432,0.05728955374211123,0.6111274037498002,10.0,10.0,1.0,0.12523404859062964,0.11422734539317354,7.187261394969724e-05,0.9295183952131602,1.0628025898038636,0.0,1.019981045323079,0.1225377598038136,0.0,0.00021205534644542227,1.8482523485192441,7.382374489508925,0.22825781434331793,0.5650679503034363,3.8590206725774108
SYNTH-STEL-0364,stellar_rotation,0,0,True,4.834146530462291,1.11,0.34800000000000003,0.0005284318472154612,28.397014208777488,14.834864480399293,110.0366020759075,4.834146530462291,0.0005284318472154612,0.34800000000000003,0.07198788820468806,0.001396782186989907,0.05715190111167924,0.08347098845065526,0.0009298861979492035,0.9967993683255938,0.9977465637991628,0.001858162181007872,0.9943218240870415,0.003200631674406207,1.9316579015703477,0.0015374012617293113,0.002067539627842867,0.0005155552529614305,0.9696650779738494,0.00011590753917800622,0.3933266925122308,0.07198788820468806,0.37564053959545574,1.0,0.07973281026347877,0.0013398975091982418,0.976267471753389,,-0.2029247794073967,-0.11846621580823147,0.41771658941357087,0.5210019658122044,6.0,6.0,1.0,0.050044049274641345,0.19040708747359922,1.6006146794866893e-05,0.9696650761361357,0.23125540706826841,0.14642867995721448,1.0177144183951552,0.2904494988500859,1.0,0.00021205534644542227,1.9507011253328956,13.219958402759588,0.11815076791249438,0.3806305424711737,2.464481581658773
SYNTH-STEL-0365,stellar_rotation,0,0,True,9.90769261829858,0.13,0.17200000000000001,0.00039242831450602035,9.251164224048825,6.329472095063658,20.031108501094767,9.90769261829858,0.00039242831450602035,0.17200000000000001,0.017360247902960993,0.001197406568223439,0.02039120010368727,0.06475844685185095,0.0008029153510131781,0.9972279531053254,0.9980399203140514,0.0016035246502992262,0.9949180946769056,0.0027720468946745846,2.0085956218900654,0.0014313735885066003,0.0016434289349520224,0.0003374641068084605,0.5084435111053689,2.7581649888475113e-06,0.3198673778477118,0.017360247902960993,0.28404311096680035,,0.01972114721942427,0.0012451808274954433,1.0480671242431323,,-0.5558736686634497,0.14979160242079503,0.11826724125731389,0.5380586748871098,3.0,3.0,1.0,0.030841452236320586,0.43861247172090917,0.000193647692568244,0.5084435098147327,1.4328053804662493,0.0,1.0078555907674946,0.20651974156851008,1.0,0.0,2.0107083342824557,65.17603728995921,0.02953949056691312,,1.4343275078189932
SYNTH-STEL-0366,stellar_rotation,0,0,True,14.236970862968755,13.072000000000001,0.216,0.0011225936794090024,18.514325050489774,10.008769113756122,50.087729586240634,14.236970862968755,0.0011225936794090024,0.216,0.01517176666855654,0.0017539501866244706,0.0080804711737577,-0.016721059605891764,0.001190509757458491,0.995962262067861,0.9971050183740333,0.002381788689208797,0.9923380633997588,0.004037737932139018,1.9508016377278814,0.0013783597518952446,0.0014313735885066003,0.0010940937694374764,0.7611550106566481,7.962670072958478e-05,0.6497354343025357,0.01517176666855654,0.6215817137434253,,0.012723320786725336,0.0017006063661875947,0.9661565114673398,,-0.0024973885223900016,0.3176183691675787,0.13718877527954723,0.5284955941217054,2.0,2.0,1.0,,0.5722028460657951,0.00031719155021148193,0.7611550100834991,1.383260361622417,0.07483568301539245,0.9964624543864945,0.1455727392842087,0.0,5.3013836611355566e-05,1.9599668466693145,64.81006027066569,0.02499146774992416,,2.5934115292319455
SYNTH-STEL-0367,stellar_rotation,0,0,True,0.52162420905017,0.24600000000000002,0.34800000000000003,9.08783906995721e-05,12.14185787575428,8.375265280182234,35.07253425671306,0.52162420905017,9.08783906995721e-05,0.34800000000000003,0.6671469497814838,0.0012243999806777566,0.051523618390502575,0.13439399793078,0.0008258321600204122,0.997189934815465,0.9979962762731366,0.0016496088121307206,0.9945552785591086,0.002810065184534971,1.9477946596728215,0.0009012352223930445,0.0023326088108996446,4.865011042087808e-05,0.7755527420221562,0.0,0.07346820964925208,0.6671469497814838,0.03956199844145451,0.5102040816326531,0.6664369400413508,0.0012173455449036067,0.9899386072003665,-0.3481301332259104,-0.03021588218140569,0.04780558792827794,,0.37628335995505063,53.0,51.0,0.9622641509433962,3.588412155240041,0.09667884852495245,1.2138905812975054e-05,0.7755527276822571,0.5590314246544674,,0.9956752350248018,0.2170647946731929,1.0,0.00015904150983406669,1.8716728514437844,1.4817645106296282,0.6846036127301219,0.11348883114452221,0.5452837836705584
SYNTH-STEL-0368,stellar_rotation,0,0,True,9.743095451681018,2.626,0.34800000000000003,0.0003527869846631623,11.6211461654733,8.892965740121138,39.542419827482426,9.743095451681018,0.0003527869846631623,0.34800000000000003,0.03571760142614205,0.001100911015292228,-0.009401154529802195,-0.007763072217353617,0.0007453758718525272,0.9974453903272839,0.998175786883459,0.0014903043419328688,0.9955194010646797,0.002554609672716146,1.956431994907831,0.0010602767322271114,0.001219318242061178,0.0003527786781503117,0.7848048275888969,0.0,0.3123398079761921,0.03571760142614205,0.319793250072851,,0.039866405131739384,0.0010816777066796754,0.9805389349609585,,0.6283462749748789,-0.16242882467584652,0.3834890261213376,0.5482429123789732,3.0,3.0,1.0,0.1520985175300289,0.38214871145146573,8.001484945185933e-05,0.7848048254782111,0.8925569516487281,0.0,0.9979738953250926,0.21861312438985286,1.0,5.3013836611355566e-05,1.9602106387312603,26.35409825113038,0.05587991015674905,0.3173439956364982,1.5356297013417135
SYNTH-STEL-0369,stellar_rotation,0,0,True,0.5181676643007986,0.19,0.34800000000000003,3.187083959979022e-05,6.639377118999421,5.609265303977121,15.731928625200737,0.5181676643007986,3.187083959979022e-05,0.34800000000000003,0.6715972917175018,0.0006381600640160912,-0.004132680049152695,0.015304426845315966,0.0004314061790057222,0.9985157763703644,0.9989586097683377,0.0008628712683683704,0.9975202049650262,0.0014842236296356281,2.008793191717626,0.0016434289349520224,0.0013253459152838892,3.274949976361796e-05,0.6868246745494533,0.0,0.050821690562507675,0.6715972917175018,0.05228293198567357,1.0,0.6711551714997614,0.0006449306393917685,1.0295993831409822,0.04145582194644479,-0.48250952352033094,-0.01717961250872424,,0.4307455306852365,53.0,50.0,0.9433962264150944,5.118901315591087,0.08003342525984196,1.2796421858141116e-05,0.6868246577403375,1.1156080309546748,,1.0187904995114478,0.1699669327129624,0.0,0.00010602767322271113,2.0022373453476163,1.498322928793956,0.6875225598320309,0.13111819849433443,0.6985978785186214
SYNTH-STEL-0370,stellar_rotation,0,0,True,12.976882943308842,1.3800000000000001,0.128,0.0013734987623549894,21.897441371868464,19.221310461407015,184.72938792689766,12.976882943308842,0.0013734987623549894,0.128,0.009863693813004573,0.001209343229104614,-0.046259145790484055,0.10117147790216663,0.0008011748205480895,0.9971607185684113,0.9979821159666831,0.001599937287514619,0.9942922449812001,0.002839281431588736,1.9168926050646327,0.0023856226475110005,0.0011663044054498223,0.0012094681389358541,0.5426039729432225,3.357606978771077e-05,1.1824513528667353,0.009863693813004573,1.0249317833228795,,0.014366749721677358,0.0013484977191302431,1.142748723658853,,-0.09364063955861496,0.10841185781545537,0.2775659826666691,0.5267596231876104,3.0,3.0,1.0,0.11786604600206865,0.49197398896977995,0.0008549692153376753,0.5426039726529372,5.262303331984423,0.0244456498131064,1.0248259317903208,0.33597537627614643,1.0,0.0,1.9644670253997019,139.441780861488,0.04358195492874649,,2.4963980436059736
SYNTH-STEL-0371,stellar_rotation,0,0,True,13.736767867738818,0.064,0.128,0.002253467858103515,14.62060345378572,13.462762422850108,91.6080184838682,13.736767867738818,0.002253467858103515,0.128,0.009318058020082844,0.001648919569442562,0.013357132268467057,0.10476804546917995,0.0010862352579316115,0.9961060449158274,0.9973072787273519,0.0021728660033260017,0.9931623068732015,0.0038939550841725623,1.9109061653527917,0.002067539627842867,0.0020145257912315114,0.0021803696783051496,1.0,0.0003181945222788807,1.2196257842502936,0.009318058020082844,1.3580100494337601,,0.004877272968244712,0.0018434618672191977,1.1481721500445625,,-0.43792187038962,-0.381982381208255,0.0,0.4336951396698374,2.0,1.0,0.5,,1.0,,,,0.14818013955800546,1.0270044425455445,0.32910880995177866,1.0,0.00010602767322271113,1.9294962872923853,116.52111443314605,0.01695489627949004,,3.108951550149247
SYNTH-STEL-0372,stellar_rotation,0,0,True,3.42828467827506,1.1800000000000002,0.216,0.0027121970314113145,62.85040987021284,54.22244067467778,1470.0365363594792,3.42828467827506,0.0027121970314113145,0.216,0.06300526947741117,0.002013077526389682,0.04751489269232741,0.8142319325399803,0.0012873617035666918,0.9951168211230724,0.9966719021436571,0.0025738769601189038,0.991423053720173,0.004883178876927574,1.5352395956627196,0.0042941207655198006,0.004877272968244712,0.002705105255948359,0.9655090647901305,0.0,1.530021662735825,0.06300526947741117,1.4960450764611186,0.7499999999999998,0.06594921274452632,0.0019321737958726988,1.06857915706838,,-0.13313559479671594,-0.08968896782850289,0.08929166913834745,0.5913252704490589,8.0,8.0,1.0,0.13643335497634218,0.14327234440038505,9.483061929638215e-05,0.9655090644389643,0.8729104019661044,0.0,1.1133225649047738,0.345662473098739,1.0,0.0016964427715633781,1.728062150838233,14.617754913078846,0.2128004096415137,1.185473744186893,4.482594518234689
SYNTH-STEL-0373,stellar_rotation,0,0,True,14.868624972137109,14.360000000000001,0.128,0.0020951360305556193,19.513798123003536,18.888630362764538,178.3901784905973,14.868624972137109,0.0020951360305556193,0.128,0.008608731489284593,0.0010741084592410816,-0.055108041072001845,0.14379137377358608,0.0007151066899184766,0.9974304248980707,0.9982242413653732,0.0014284004016819063,0.9956190591428541,0.0025695751019293445,1.8841378751166151,0.0030748025234586225,0.0011663044054498223,0.0019473724612957266,1.0,0.00026551087563497777,2.031917654413557,0.008608731489284593,1.850310401706249,,0.004718231458410645,0.0012557155559772219,1.1931274581458506,,-0.3950892705715013,-0.6323555777815142,0.19214555560278387,0.54940956082641,1.0,1.0,1.0,,1.0,,,,0.12672727290067098,1.0205721269017347,0.3985472306599856,1.0,0.0,1.9186551362616986,133.33591891826632,0.02310151258652386,,9.003656215587768
SYNTH-STEL-0374,stellar_rotation,0,0,True,14.728596511851697,13.046000000000001,0.17200000000000001,0.0009074657942093175,9.346863079827457,8.161061609947156,33.301463300681,14.728596511851697,0.0009074657942093175,0.17200000000000001,0.011677962653236942,0.0011153876816289417,0.01973844349963229,-0.042844307956046546,0.0007534309236822967,0.9974448724888767,0.9981583740681602,0.001506881273821148,0.9957087229163742,0.0025551275111233007,1.9544459016700035,0.0009542490590044001,0.0014313735885066003,0.0008451982990320683,1.0,0.00021286010647791898,0.812051013244717,0.011677962653236942,0.7574592012413373,,0.005301383661135557,0.0010205473840976791,0.914605492312088,,0.3904355165019809,-0.31696311508831476,0.0,0.43076388797358195,1.0,1.0,1.0,,1.0,,,,0.2345654322197569,0.9996005237689548,0.21235127730834413,1.0,0.0,1.9616112642953636,84.96790918683169,0.012353584978335557,,3.5820366158743986
SYNTH-STEL-0375,stellar_rotation,0,0,True,4.874324419483666,1.422,0.34800000000000003,0.0002221083290597786,20.826111654733,9.9805963010623,49.80615126238918,4.874324419483666,0.0002221083290597786,0.34800000000000003,0.07139450927988569,0.0008721581013475984,0.00013098738846543514,0.02612483727104209,0.0005801969298108167,0.9979593743717696,0.998551120044423,0.0011601172615438582,0.9966784752280824,0.0020406256282303747,1.9781749980908656,0.0012723320786725335,0.0020145257912315114,0.00021448212564967317,0.9249398656860927,3.2882509819254224e-05,0.26814860981876004,0.07139450927988569,0.24873313048293633,1.0,0.07967979642686741,0.0008133961021673116,0.9432886689362313,,-0.13141522095910538,0.1182226816424099,0.39095301015949585,0.4274781295600987,6.0,6.0,1.0,0.08940339471496235,0.2128920213281253,1.6747141370787588e-05,0.9249398615405428,0.3865697985976009,0.06267666828271022,1.0114344688031247,0.17150134571600695,0.0,0.0,1.9740350890884826,13.317633452820404,0.10269753873746156,0.2507174630317619,1.4164189878778446
SYNTH-STEL-0376,stellar_rotation,0,0,True,7.904616469791217,3.638,0.34800000000000003,0.0003751308128469785,21.653776224165245,12.569348137464715,78.99425630039607,7.904616469791217,0.0003751308128469785,0.34800000000000003,0.044024906373375465,0.0009039903406601902,0.0021795967705898625,0.0982329572647771,0.0005997365278174183,0.9978235816183357,0.9985036396278637,0.0012010325070301864,0.9968680472376572,0.002176418381664269,1.965356509807887,0.0016964427715633781,0.0019084981180088002,0.00036094791172491814,0.7212062159413557,0.0,0.4038373731665447,0.044024906373375465,0.4083147226108367,,0.048242591316333565,0.0009078527396732761,1.0269892899496478,,-0.04389043209236884,-0.06638247753310145,0.2780323302966896,0.555544243321684,4.0,4.0,1.0,0.17601248823171942,0.4207854861317575,0.0001160979224302805,0.7212062142094745,1.9210968542675686,0.0,1.0226200324185433,0.13160194587733223,0.0,5.3013836611355566e-05,1.9814895615593346,22.5774179170431,0.07600925072170177,0.32110294629575553,1.666990123356912
SYNTH-STEL-0377,stellar_rotation,0,0,True,1.1867248263524484,0.662,0.34800000000000003,0.0004093927065014322,46.89489662993425,18.669075518484163,174.26719035743227,1.1867248263524484,0.0004093927065014322,0.34800000000000003,0.29324405479037874,0.0016738220101025392,-0.010613424543198304,0.04452995073421251,0.0011202270539076853,0.9960857715952562,0.9972215770202278,0.0022362206477528623,0.992416007894867,0.003914228404743758,1.9207627638633435,0.0014313735885066003,0.0019084981180088002,0.00040353356893874093,0.7041328027392688,0.0,0.250248047479853,0.29324405479037874,0.24670077307136246,0.9285714285714285,0.29221226740179185,0.001636143065167029,1.0002581943643194,-0.028042171678167138,-0.22067801429905953,0.008751372018967807,0.12462636862369805,0.5066616562855683,23.0,22.0,0.9565217391304348,0.3877669356063384,0.06876471820927627,0.0001444483111714412,0.7041328012970243,3.2781230117676707,0.0,1.0232932664366376,0.4404585834923096,1.0,0.0,1.9136521939163285,3.2502265529912777,0.3521380744555976,0.285595406109897,1.911998533096629
SYNTH-STEL-0378,stellar_rotation,0,0,True,6.612336469553302,0.894,0.084,0.0005622341796558195,8.013751812525248,5.832866633196926,17.011166580330947,6.612336469553302,0.0005622341796558195,0.084,0.012703527775209335,0.001483457571093313,0.02989764523485693,0.1428819535013388,0.0009903066848091502,0.996572816373163,0.997580240384894,0.0019797321292236436,0.9931120178635527,0.003427183626837027,2.0029671777869944,0.0013253459152838892,0.0018554842813974448,0.0004985720442112207,0.7299723707032034,1.1650767679505236e-05,0.3689637819624315,0.012703527775209335,0.3395607637725451,,0.012776334623336692,0.0013720236528781764,0.9344394754871935,,0.15406909786249262,0.08198363349016535,0.0,0.42976269332267886,5.0,4.0,0.8,0.2975907968104046,0.33685132305509263,0.00015731717619782426,0.7299723694502398,0.8991263315408426,0.020722268549939755,1.0103333945679607,0.09668257087861502,0.0,0.00010602767322271113,2.0071054447249885,71.31484600395922,0.019092854996752583,,1.0496038481913932
SYNTH-STEL-0379,stellar_rotation,0,0,True,0.530650739048176,0.254,0.34800000000000003,7.662932820946891e-05,6.5444495441508534,6.377960497076007,20.33919005113099,0.530650739048176,7.662932820946891e-05,0.34800000000000003,0.6557985778446382,0.0013509835660670364,0.0049929111527085655,0.10217349355688166,0.0008994375259649967,0.9968333142901138,0.9977827023475775,0.0017969740125977074,0.9944550253841481,0.003166685709886208,1.9676041528937478,0.0019084981180088002,0.0020145257912315114,6.161636040180607e-05,0.6433423128417832,0.0,0.0578044816481495,0.6557985778446382,0.04638129039817568,1.0,0.6583788368764247,0.001329856619015318,1.0010403995344976,0.024896128087610228,-0.005726171154978423,0.07097227831321407,,0.4037214062040232,52.0,50.0,0.9615384615384616,2.5813493648698596,0.14480997107247323,2.5268933718125552e-05,0.6433423037613456,1.0558486197407735,,1.0169435632404134,0.23665059597670718,1.0,0.00010602767322271113,1.9890442394232983,1.4990311423838811,0.670024599873096,0.1327149049247148,0.841119248565403
SYNTH-STEL-0380,stellar_rotation,0,0,True,13.736767867738818,13.582,0.17200000000000001,0.001964227815663111,21.814769526508645,19.219547514394524,184.69550332905848,13.736767867738818,0.001964227815663111,0.17200000000000001,0.012521140464486323,0.0011282815597839658,-0.07711511886050408,0.17618884271335178,0.0007415970533128924,0.9972686769128438,0.9981286651656925,0.0014823098273901714,0.9946818378586779,0.002731323087156179,1.9577099027253466,0.0028097333404018448,0.0018554842813974448,0.0019089493355475273,1.0,6.431778286408729e-06,1.315145158701647,0.012521140464486323,1.7454427561035368,,0.006361660393362668,0.001160003352407107,1.0606459851036698,,0.2644351138185856,-0.23679721265741493,0.0,0.5503210406488787,2.0,1.0,0.5,,1.0,,,,0.0032744563700025523,1.0316412482499284,0.14496582826835996,0.0,0.00010602767322271113,1.9978386031784963,81.6097927693632,0.027723249397795753,,2.2302041675119755
SYNTH-STEL-0381,stellar_rotation,0,0,True,0.5237203601445528,0.322,0.34800000000000003,6.928631833970652e-05,6.821258051437392,7.592500631972305,28.823032923249944,0.5237203601445528,6.928631833970652e-05,0.34800000000000003,0.6644767446198732,0.001029856558413217,0.03386867663530664,0.09797140952676298,0.0006869304339103266,0.9976375468132515,0.9983293995426663,0.0013734415092592211,0.9957539195830847,0.0023624531867485477,1.9449855178336097,0.001590415098340667,0.0020145257912315114,5.4185120991867564e-05,0.6259964054108769,0.0,0.06936447591066662,0.6644767446198732,0.054175979198646605,1.0,0.6643694004135079,0.0010239376825192585,1.023764929807935,-0.3352610769307301,-0.23263034645735178,0.0677299389094621,,0.4270748188154551,53.0,50.0,0.9433962264150944,2.6245875090979136,0.08447004458115275,2.4772409128681616e-05,0.625996395959842,1.351284335199076,,1.0296828071041504,0.16087427436839172,0.0,5.3013836611355566e-05,1.893697615996906,1.5121185686232663,0.6849029821344053,0.16048245900768607,0.6607005309860703
SYNTH-STEL-0382,stellar_rotation,0,0,True,0.5,0.28600000000000003,0.34800000000000003,0.00010612977742470483,13.46646854510483,7.0108480303076774,24.575995052034553,0.5,0.00010612977742470483,0.34800000000000003,0.6960000000000001,0.0017325945599738148,0.006481918405919945,0.042140204293787065,0.0011564106034425148,0.9959503254578048,0.9971458746690367,0.00231165545254719,0.9937010053916503,0.004049674542195181,1.9787424507866274,0.001590415098340667,0.0016964427715633781,7.233545045504108e-05,0.5623020153410676,0.0,0.06194130868718553,0.6960000000000001,0.04251395444486932,1.0,0.6957005778508191,0.0017218534367296374,1.011990636809036,-0.04461732310651019,0.23151928163778554,0.01264684845821229,,0.5603706384214683,55.0,52.0,0.9454545454545454,3.3044295179792025,0.09124993251532842,4.050836846503092e-05,0.5623020092653241,1.3459218338092849,,1.0183035528331574,0.12777987057169093,0.0,0.00010602767322271113,1.9498704286256159,1.428920174607609,0.7116916937940521,0.18338535574694434,0.7396751543133337
SYNTH-STEL-0383,stellar_rotation,0,0,True,7.359084559823689,4.8180000000000005,0.34800000000000003,0.0002999158659242979,15.311006624754055,8.731439815523618,38.11902062605399,7.359084559823689,0.0002999158659242979,0.34800000000000003,0.04728849045978859,0.0010871759894770057,-0.009158248017434175,-0.013381706188241083,0.0007268288352313412,0.9974561200490606,0.9981866335848075,0.00145331718768138,0.9960433752770805,0.0025438799509394094,1.9577119745830027,0.0013783597518952446,0.0009542490590044001,0.0002384362324245881,0.756556684313965,6.521628117495126e-05,0.27054007022272125,0.04728849045978859,0.222144520409587,,0.05311986428457827,0.0011110737018643687,1.0351569982906341,,0.3910285646708509,0.03401747259494403,0.43190574486406014,0.48489819866607925,4.0,4.0,1.0,0.07792472191551882,0.2771754950294164,6.575612630799199e-05,0.7565566815130297,0.9364715478710891,0.15637168790017747,1.0128921528718238,0.09322486607477365,0.0,0.0,1.9583188033772068,22.813603851042124,0.07378226279304778,0.21457340040619508,1.7887355637580782
SYNTH-STEL-0384,stellar_rotation,0,0,True,3.448442926731712,0.53,0.34800000000000003,0.0001867883127774962,9.43241192497204,6.433212795080549,20.693113433394004,3.448442926731712,0.0001867883127774962,0.34800000000000003,0.10091511078880452,0.0012682545774962944,-0.0037876099226405303,-0.01480620766789631,0.0008571702712325546,0.9970663484386185,0.9979229772412724,0.0017120750181908173,0.9942644351606189,0.0029336515613814784,1.9787833551573353,0.0016434289349520224,0.0012723320786725335,0.000142999045133263,0.7569368173657526,0.0,0.1460628689267269,0.10091511078880452,0.1125639010356592,1.0,0.10051423421513014,0.0012758125400137645,1.004275492611364,-0.9742973391308107,0.04986082889095944,-0.033660485337019264,0.3102149014771111,0.2871184844816824,8.0,8.0,1.0,0.5994568987255368,0.4009836384508575,4.026769929021956e-05,0.7569368127967439,0.6825752900736097,0.0,0.9983261259980772,0.124959597186237,0.0,0.0,1.9858271647629737,10.146901632321445,0.11913443467348067,0.15066450189653294,1.2029842084128857
SYNTH-STEL-0385,stellar_rotation,0,0,True,13.940850820840172,13.382000000000001,0.17200000000000001,0.0016830772561956262,17.266947318391278,18.480665583112373,170.76750019745654,13.940850820840172,0.0016830772561956262,0.17200000000000001,0.012337840940301669,0.0010123555737307818,0.010054400313632162,0.12327878852716889,0.0006722862370147631,0.9976183540052049,0.9983439886330643,0.0013453666433806966,0.9956205104856626,0.0023816459947950674,1.926362812106785,0.0023856226475110005,0.001961511954620156,0.0017071593746862401,1.0,0.0,1.533352389925909,0.012337840940301669,1.7210329476151167,,0.006202618883528601,0.0011271463933419164,1.1363063744903803,,0.43372517357403334,-0.5763620794817799,0.07315836085602315,0.4735752149947933,2.0,1.0,0.5,,1.0,,,,0.0,1.0205826842691228,0.2695278043540631,1.0,0.00010602767322271113,1.9603447386819095,98.25818263329325,0.02647729286729208,,6.8048213264053725
SYNTH-STEL-0386,stellar_rotation,0,0,True,2.7205810388775196,1.262,0.34800000000000003,0.000520505491244143,9.59368243722768,17.286704347350103,149.4150735963456,2.7205810388775196,0.000520505491244143,0.34800000000000003,0.1279138518673132,0.0016042166242427323,0.06332178726967898,0.34435533421806896,0.001033794589431536,0.99631448255805,0.9973663312672156,0.0020740193869941415,0.9931388689576452,0.0036855174419500036,1.793555672661372,0.0024916503207337115,0.0042941207655198006,0.000478046015582545,0.4947908132498399,0.0,0.34517309583383854,0.1279138518673132,0.3131605440346399,0.6363636363636361,0.13285267454805705,0.001540790437557709,1.0093479622060073,-0.9364334009138593,0.14244573827659704,0.1447839032148761,0.4000632560979188,0.5097224880924351,10.0,10.0,1.0,0.1839173452790411,0.184634635462539,0.00030547003316150345,0.4947908124315179,4.969258552494439,0.0,1.0508974751835813,0.07988837079554575,0.0,0.00047712452950220006,1.7940231340380128,7.6576772104766455,0.18446701354417525,0.27974774097391486,2.385452759336425
SYNTH-STEL-0387,stellar_rotation,0,0,True,1.348385899859727,0.7380000000000001,0.34800000000000003,0.0014339588400219742,15.874562270346544,127.81750973857869,8168.657897885835,1.348385899859727,0.0014339588400219742,0.34800000000000003,0.2580863534958372,0.0015357131009991747,-0.12014374250431248,6.371742418198542,0.00077260446099503,0.9961719052670909,0.9977084135118707,0.001545567987795371,0.9890770357311575,0.0038280947329091264,0.5161018489323227,0.01420770821184329,0.012564279276891268,0.0012962504160776156,0.8347980927321149,1.7564480635279267e-05,1.3848375149302647,0.2580863534958372,1.3091177652078854,0.8636363636363636,0.25605683083284736,0.001229291984129888,1.2414946642190523,0.9902861461482232,-0.0957292662574433,0.3936015957540806,0.0,0.7134581469012562,20.0,19.0,0.95,0.06489053818291779,0.0671502786069621,0.00023443586022564578,0.8347980921438506,6.6396204047020255,0.04156526577327729,1.5509574985240604,0.32407259985998627,1.0,0.00705084026931029,0.5639476739693622,2.3829140136935347,0.5351617801327897,1.5238749421570081,7.379586962920518
SYNTH-STEL-0388,stellar_rotation,0,0,True,0.9688646766466773,0.538,0.34800000000000003,0.0012220925954129344,33.461517635305576,124.71250302837912,7776.6042058017265,0.9688646766466773,0.0012220925954129344,0.34800000000000003,0.3591832878090442,0.0016834462550172652,0.7727987646410065,2.775540460179987,0.0006936589754042988,0.9964477870327335,0.9979933717051852,0.0013949473151907421,0.9919159263857229,0.003552212967266488,0.4480895692749144,0.014260722048454647,0.07549170333457032,0.0005941371660025396,0.14987054270684247,0.0,1.162222750325896,0.3591832878090442,0.5731590668625453,0.851851851851852,0.3507395430207284,0.0010477546740170556,1.0107600157400674,0.6671451965541558,0.30634176834422483,4.741176397970867,,0.658520669701819,28.0,26.0,0.9285714285714286,1.7262750325170564,0.10394697815795402,0.0010557443969909652,0.14987054258616045,42.6565914475083,,1.6240062730477591,0.6716317779100035,1.0,0.03907119758256905,0.4227912339962479,1.5717612445291718,0.5717604926025079,0.8626660685058731,14.828147780334502
SYNTH-STEL-0389,stellar_rotation,0,0,True,0.5012821131090488,0.31400000000000006,0.34800000000000003,8.434146459515172e-05,7.749271615176136,5.874212190109413,17.25318442721507,0.5012821131090488,8.434146459515172e-05,0.34800000000000003,0.6942198632255928,0.0016380154371596204,0.015857192585860595,0.016600168620468647,0.001098341224502919,0.996257396714813,0.9973153187761471,0.002193335056107637,0.993038398820286,0.0037426032851870517,1.999656252671855,0.0013253459152838892,0.0017494566081747336,6.90252308942485e-05,0.7412964677532091,0.0,0.05196753355565416,0.6942198632255928,0.042797786980891435,1.0,0.693155913693474,0.0016384572838130465,1.0158944041397426,-0.3921913452033578,0.06453258635219998,0.025504918290178313,,0.6487507442609702,55.0,53.0,0.9636363636363636,3.355269347691958,0.14125325488947724,2.0713936732974503e-05,0.7412964584949008,0.7218763355732059,,1.0156204454914837,0.11914778232027534,0.0,5.3013836611355566e-05,2.0042571730398375,1.4455209118515564,0.7085701363149683,0.12815582005340698,0.6554544577137335
SYNTH-STEL-0390,stellar_rotation,0,0,True,13.77710503678579,13.638,0.34800000000000003,0.0014543466025442795,25.815202756126606,15.482773998971076,119.85814535157525,13.77710503678579,0.0014543466025442795,0.34800000000000003,0.02525929787649995,0.0011270903386507187,-0.030264799479848923,0.014488210968532922,0.0007588177609282321,0.9973491974232256,0.9981094248073626,0.0015173264912715645,0.9957188482371162,0.0026508025767744137,1.9690399509241683,0.0012723320786725335,0.0013783597518952446,0.001458754330481371,1.0,4.545610549522294e-06,1.2974781298400513,0.02525929787649995,1.3030521882802917,,0.007421937125589779,0.001282897286844267,1.1459654871493243,,-0.25525431081659533,0.12419129281399455,0.005188369827172216,0.6458798820623995,3.0,0.0,0.0,,,,,,0.0028757031597905452,1.0067888070527646,0.24970802957804186,1.0,0.0,1.9958202936931841,48.28369059087377,0.024748192439705982,0.6905394697849948,1.1199028097076151
SYNTH-STEL-0391,stellar_rotation,0,0,True,0.5083978535589221,0.31000000000000005,0.34800000000000003,6.790769188705728e-05,6.867814646889416,5.2745402313896745,13.910387326274058,0.5083978535589221,6.790769188705728e-05,0.34800000000000003,0.6845032833319539,0.0014658173224368532,-0.03183333549227728,0.05378854146727052,0.0009780396625910237,0.9965803013486463,0.9975696430123248,0.0019558510765840253,0.9935624133425321,0.0034196986513537198,2.0101454030566055,0.0021735673010655782,0.0016434289349520224,6.691838814176787e-05,0.758492577629545,7.861210425730292e-06,0.04723412941033741,0.6845032833319539,0.04651546710534712,0.8333333333333334,0.6858400042411069,0.0014548473917163982,1.0112751946343634,0.33696663586574066,0.39207164429642527,0.03905540050487888,,0.3480543771778673,54.0,52.0,0.9629629629629629,22.388957789801825,0.0901343293468382,1.922496881945346e-05,0.7584925681012287,0.7500178474563061,,1.018900474706774,0.16289971815827867,0.0,0.0,2.01367740517147,1.4666895195496508,0.699495939707052,0.15425707011422873,0.4972801503395308
SYNTH-STEL-0392,stellar_rotation,0,0,True,14.151089219370027,13.182,0.17200000000000001,0.002707595214465414,13.815043085504778,16.402624301782907,134.52304199267752,14.151089219370027,0.002707595214465414,0.17200000000000001,0.012154541416117017,0.0017903597683200352,0.032427293800043305,0.16451088685883608,0.0012005651314619392,0.9958446310765589,0.9970901227106692,0.0024004435019494563,0.9927220672651013,0.0041553689234411495,1.8904047943833924,0.0016434289349520224,0.0019084981180088002,0.0025991409012190436,1.0,0.0,1.7214165035050464,0.012154541416117017,1.4651039435854902,,0.005937549700471823,0.0019271365965968829,1.0863033343739703,,0.6122776318767897,-0.4168306477951633,0.019889940890173485,0.4517144100228208,2.0,1.0,0.5,,1.0,,,,0.0,1.0092039087885634,0.33573112670709554,1.0,0.00021205534644542227,1.917180071568993,89.82793040172854,0.022915912531844405,,6.96713914702861
SYNTH-STEL-0393,stellar_rotation,0,0,True,13.617161230561283,0.13,0.26,0.0003558566911527717,10.54989951515767,6.886232737719329,23.78758464810052,13.617161230561283,0.0003558566911527717,0.26,0.01909355375894915,0.0009159923321136798,0.002428587887275133,0.03337614734348815,0.0006099892704110044,0.9978554606852866,0.9984803970509808,0.0012237410100846002,0.996318635624064,0.0021445393147133673,1.9874007721859095,0.0015374012617293113,0.0012723320786725335,0.00036110477698114707,1.0,9.695494077033295e-06,0.4034506293140676,0.01909355375894915,0.3984798586530035,,0.016222234003074803,0.0008757373599133486,0.9663779646250559,,-0.1287163815292417,1.3898939477493544,0.0,0.6022153581046616,3.0,2.0,0.6666666666666666,,0.5605990551985904,,,,0.027245501604536225,1.0107994086352137,0.07392368164003853,0.0,5.3013836611355566e-05,1.992947144622293,52.809519710670926,0.024834613548785,,1.3770040111119295
SYNTH-STEL-0394,stellar_rotation,0,0,True,2.302656357008443,1.514,0.34800000000000003,0.00023391214247011648,15.39870271063122,8.784901190426567,38.587244462779495,2.302656357008443,0.00023391214247011648,0.34800000000000003,0.15112980230020664,0.0014449421361293273,-0.0238554712586477,0.039550683518075225,0.0009674917347740619,0.9965895079312176,0.9976079482239285,0.0019345898093920955,0.994051363109181,0.0034104920687824114,1.962799667372125,0.0020145257912315114,0.0015374012617293113,0.00022337260208993293,0.6197804923225712,0.0,0.1620551473897982,0.15112980230020664,0.15634063847699517,1.0,0.15554259661771722,0.0014275544950122592,0.9991591588348142,-0.30505224477310333,0.3665576992288581,-0.0532812930451243,0.4078238736211576,0.6218626515550449,12.0,12.0,1.0,0.6697831564412794,0.3236291366207167,0.00010437110294325702,0.6197804900647371,1.9637868116109165,0.0,1.0113289365444225,0.11136601625624308,0.0,5.3013836611355566e-05,1.9772164137633168,6.869941136612081,0.18623099819569192,0.2260125893571287,1.6569620294649896
SYNTH-STEL-0395,stellar_rotation,0,0,True,0.5158319201815205,0.22200000000000003,0.34800000000000003,0.00010006136498233762,10.427829269625352,6.893897929426386,23.762914330674757,0.5158319201815205,0.00010006136498233762,0.34800000000000003,0.6746383587071141,0.0016368008657478288,-0.01731032091141317,-0.04495285548823125,0.0011098246653251653,0.9962137798615287,0.9972807575985718,0.002217366176159641,0.9938059738973429,0.003786220138471297,1.9930896464263277,0.001219318242061178,0.0013783597518952446,8.466908517335003e-05,0.6968584231053238,4.621923241021619e-06,0.061624956145778086,0.6746383587071141,0.052064011634432514,1.0,0.6715262683560409,0.001654871818288291,1.017600053484162,0.3745861393934956,-0.6557915415859761,-0.05498307549526471,,0.3441892776594441,54.0,50.0,0.9259259259259259,3.1835725361209186,0.08872162309586148,3.106929481044851e-05,0.6968584163061106,1.0551982951209995,,1.0064880132231195,0.1686342029511625,0.0,5.3013836611355566e-05,1.9939697202133784,1.495591610071092,0.6918674699253713,0.1477824981294009,0.6810739119709993
SYNTH-STEL-0396,stellar_rotation,0,0,True,13.736767867738818,0.046,0.084,0.001222500021960133,10.76957711584284,8.465654671632072,35.833654509662956,13.736767867738818,0.001222500021960133,0.084,0.006114975575679367,0.0011393146414878748,0.029488057390923153,0.14864872422458442,0.0007596290879041678,0.9973501670707056,0.9981518731046759,0.0015191220601401545,0.9951638554589118,0.002649832929294438,1.950840960593555,0.0016434289349520224,0.002067539627842867,0.0012053974422246982,1.0,5.073702678459746e-05,1.0272854933904536,0.006114975575679367,1.0716346183424894,,0.0032338440332926894,0.001027713421270384,0.9136681739890754,,0.15771542609117978,-0.3522077140880384,0.29711057430861276,0.42726947359270445,2.0,1.0,0.5,,1.0,,,,0.046483141228694375,1.0128850188610865,0.4372569230424471,1.0,0.00010602767322271113,1.958462021826785,118.0097923094518,0.009063688868770015,,1.9576156843630041
SYNTH-STEL-0397,stellar_rotation,0,0,True,2.0140272010939198,1.062,0.34800000000000003,0.00021295755084045393,16.696644376615946,10.351917929047064,53.581102404863124,2.0140272010939198,0.00021295755084045393,0.34800000000000003,0.17278813305549384,0.0012094143744899887,0.005959518563782285,-0.029898545333849835,0.0008163315471273469,0.9971928738727627,0.9980027029619988,0.0016327670530151828,0.9951511450912222,0.002807126127237325,1.983465005592296,0.0011663044054498223,0.0008482213857816891,0.00024199882587105925,0.9115557806523138,0.0,0.17957730428461718,0.17278813305549384,0.20104192328677814,1.0,0.17685415893548215,0.0011966811432305286,0.994149776264916,-0.09807896160906024,0.3216040880873295,0.06989481975852962,0.2470449156678012,0.42030053805620465,14.0,13.0,0.9285714285714286,0.4346668738363295,0.20133677755852028,2.246093773006219e-05,0.9115557770628894,0.5431073230685174,0.0,1.0047279817286943,0.22932886673712743,1.0,0.0,1.9940384437636516,5.924721349372565,0.21178389378646098,0.27285156361497553,1.6364973254018371
SYNTH-STEL-0398,stellar_rotation,0,0,True,1.8153167070139793,0.108,0.216,0.005555930932115281,115.80897674957305,181.1377254344063,16405.437787775187,1.8153167070139793,0.005555930932115281,0.216,0.11898750183118137,0.002892655020244145,0.025946542208480552,4.336175972175399,0.0013914048671714863,0.9915956088837198,0.993895089417394,0.0028041798401885476,0.9878280274886334,0.008404391116280219,0.5570571840125,0.04728834225732916,0.010337698139214336,0.005614293638741774,0.9381936486629073,0.00012302779456030422,3.306428319812896,0.11898750183118137,3.229297022863164,0.857142857142857,0.12977787202459842,0.00247413190432251,1.4231009824042684,0.9999949190035899,-0.008974272415941058,-0.1307248014893232,0.03943702269495256,0.6260194546675955,16.0,16.0,1.0,0.04759462137112417,0.0755717297790595,0.0003586652215847863,0.9381936485012347,3.6838644119893384,0.010372449437921802,1.6638321481058265,0.4818838668630735,1.0,0.009118379897153157,0.9756342435469798,5.835200301208355,0.5418171733001528,1.8002452367865807,9.368708113985837
SYNTH-STEL-0399,stellar_rotation,0,0,True,14.456305799520766,14.370000000000001,0.17200000000000001,0.0016587824079181363,10.420890606957881,22.389408400473656,250.6428042616855,14.456305799520766,0.0016587824079181363,0.17200000000000001,0.011897922082258518,0.0008344394043935032,0.1796417186655491,1.2665841427434739,0.0005337174687791713,0.9980463757306995,0.9986607142743841,0.001068009178137208,0.9956918436257983,0.001953624269300458,1.7605138763217891,0.0029687748502359116,0.0055664528441923345,0.0015513063319586573,1.0,0.0,1.0194260779701052,0.011897922082258518,1.9691257284964612,,0.005937549700471823,0.0008414538641963338,1.0680859216501448,,-0.3828095561022716,0.3284405980768832,0.0,0.536964734334914,1.0,1.0,1.0,,1.0,,,,0.0,1.0591822299777087,0.2727840191829728,1.0,0.0021205534644542228,1.802145664644072,109.10725681920235,0.030556828176037797,,11.071158016204292
SYNTH-STEL-0400,stellar_rotation,0,0,True,0.7156173818875492,0.39,0.34800000000000003,0.000182824533557844,11.626118920391844,9.740067272803566,47.43445523936949,0.7156173818875492,0.000182824533557844,0.34800000000000003,0.4862933863932949,0.0015871254754356422,-0.04390213316329826,-0.03787810118528512,0.0010672627952621472,0.996275066588149,0.9973461450153803,0.002132961035979375,0.9940262944561705,0.0037249334118509836,1.9312775987471364,0.001610738255033557,0.0010067114093959733,0.00016672164048092686,0.9574787396423953,0.0,0.11313061752907089,0.4862933863932949,0.10296864466660265,1.0,0.47181208053691276,0.0015443948143443237,0.9538308308653968,-0.009318276450805112,0.2651061764113369,0.06461568621832692,,0.4278273878251227,37.0,28.0,0.7567567567567568,1.157707285212821,0.12803916691422101,7.340177660908331e-06,0.9574787340957718,0.19912578753714788,,0.9802216355958981,0.3583309648394615,1.0,0.0,1.876816245526167,2.0032332203195318,0.4997247613793809,0.20562478127451927,0.8840840139828738
SYNTH-STEL-0401,stellar_rotation,0,0,True,7.851702842321669,0.478,0.34800000000000003,0.00038195486853316997,25.110212183127786,16.88157210667082,142.4937383963632,7.851702842321669,0.00038195486853316997,0.34800000000000003,0.04432159583577668,0.0007340831721701194,0.020149882158085126,0.06862188231697841,0.0004903473613332432,0.9983136547439798,0.9988049352992867,0.000979839426306084,0.9971240749686989,0.001686345256020183,1.9076846030302501,0.0016434289349520224,0.0019084981180088002,0.000362265108604265,0.8557640316009387,0.0,0.5259676740513372,0.04432159583577668,0.503236684251517,,0.05311986428457827,0.000701877932495951,0.9750061905200386,,-0.05809558557628581,-0.19253103600561028,0.043422253975874035,0.5396311992105153,4.0,4.0,1.0,0.25851168170503164,0.34813808802175433,5.8280593006054815e-05,0.8557640294830476,1.2840001725602261,0.0,1.0197437532723437,0.18227949554384668,0.0,0.0,1.9328223909397992,22.527618514851483,0.09235051324835888,0.44575560920126833,2.2478082115930067
SYNTH-STEL-0402,stellar_rotation,0,0,True,4.746123913822266,2.174,0.34800000000000003,0.000834259815032412,68.12485821410998,19.84619401222585,196.93570838545315,4.746123913822266,0.000834259815032412,0.34800000000000003,0.07332299078549344,0.0016438885027460738,-0.020398128845434776,0.029549859268917178,0.0011062394741476744,0.9961458467059118,0.9973076953050803,0.0022132762271530604,0.9924005169683108,0.003854153294088225,1.9458896661886076,0.0013253459152838892,0.0019084981180088002,0.0008189230122218616,0.9973483512502364,0.0,0.5102778639183461,0.07332299078549344,0.5025960466796711,1.0,0.07967979642686741,0.0016562699394013422,1.016499367283589,,-0.02755958757488509,0.21413697738326887,0.14497153448631897,0.5938806480853376,6.0,6.0,1.0,0.07774923078801994,0.18425575419308532,2.1772695355526395e-06,0.9973483500355876,0.025666273764963277,0.0,1.0089005319568478,0.12116229420483131,0.0,0.0,1.9735354116114823,13.438969310893059,0.1335993387561587,0.47499599950033033,2.1949015371266625
SYNTH-STEL-0403,stellar_rotation,0,0,True,14.728596511851697,14.382000000000001,0.17200000000000001,0.0011648420855944928,9.741921367039724,9.781260420200885,47.83652770389116,14.728596511851697,0.0011648420855944928,0.17200000000000001,0.011677962653236942,0.0012994119122322438,-0.043862316401212506,0.06289019330675405,0.0008688814578707293,0.9969120237054151,0.9978171617984918,0.0017361225922920553,0.994937123570691,0.0030879762945849043,1.9786682399844382,0.0015925445322637725,0.0015335614014391884,0.001081079358991599,1.0,0.0,0.8756403544369377,0.011677962653236942,0.8419111695956644,,0.0070779756989501,0.0014374719828322427,1.1194587226752304,,-0.4949887933448468,-0.0745033019888055,0.0,0.43869423541379116,1.0,1.0,1.0,,1.0,,,,0.0,1.011941809558209,0.38131564633701404,1.0,0.0001769493924737525,1.9895830112287622,95.8192179578306,0.01776031207371471,,3.9084454129134376
SYNTH-STEL-0404,stellar_rotation,0,0,True,2.844277651125714,1.718,0.34800000000000003,0.0004614486411509695,53.13124773934898,22.244966358265227,247.41926414017456,2.844277651125714,0.0004614486411509695,0.34800000000000003,0.12235092444729082,0.0010238628207911618,-0.012141664578848877,-0.02196337838682494,0.0006840684421751675,0.9976309415276294,0.9982840264208879,0.0013675719902561667,0.9962542185615895,0.0023690584723705665,1.915412988501662,0.0014313735885066003,0.0014313735885066003,0.0004444957340848932,0.8472100536001335,9.189376696472351e-06,0.4614544975248072,0.12235092444729082,0.44224709483865127,0.7777777777777777,0.1228860732651222,0.0009920579304591361,0.9870392537297215,0.49771954253731954,-0.056065241962315486,-0.10446950159834678,0.08786116729639552,0.5766775233812425,10.0,10.0,1.0,0.2101379453317407,0.15768599326631222,7.29977777012003e-05,0.8472100518268578,1.7605607572769957,0.0,1.018683247749052,0.2364355625406834,1.0,0.00010602767322271113,1.956791092024825,7.685037155277503,0.18829198683588133,0.45571082601706847,2.823933070814893
SYNTH-STEL-0405,stellar_rotation,0,0,True,6.0652609337933585,3.048,0.304,0.0007239199179033857,17.6983612388465,21.421155774165385,229.43295735052382,6.0652609337933585,0.0007239199179033857,0.304,0.05012150397458188,0.001136101952081083,0.029919991387519555,0.06515689400500202,0.0007562649576041691,0.9973746065995939,0.9981354876835985,0.001512235155767705,0.9958959657670581,0.0026253934004061286,1.8864119231447187,0.001590415098340667,0.001961511954620156,0.0007344252660830275,0.7264069096273831,0.0,0.6661368947381751,0.05012150397458188,0.6626411152732347,0.7499999999999998,0.05545247309547792,0.001153570369436127,1.0408181627875748,,0.07788237420887054,0.02024922246185845,0.13595608840939521,0.5286012710962218,5.0,5.0,1.0,0.41304180069990354,0.2668396128875603,0.0002199042500269366,0.7264069087236266,3.1336779927367178,0.0,1.025057142445859,0.1429267734773339,0.0,5.3013836611355566e-05,1.930036808001867,19.9633916935001,0.10811111301597548,0.5317492507085309,2.5738611418685515
SYNTH-STEL-0406,stellar_rotation,0,0,True,14.636700338270579,14.386000000000001,0.17200000000000001,0.000835041337940182,7.935051453916685,6.951985514924437,24.16505129986842,14.636700338270579,0.000835041337940182,0.17200000000000001,0.011751282462910826,0.0013307016374485745,0.0008467044520488695,-0.012444922206578113,0.0008968731335305957,0.9969147770879314,0.9978253397346629,0.0017922649403043778,0.9949502004254092,0.003085222912068586,1.9884883425602464,0.0014843874251179558,0.001219318242061178,0.0010163303645112087,1.0,4.958984838254743e-05,0.6099158515052342,0.011751282462910826,0.765141864465736,,0.006520701903196735,0.0013303606792730732,1.0015588297811562,,-0.25382384099756,-0.6172237327040726,0.0,0.5318004735433826,1.0,1.0,1.0,,1.0,,,,0.06122035936336336,1.0018155193215041,0.19485632164060607,0.0,0.0,1.9948750335835987,68.18254650790601,0.012437752988399239,,3.049009822914806
SYNTH-STEL-0407,stellar_rotation,0,0,True,14.280303780341155,13.058,0.17200000000000001,0.00040854569527672694,8.414529045692289,6.668095229125014,22.231746992339147,14.280303780341155,0.00040854569527672694,0.17200000000000001,0.01204456170160625,0.0008672488764596642,-0.017312676487181357,0.0652125889625772,0.000581141632504778,0.9979780289216282,0.9985513628342182,0.001160709853871511,0.9962465134538413,0.002021971078371765,1.9841513551451309,0.0018554842813974448,0.0014843874251179558,0.0004141719902299723,0.6205960044427113,3.7584179475302903e-05,0.5432324170124445,0.01204456170160625,0.4813533065127752,,0.010496739649048402,0.0009568143671649807,1.112015708976503,,0.39765243691789165,-0.2891311911949104,0.0,0.5717328588482,2.0,2.0,1.0,,0.6367621630536082,0.0001836469388265538,0.6205960031605958,1.3824897904952018,0.09406820052533695,1.0079221292138911,0.17752549354399358,0.0,0.00021205534644542227,1.9900293733338006,87.0615811582213,0.018112674323829518,,2.2603296732859914
SYNTH-STEL-0408,stellar_rotation,0,0,True,13.736767867738818,13.65,0.26,0.003958851647117649,16.280502334533764,30.205747021710934,446.05594153497924,13.736767867738818,0.003958851647117649,0.26,0.01892730535329328,0.0016520542278302389,-0.12278566212713345,0.3615182923703175,0.0010917470203646307,0.9960187368985939,0.997240672746971,0.00217610392562273,0.9913604612922791,0.003981263101406118,1.7182670872524133,0.003657954726183534,0.0015374012617293113,0.003780397992349971,1.0,0.0,2.3888565371752457,0.01892730535329328,2.3521484901930005,,0.007156867942533001,0.0019860442439318276,1.2357087743867061,,-0.29297141281035705,-0.29998616810200485,0.13265782000453033,0.6323517101346982,3.0,1.0,0.3333333333333333,,1.0,,,,0.0,1.0279015240118463,0.5113392421916058,1.0,0.0,1.7966338839951272,76.59324919836774,0.0424590092668675,,6.28865700773349
SYNTH-STEL-0409,stellar_rotation,0,0,True,0.5006936626928723,0.366,0.34800000000000003,8.445487188384472e-05,10.94603651600363,7.7195885568781435,29.796023743741987,0.5006936626928723,8.445487188384472e-05,0.34800000000000003,0.6950357592471962,0.001257503800019899,-0.025372019724488725,-0.0017234268596029167,0.0008566495752657666,0.9970768393298957,0.997918518733648,0.0017125588197017816,0.9944687664091824,0.002923160670104341,1.957130377800535,0.0016434289349520224,0.001219318242061178,6.605660955238957e-05,0.7270191782855283,0.0,0.06651289182041253,0.6950357592471962,0.051974885286120175,1.0,0.6951704394847055,0.001264500254324164,0.9949383734362542,0.14296587270109712,-0.29790942567873746,0.007888294690265418,,0.5213891314675725,56.0,52.0,0.9285714285714286,2.6680345876012805,0.09009865430586415,2.134017577404279e-05,0.7270191689855914,0.9666776914297894,,0.9894333995610003,0.1860561709048124,0.0,0.0,1.9488260188803563,1.4245428313551043,0.7092135195189923,0.16723542133249145,0.4906924951685264
SYNTH-STEL-0410,stellar_rotation,0,0,True,0.5493528013249183,0.234,0.34800000000000003,0.0006575189339399871,61.52187330841671,98.80191926696472,4880.909625417895,0.5493528013249183,0.0006575189339399871,0.34800000000000003,0.6334726957989483,0.0010445582664421302,0.48819060577395784,0.7911202738230378,0.0006341556120869063,0.9978557485269159,0.9984889862470346,0.0012689691249201385,0.9959293584332326,0.002144251473084058,0.9701163261111512,0.0011666136387739952,0.013469084738572489,0.0005225524551483174,0.9764040848959579,0.0,0.6180298462606826,0.6334726957989483,0.491989769072852,0.8648648648648649,0.6376073814826598,0.0008621539189506653,0.8117288576692242,0.5979221624777291,-0.4111931997452347,0.7289116671135427,,0.5776726235763875,50.0,48.0,0.96,1.0243299248799658,0.046624293405815476,1.2483338045266024e-05,0.976404083050366,0.7944495767835074,,0.9834648660183547,0.6533437137470508,1.0,0.0005302789267154523,0.8510843803235384,1.2184818069647676,0.7636061272459097,0.6479565177588952,1.5258920543041024
SYNTH-STEL-0412,stellar_rotation,0,0,True,13.049067241464947,1.296,0.216,0.00048496102830543976,6.752243302258175,5.404948759859985,14.606735548356017,13.049067241464947,0.00048496102830543976,0.216,0.01655290726938969,0.0016811063536128418,0.02667521208049951,0.04635473192731876,0.0011288388294261598,0.996116426928939,0.9972656999986599,0.0022576919828974917,0.9931940000557528,0.0038835730710610195,2.009344486099338,0.0016434289349520224,0.0017494566081747336,0.0005496014945363115,0.6819015114625684,0.0,0.27170910250645003,0.01655290726938969,0.3289545404686498,,0.018342787467529025,0.0017075278204361794,1.022011466658972,,-0.36825394230070235,0.8544532082461589,0.0,0.5581822449530045,3.0,3.0,1.0,0.039220770921266,0.3954721635178107,0.00020498247630207356,0.6819015104043714,1.0768169188356749,0.0,1.0061973512248217,0.20147114110642758,1.0,0.0,2.009012390185686,60.474901168124205,0.025559671229542245,,0.7331740772526304
SYNTH-STEL-0413,stellar_rotation,0,0,True,2.3570257137095565,1.642,0.34800000000000003,0.0003151122593275591,8.473014153091652,8.886567466066204,39.485540664472516,2.3570257137095565,0.0003151122593275591,0.34800000000000003,0.14764370111699265,0.0018017014832304365,0.029383947446847938,0.07617856255860644,0.0012118266206323502,0.9958177101363699,0.9970758896158493,0.0024225253395639967,0.9927401639755193,0.0041822898636301176,1.921597844080179,0.0016964427715633781,0.001802470444786089,0.00034385189504670954,0.9021128661639155,0.0,0.17788370410724957,0.14764370111699265,0.1919110470750899,0.7777777777777779,0.13285267454805705,0.0017962661384642506,1.002534289977884,0.46059685731562805,0.2694183663720823,0.11394208517829796,0.21732410273824468,0.48924217764392325,12.0,10.0,0.8333333333333334,0.5474668376538936,0.1665052371411466,3.571693126569464e-05,0.9021128636915519,0.4930359978529722,0.0,1.0055678713549798,0.08982614243355988,0.0,5.3013836611355566e-05,1.9246050012216784,6.654098916260144,0.1591930383478251,0.21762706364815138,1.8115194909256316
SYNTH-STEL-0414,stellar_rotation,0,0,True,0.5289159115797497,0.394,0.34800000000000003,0.00011071991282157864,13.81235254440558,7.7892713756071315,30.341287054589348,0.5289159115797497,0.00011071991282157864,0.34800000000000003,0.6579495764470469,0.001582458443652109,0.023049184204515374,-0.02618324067609601,0.0010749094563302641,0.9963504398295961,0.9974367328924597,0.0021468303987028925,0.9936032340233285,0.003649560170403854,1.9844719035145737,0.0011663044054498223,0.0014313735885066003,9.884890891909137e-05,0.8473619774645827,0.0,0.0689771926364542,0.6579495764470469,0.061154274376757786,0.7083333333333333,0.6547208821502413,0.0015814573867689152,0.9783909605393507,0.06131585045483291,0.1834701347909111,-0.013212347370266997,,0.591180336572244,53.0,50.0,0.9433962264150944,4.058471956865651,0.08772440712270685,1.6438477240754423e-05,0.8473619695964785,0.577949854347281,,0.9790102785264788,0.22204651094781952,1.0,0.0,1.9842964216157923,1.5046396040377,0.6709545416670766,0.15970400599144377,0.8116004358837732
SYNTH-STEL-0415,stellar_rotation,0,0,True,0.5229614761481881,0.356,0.304,9.554689036328172e-05,6.869432481324228,5.701593073407155,16.25408178736223,0.5229614761481881,9.554689036328172e-05,0.304,0.581304768831304,0.0017466206522580203,0.025042614634853213,0.01003458763277143,0.0011712113812414326,0.995968305490025,0.9971660757963998,0.002342551947897009,0.9927186787499682,0.004031694509974981,1.9869269850973055,0.0013783597518952446,0.0017494566081747336,4.7493497579376154e-05,0.8967506729821977,0.0,0.05610872945071412,0.581304768831304,0.027906207014995976,0.8723404255319149,0.5802364417112866,0.0017575009203457891,1.0326715658337449,0.442705860849664,0.5376141280988062,0.011021481794538879,,0.4767251500141036,53.0,50.0,0.9433962264150944,6.874328652056003,0.07896520636699139,5.3009062062070456e-06,0.89675065551558,0.15809915065014216,,1.0262785430177588,0.24031392448487424,1.0,0.0,1.9862650918114801,1.749746332372604,0.6020860292525562,0.1321800272191538,0.8327159373567199
SYNTH-STEL-0416,stellar_rotation,0,0,True,0.5217982472154111,0.37,0.34800000000000003,7.761903127158245e-05,9.440704691037924,6.060080620711073,18.363747858136126,0.5217982472154111,7.761903127158245e-05,0.34800000000000003,0.666924432684683,0.0014235720814949184,0.019482111688303248,0.004041049690646226,0.0009532383352202078,0.9967332918793039,0.9976616490334987,0.0019044709511952806,0.9947466284572626,0.0032667081206960713,1.9894044401013777,0.0013783597518952446,0.0014313735885066003,3.184962437963179e-05,1.0,4.519942846670233e-07,0.05378825504803398,0.666924432684683,0.022072021104597155,1.0,0.667073106080687,0.00139706055048313,0.9681731120943365,0.1245398776826139,-0.34902697018237366,0.0622278827583278,,0.5101207029736425,54.0,50.0,0.9259259259259259,18.216597825845465,0.11341077288792278,0.0,0.9999999686024563,0.0,,0.986545795710084,0.1859039265901911,0.0,5.3013836611355566e-05,1.95893089817296,1.5020854426113264,0.6793770861388222,0.13656725267425918,0.6675835087230532
SYNTH-STEL-0417,stellar_rotation,0,0,True,14.323901286923904,13.016,0.216,0.0006901401154293383,16.681357787727894,13.54222862679028,91.69597809013047,14.323901286923904,0.0006901401154293383,0.216,0.015079690628501013,0.0008290809690507921,-0.02049501213065951,0.12041397167868784,0.0005565001892819943,0.9980317004477425,0.9986328704292031,0.001113730812538849,0.9961756684534842,0.001968299552257524,1.9286898318042398,0.0015374012617293113,0.0016964427715633781,0.000645728700644943,0.5064940017649596,0.0,0.9277550824942143,0.015079690628501013,0.7864812450964592,,0.013730583682341091,0.0009236863705727519,1.125026665348945,,0.5670303842009659,0.04159163910715824,0.0,0.537867285947344,2.0,2.0,1.0,,0.6957873203039691,0.0004032367187561947,0.506494001145081,3.931850194296769,0.0,1.0097996762008297,0.3324450560880173,1.0,5.3013836611355566e-05,1.9512286205495886,76.29289018977974,0.03236422083583026,,4.49901686741557
SYNTH-STEL-0418,stellar_rotation,0,0,True,0.5056037208321336,0.274,0.34800000000000003,3.806085497434552e-05,8.012573058720799,6.075571802467959,18.457706733362894,0.5056037208321336,3.806085497434552e-05,0.34800000000000003,0.688286073977569,0.0007128416299686498,-0.017380588151001602,0.02737586422816074,0.00047900859684002484,0.9983155345229335,0.9988270589288689,0.0009581112237908584,0.9971948635919792,0.0016844654770664658,1.993923049690769,0.001802470444786089,0.0016434289349520224,2.712503906754371e-05,0.6525770670645401,0.0,0.05393877544174562,0.688286073977569,0.038515263171385185,0.8444444444444444,0.6888617929279542,0.0007135627847009007,1.0131988519399528,0.2608980548607464,0.0901236413222936,0.041078530970225735,,0.5722970463479905,54.0,52.0,0.9629629629629629,4.429747499019991,0.12005414241233803,1.1441431485348375e-05,0.6525770472488175,0.9150615177912881,,1.0121748731640783,0.16692965944302735,0.0,0.0,1.997216654281485,1.4551476034878235,0.7034231540745669,0.1298861397682624,0.5814200263944053
SYNTH-STEL-0420,stellar_rotation,0,0,True,14.41189982070417,13.06,0.128,0.0014331912163384317,13.77996590542089,8.990229999003736,40.412117717485884,14.41189982070417,0.0014331912163384317,0.128,0.008881549385745445,0.0013950544842844016,-0.04527084143503507,0.006717783324867721,0.0009506911645240645,0.9966855078295787,0.9976976977197123,0.0018996561226019004,0.9946764020671733,0.003314492170421346,1.9977796802685648,0.0018554842813974448,0.0009542490590044001,0.0014556899978876991,1.0,0.0,1.0656592548160155,0.008881549385745445,1.0326993385898122,,0.003923023909240312,0.001408827165271967,0.9994537874649599,,0.3132239710328884,-0.9246064619256957,0.0,0.6187922181372133,1.0,1.0,1.0,,1.0,,,,0.0,0.989683136730871,0.13216627418461183,0.0,0.0,2.006124685018033,89.26679337096412,0.01046250568963115,,4.476555590924723
SYNTH-STEL-0421,stellar_rotation,0,0,True,4.194519728391864,1.7600000000000002,0.216,0.0018912585642466002,31.053453792979415,47.27630126646882,1117.5243307189485,4.194519728391864,0.0018912585642466002,0.216,0.05149576447046828,0.0014957546621678303,0.5244661210604341,3.4851412173901055,0.0009266804891261415,0.9965257065241903,0.9976266658296299,0.0018524337755028153,0.9943804995722253,0.003474293475809742,1.4851778048295958,0.0033928855431267562,0.006149605046917245,0.001871171302117558,0.9902697973309799,3.785172098869083e-06,1.3747316058113335,0.05149576447046828,1.4064447117236833,0.7499999999999998,0.05534644542225521,0.0015052425876169936,1.1313985388827799,,-0.023697900892559243,-0.13694024501272306,0.0723025053111276,0.5938348186578318,7.0,7.0,1.0,0.1110233027289552,0.1727674081634079,1.8325376168637497e-05,0.9902697968051775,0.19220793165664884,0.0,1.1242670472026204,0.1818320671571946,0.0,0.003604940889572178,1.6103859855396963,16.571990706316818,0.17509360250606798,0.9700656422275011,4.474895965029546
SYNTH-STEL-0422,stellar_rotation,0,0,True,14.280303780341155,13.028,0.216,0.0011781174160287744,21.517828885817682,12.01668714773047,72.20038500321603,14.280303780341155,0.0011781174160287744,0.216,0.015125728648528776,0.0016126583740358562,-0.0020262565259611515,0.016267546072312733,0.001082483753738761,0.996268859806152,0.9973473483555104,0.0021642129335599503,0.9937363009736311,0.003731140193848015,1.9986265577152058,0.001590415098340667,0.0013253459152838892,0.0011965948238064072,0.7908606329169751,0.0,0.752240469467836,0.015125728648528776,0.7492791395479785,,0.014419763558288713,0.001572940767627634,0.984937993613323,,0.23736470101345178,0.11238047414066044,0.0,0.5125003938830904,2.0,2.0,1.0,,0.5298953964163463,0.0002958932602841191,0.7908606323579894,1.5598346167635089,0.0031966629126674567,1.0098082114701843,0.12258623532413752,0.0,0.0,2.015490373279855,66.39126982009458,0.03145983588424409,,3.4004837665323766
SYNTH-ACTI-0423,active_flare,0,0,True,0.5215662221246136,0.422,0.26,0.00011843161238326921,11.979717101894385,18.18110813024379,165.3490912925927,0.5215662221246136,0.00011843161238326921,0.26,0.4984985395351778,0.0006785861445080157,0.19086433738493053,0.12535657226551855,0.00044608186652483894,0.9985124382792214,0.9989509103170864,0.0008908075066106358,0.997662349137772,0.001487561720778574,1.650255987450774,0.0009371037980265696,0.003913786450581555,8.676835619536583e-05,0.6071056063297784,0.0,0.17276818411008205,0.4984985395351778,0.12671113598005057,0.9555555555555556,0.5009646656744391,0.0006393600182955476,0.9336817910442518,0.3104040847556576,0.3810736943609742,0.12355457993350871,,0.5776979544137053,53.0,50.0,0.9433962264150944,1.4160463774559124,0.09333373600283988,4.153768555259507e-05,0.6071056005873211,3.0833962760920874,,0.9909651974659137,0.20027666359291801,1.0,0.0,1.5788978023335523,1.870843317185359,0.541409095161581,0.2236535801519437,0.9018275240992241
SYNTH-ACTI-0424,active_flare,0,0,True,0.5561907731787296,0.17400000000000002,0.34800000000000003,0.0003209410328509152,30.010238999873213,24.803764217559518,307.6401342784259,0.5561907731787296,0.0003209410328509152,0.34800000000000003,0.625684597410917,0.0014984176266736044,0.16308717540438428,0.16602379619433627,0.0009717913831468472,0.9966493385108277,0.9976152396056832,0.0019427840716894629,0.9930964985969245,0.003350661489172291,1.6731505859927278,0.000943867636444395,0.0037199489201043805,0.00023207779460698852,0.93711444232714,0.0,0.2137731520270755,0.625684597410917,0.15427701895218082,1.0,0.6378879573593915,0.001414193431814041,0.9401052231278592,0.09308269063486152,0.21949811815712397,0.13054761000140847,,0.5079904283852129,50.0,47.0,0.94,0.9104537485702286,0.07198709570514868,1.5239111230136437e-05,0.9371144384600534,0.5781828731253063,,0.9960944560856502,0.11071651516184841,0.0,0.0,1.5246942944819124,1.4805028354486747,0.6810450771469887,0.27238871815232496,0.9033691869445436
SYNTH-ACTI-0425,active_flare,0,0,True,0.6567848218289504,0.386,0.34800000000000003,0.00012824378016601453,12.495985016479068,20.46097508959908,209.32575080859746,0.6567848218289504,0.00012824378016601453,0.34800000000000003,0.5298539010553313,0.0006889844957086833,0.23939344743455893,0.20962974549708635,0.00044352253761004157,0.998523279077472,0.9989412768824553,0.0008898757866397933,0.9970546224946566,0.0014767209225280409,1.5491243476765322,0.0008995333670658346,0.0055658627087198514,9.968847712316098e-05,0.9683456315285789,0.0,0.18583048479623407,0.5298539010553313,0.14540715614830277,0.7000000000000001,0.5343790408725474,0.0006416031000604319,0.9358522153012917,0.36835294895381687,0.17026007120933567,0.10257283039819987,,0.5285518358086393,42.0,40.0,0.9523809523809523,1.901621721140109,0.11582456539062091,3.199643058615642e-06,0.968345621948645,0.2422657812969844,,1.0049634525713524,0.19668322824693504,0.0,0.0,1.3943525781907273,1.6730213032124956,0.5689892346562713,0.21662303983203504,1.5873711430044153
SYNTH-ACTI-0426,active_flare,0,0,True,0.5317935339999275,0.394,0.34800000000000003,0.00014900833121268467,10.273322372356835,17.663286813126977,156.0230417102585,0.5317935339999275,0.00014900833121268467,0.34800000000000003,0.6543893028982325,0.0010046248588078527,0.23198630347000157,0.12652012858960093,0.0006617702132923897,0.997845447623205,0.9984594743795701,0.0013253474020784584,0.9966288062365111,0.0021545523767949604,1.5868700620872338,0.000686027898467871,0.003372970500800366,0.00012454112380821947,0.8530152247856707,0.0,0.14678719427759013,0.6543893028982325,0.12291186977854336,1.0,0.6559570089183627,0.0009647839907025828,0.9521626319372668,0.40851679618561076,-0.3413436044428295,0.1808952541123996,,0.5987008499363748,53.0,48.0,0.9056603773584906,1.745454121171993,0.09987614783424074,1.9848090253349326e-05,0.8530152184686777,1.102781220938557,,0.9914822995513137,0.2955663236821472,1.0,0.0,1.4950547953495585,1.4623255429467912,0.6836422779130057,0.23727865375323667,0.9139812169390897
SYNTH-ACTI-0427,active_flare,0,0,True,0.5198901914384275,0.17400000000000002,0.34800000000000003,0.0002827058972204491,19.367075605888722,28.884323447247723,417.18738047979997,0.5198901914384275,0.0002827058972204491,0.34800000000000003,0.6693721207494928,0.0012189851023497518,0.24216288094595398,0.16712756319094746,0.0007897001463010866,0.9973608255927353,0.9981606261003035,0.001577544837019107,0.9954637893614104,0.0026391744072646883,1.5149986114727645,0.0007972211149706737,0.004612493593758898,0.00024000039527027894,0.8667445529916176,0.0,0.228822369478576,0.6693721207494928,0.19316463567052697,1.0,0.6727407323045385,0.001146682186685483,0.9229086750942296,0.007453615866428995,-0.06355292330087865,0.15964531936715076,,0.5997495424974223,53.0,50.0,0.9433962264150944,1.9339666633611734,0.09595173920312383,3.420175692214755e-05,0.866744549614644,1.6246510877726026,,0.9811017724284108,0.23472773959083817,1.0,0.0,1.3385586673545196,1.381947894260879,0.7165204133758053,0.34001812326315295,1.2731038201168388
SYNTH-ACTI-0428,active_flare,0,0,True,0.5123955001520315,0.378,0.34800000000000003,0.0001520508662467195,10.754769022591235,19.49891688873795,190.10387991695544,0.5123955001520315,0.0001520508662467195,0.34800000000000003,0.6791628730087322,0.000951017384143511,0.13609225617082613,0.12181916297185102,0.0006195048221949717,0.9978649348371168,0.9985100611815276,0.0012391100212867379,0.996326212616252,0.0021350651628831985,1.6527494710609651,0.0014962593516209476,0.0031587697423108895,0.00013396225814166218,0.8613224842279471,0.0,0.15868509201926487,0.6791628730087322,0.1397217023059939,0.7727272727272728,0.6795788307010252,0.0009015395314917572,0.9402994528725519,-0.07164597713877403,0.20247898402235573,0.1650645515809801,,0.455893662836208,55.0,50.0,0.9090909090909091,1.6938373843334187,0.07530753464543895,1.963024176310224e-05,0.8613224781431489,1.2039574374706696,,0.9919045086162204,0.20710475130764236,1.0,0.0,1.5348557805387715,1.4080943349400556,0.7093975466867404,0.2374107314517821,0.8040847525461184
SYNTH-ACTI-0429,active_flare,0,0,True,0.6155125460179044,0.41800000000000004,0.34800000000000003,0.0003024185610637334,12.950772444864707,21.45052476879583,230.06250642836184,0.6155125460179044,0.0003024185610637334,0.34800000000000003,0.5653824641778743,0.0015565478042868098,0.19695742195758184,0.10713960868882699,0.001015186914375632,0.996553522572725,0.9975809930100326,0.002036535228730707,0.9940245234607397,0.0034464774272749965,1.6092190535944315,0.0006827492034592626,0.0037551206190259445,0.0002377193072807815,0.98869953130963,0.0,0.19024302121379089,0.5653824641778743,0.14938671420259947,1.0,0.5691283568502503,0.001459073104224465,0.916905485358956,0.6373611989634417,0.2999171456459315,0.11308802603500556,,0.4503921156361349,45.0,42.0,0.9333333333333333,1.5370322905737646,0.08850672094650029,2.706981029554356e-06,0.9886995271822393,0.09270554347684419,,0.9781601866567282,0.17594352368718905,0.0,0.0,1.4516651183163485,1.5952626228052724,0.6046861282775581,0.25525653721530905,1.0492288148163809
SYNTH-ACTI-0430,active_flare,0,0,True,0.5212877297092883,0.17800000000000002,0.34800000000000003,0.00027687165333013233,8.995481716201887,19.39231417328054,188.03092449760837,0.5212877297092883,0.00027687165333013233,0.34800000000000003,0.6675775779224128,0.0017558760902137496,0.21651884405691998,0.175189441959966,0.0011395784267654863,0.9961533144749329,0.9973021775770097,0.002277211581591887,0.9927059591990149,0.0038466855250670617,1.5723831026852726,0.0009631728045325779,0.004589235127478754,0.0002466765921991243,0.8043873896403559,0.0,0.16236359773132678,0.6675775779224128,0.14394732177535474,0.9767441860465116,0.6780169971671388,0.0016601096634991947,0.9687515859680454,0.25718276450785477,-0.24786324599851528,0.2365352340685738,,0.6089431174690698,53.0,50.0,0.9433962264150944,2.9843437639424737,0.09282228450573295,5.458239054201286e-05,0.8043873867575889,1.7958910147026643,,1.0246357722974402,0.17370807286223477,0.0,0.0,1.505682397226545,1.4604826110238605,0.7139221609863227,0.2953211478582891,0.7341931675145612
SYNTH-ACTI-0431,active_flare,0,0,True,0.6223710351472206,0.474,0.34800000000000003,0.00016087325192699843,9.877001755992286,15.76219556279537,124.24845962400948,0.6223710351472206,0.00016087325192699843,0.34800000000000003,0.5591519854674493,0.0011106534574855794,0.20289276946225632,0.10012553771500832,0.0007266805204877436,0.9975798495374347,0.9982787808532821,0.001453126946179495,0.9961575166237634,0.0024201504625652737,1.6591225239630218,0.0008486562942008486,0.0031683168316831685,0.00011806879607112464,0.8481619580721792,0.0,0.1439048587164001,0.5591519854674493,0.1056786296749664,0.9487179487179487,0.561018387553041,0.001054754642010984,0.9440684492444897,0.37423176532227254,-0.1531857984475965,0.08051484574446421,,0.39278190984922157,45.0,42.0,0.9333333333333333,2.0259376991106546,0.11177440507813416,1.942247765307492e-05,0.8481619514415499,0.9183256310010629,,0.9941012302703119,0.1689458989197169,0.0,0.0,1.5612387548331284,1.6634931280077887,0.5890824972240466,0.22613078817545848,0.7006379703037321
SYNTH-ACTI-0432,active_flare,0,0,True,0.562054145790085,0.17400000000000002,0.34800000000000003,0.00011794110742457335,17.818553035701964,15.814001163097641,125.05208467744954,0.562054145790085,0.00011794110742457335,0.34800000000000003,0.6191574292380907,0.0008424605433240683,0.09242418200353196,0.04863814649145182,0.0005663066970826303,0.9980760474163283,0.9986511442172101,0.0011325116013237713,0.9967790510440091,0.0019239525836716176,1.8200553755760391,0.0009717123731375512,0.0017814726840855108,9.097148774483976e-05,0.8355044654575776,0.0,0.14124796295381764,0.6191574292380907,0.10856860882493936,0.24324324324324317,0.6268624487151803,0.0008344829915848211,0.9959016800797202,0.21744813803367255,-0.012263334320773572,-0.025384449888753213,,0.44061588744659475,49.0,46.0,0.9387755102040817,1.553890963117494,0.08264715913563851,1.6904778486703798e-05,0.8355044573275242,1.0898838819792007,,1.0054223740425183,0.21895507417949814,1.0,0.0,1.6545741666191107,1.5446871193427532,0.6575749244855388,0.19658757547895933,0.9059290752744236
SYNTH-ACTI-0433,active_flare,0,0,True,0.5541542982570822,0.31400000000000006,0.34800000000000003,0.00016385540657486207,12.109680970828816,22.467811474762676,252.4012762327379,0.5541542982570822,0.00016385540657486207,0.34800000000000003,0.6279839407445262,0.0008611434198897571,0.20937427406373063,0.1271664350757331,0.0005582772000798375,0.9981593049714678,0.9986630798760116,0.001121206205887293,0.9961693176105063,0.0018406950285322354,1.5465103310367048,0.000576734529096257,0.0035180806274871675,0.00015150098100180642,0.7350432837941993,0.0,0.19203190151982014,0.6279839407445262,0.1765177851379888,0.8974358974358974,0.6319280235307688,0.0008113286264631982,0.945300361854573,0.266056363034475,0.5516371698691932,0.1614613522666244,,0.422842274368456,50.0,46.0,0.92,1.8559090568585845,0.10570292304326309,4.509605251146187e-05,0.7350432794755363,2.890789757450092,,1.0033408903357566,0.19734897527229917,0.0,0.0,1.440814582323879,1.538814257237346,0.6783032786730371,0.298218167005174,0.5169780471900249
SYNTH-ACTI-0434,active_flare,0,0,True,0.54111619863958,0.17800000000000002,0.34800000000000003,9.656748231710411e-05,9.462308646900237,14.536358874033972,105.65286465735345,0.54111619863958,9.656748231710411e-05,0.34800000000000003,0.6431151033269872,0.0007673324139763499,0.12730091351140507,0.036464211428387294,0.0005084991005191442,0.998297050421922,0.9987886594538968,0.0010176264897355791,0.9965114424026735,0.001702949578078039,1.7016492211858747,0.001065261269342902,0.0026351199820587577,6.946144114161612e-05,0.6760971513481833,0.0,0.12320580680753093,0.6431151033269872,0.08879498730645513,1.0,0.6438663377438888,0.0007405249282438333,0.9466388909130958,0.14832265976440545,0.026832601131856326,0.027575131625497296,,0.36628374460708873,51.0,48.0,0.9411764705882353,1.471151015661198,0.07775145770131568,2.7089079225550705e-05,0.6760971432641215,1.953513891975892,,0.9809078366218921,0.16238154474668823,0.0,0.0,1.5896047401564752,1.4988105997932406,0.6695996087851382,0.21612358221758163,0.8988185754292287
SYNTH-ACTI-0435,active_flare,0,0,True,0.5004266416991291,0.366,0.34800000000000003,0.00024840740082734475,13.233329225391776,17.874016916049438,159.75316223435885,0.5004266416991291,0.00024840740082734475,0.34800000000000003,0.6954066210751978,0.0016959007969610449,0.15874587826936792,0.07533281841214734,0.0011165723687072138,0.9962661154772592,0.9973166672927359,0.0022343239240797397,0.9938945967292419,0.0037338845227408157,1.6658338123367085,0.0007357935250169799,0.003169572107765452,0.00018281486557780724,0.7554137797655747,0.0,0.1491503897085565,0.6954066210751978,0.11000544962929282,0.6304347826086957,0.6996830427892234,0.0016472786514316812,0.9912193307844168,0.3479174118978996,0.04997254838039569,0.08046387566360247,,0.5069667941470088,56.0,53.0,0.9464285714285714,6.185097724442136,0.08095034578225604,4.9877065945502785e-05,0.7554137760611908,1.6825263316326744,,1.0204768037147136,0.18917459007428244,0.0,0.0,1.5972486933621626,1.403121870045846,0.7317922140232794,0.19828905212256093,0.8269590183799388
SYNTH-ACTI-0436,active_flare,0,0,True,0.5520677140289554,0.34600000000000003,0.34800000000000003,0.00020021227757855786,6.44135520343673,13.667221246157073,93.39646829570337,0.5520677140289554,0.00020021227757855786,0.34800000000000003,0.6303574564437358,0.0016777372780883832,0.12426982476071675,0.1827275397577357,0.00109274785082214,0.9962123473997132,0.9973681503114864,0.0021900821460710818,0.9927007569625359,0.003787652600286795,1.7017532587564983,0.0014555225885909422,0.004086659575659184,0.00013859167084318003,0.8097617250065821,0.0,0.11989084946059218,0.6303574564437358,0.08316002221200157,1.0,0.6319207300005598,0.0015958524744553784,0.9575692854800267,-0.30251806072366805,0.31640535603685144,0.17808983290733904,,0.5059150153850407,50.0,48.0,0.96,3.3853007600954235,0.10063137577643858,2.919007783441785e-05,0.8097617197291836,0.9710006652218057,,1.0067031334776544,0.20934494888429683,1.0,0.0,1.5959367988532447,1.505610637394791,0.6524966750869636,0.19575823741486584,0.8611317647736582
SYNTH-ACTI-0437,active_flare,0,0,True,0.5023555742209027,0.20600000000000002,0.34800000000000003,0.0002094985031334174,10.273829030880773,15.719988398084041,123.55901761794809,0.5023555742209027,0.0002094985031334174,0.34800000000000003,0.6927364159135869,0.001605831735952207,0.13847122776658993,0.10225292973056632,0.0010478558439290797,0.996372288557534,0.9974890835777891,0.002091719735402675,0.994169889828357,0.003627711442465986,1.697567595137067,0.0013354106387714222,0.002559537057645226,0.00015801823712102703,0.9558046636747202,0.0,0.13077353108953843,0.6927364159135869,0.09914887304141955,1.0,0.6873469841976407,0.0015303816517706955,0.9602411649493057,0.06771687534257721,-0.18575562112358027,0.14320819070063706,,0.4907220249213374,55.0,52.0,0.9454545454545454,1.7206861831387918,0.1138232749262593,7.016184333630271e-06,0.9558046576540533,0.2544709083617189,,1.0075824779127425,0.15812999385169804,0.0,0.0,1.60378087855628,1.4067711221903116,0.7135249325988293,0.17291678869598634,0.5764352678299437
SYNTH-ACTI-0438,active_flare,0,0,True,0.5617176891165974,0.17400000000000002,0.34800000000000003,0.0003991208362384823,22.461473306505358,29.381942756933693,431.68892094178096,0.5617176891165974,0.0003991208362384823,0.34800000000000003,0.6195282910660922,0.0016140656063979213,0.24615271566760935,0.1617657830956949,0.0010419008533260055,0.9964802629425291,0.9975462842325933,0.002087305436041742,0.9940456555764927,0.003519737057470884,1.4892674561081778,0.0009108505066605943,0.004155755436638962,0.0003503602663827987,0.9674790883889194,0.0,0.24164152990585225,0.6195282910660922,0.2099436741085933,0.7142857142857143,0.6198906979392007,0.0014793465780182469,0.8864574144654598,-0.3600704508997037,-0.02921536277857164,0.2796313233606682,,0.5370800849092292,49.0,47.0,0.9591836734693877,1.3121749326984469,0.08988618304952142,1.1564504062699932e-05,0.9674790856682405,0.4051861143912478,,0.9671840564513596,0.20104884739857182,1.0,0.0,1.329603026713472,1.4673843580069523,0.6676204465345678,0.26581841461668954,1.1398321584709008
SYNTH-ACTI-0439,active_flare,0,0,True,0.5495458378128364,0.41800000000000004,0.34800000000000003,0.00012483241404235044,14.009732640633258,13.589775628914923,91.34562344993006,0.5495458378128364,0.00012483241404235044,0.34800000000000003,0.6332501787021475,0.0010452826816847094,0.08573692377457867,0.0709743974076269,0.0006960416262470348,0.9976406288899391,0.9983019108124742,0.001395610168842376,0.9963064397388257,0.002359371110060904,1.8101545020927674,0.001262487649577341,0.0028543199033922496,8.738466375901588e-05,0.7793872007214554,0.0,0.11700520274319742,0.6332501787021475,0.08222474604413887,1.0,0.641618179822154,0.00101988717327391,0.9596645476303006,0.3277123097403435,-0.06738441253223507,0.02598930412699252,,0.5159319091427452,51.0,48.0,0.9411764705882353,1.6079660912012526,0.13083337517862703,2.1543358531772583e-05,0.779387192740212,1.1391498092389738,,0.9835604938972374,0.1457597452560427,0.0,0.0,1.718869263003381,1.502833480498352,0.6624902443085045,0.24542857531788523,0.6085569603590008
SYNTH-ACTI-0440,active_flare,0,0,True,0.5038120606281427,0.202,0.34800000000000003,8.083460787066708e-05,14.472052062842295,11.002128211919551,60.52341259575795,0.5038120606281427,8.083460787066708e-05,0.34800000000000003,0.6907337620423788,0.0008449506877450366,0.023940083668716236,0.07086346084035222,0.0005605722266048829,0.9980519732244743,0.9986065481044332,0.0011215303029407098,0.9967716727638928,0.0019480267755257463,1.8944511826829935,0.0018971217952192532,0.0020597322348094747,5.7499126007498624e-05,0.8965486471567172,0.0,0.09631252258523919,0.6907337620423788,0.06923332286630147,1.0,0.6912569786980324,0.0008295018565575943,0.9987833527375515,-0.39795934574224356,0.33354274032643316,0.015484759687744098,,0.41419501675422793,55.0,52.0,0.9454545454545454,1.4540303153889258,0.09809919289186325,6.408619201314636e-06,0.8965486326841506,0.43671689380936707,,1.0173849210008272,0.13285490175004128,0.0,0.0,1.8295328986049142,1.424706075944658,0.7128970237469159,0.17985266028150293,0.7054419192305637
SYNTH-ACTI-0441,active_flare,0,0,True,0.5075728492121798,0.18600000000000003,0.34800000000000003,0.0002907839995515444,11.72364438054439,20.27497806329892,205.53736773362567,0.5075728492121798,0.0002907839995515444,0.34800000000000003,0.6856158688159583,0.0017820274589232606,0.1754129674674373,0.16458483052310635,0.0011687820927739345,0.9960770688039926,0.9972200117083283,0.00234211586644939,0.9935381784884347,0.003922931196007395,1.59223381270722,0.000965415412573116,0.004202396501788858,0.00023399698385140333,0.7926130009755461,0.0,0.157225786973566,0.6856158688159583,0.12689858121024425,1.0,0.6866943040490658,0.0016947446337988105,0.9190746222580177,-0.26016877944131633,-0.024067003314656877,0.23978422613199868,,0.570444809959391,54.0,52.0,0.9629629629629629,2.382041054737634,0.10161607192095615,5.369096072127544e-05,0.7926129979139948,1.7417737178808723,,0.966408850631441,0.21980839015517648,1.0,0.0,1.4317138279086186,1.383512586602302,0.7136190298620112,0.2389042503637951,0.6891114380699254
SYNTH-ACTI-0442,active_flare,0,0,True,0.5646924058097572,0.30200000000000005,0.34800000000000003,0.0001740015907000356,9.516949777022056,11.279598338463575,63.614669338535364,0.5646924058097572,0.0001740015907000356,0.34800000000000003,0.6162647069796791,0.0017035470735605868,0.1096755295565252,0.06587057410926711,0.0011298967590673836,0.9961970978253919,0.997284644495801,0.0022588427238008357,0.9935757027816288,0.0038029021746081026,1.82367611150421,0.001218769043266301,0.002548335272284084,0.00014844055893747932,0.7319009103635561,0.0,0.10146420596530945,0.6162647069796791,0.0871422214656578,0.41463414634146334,0.6206304359869259,0.0016486890367855486,0.9678650242221191,-0.1790417980894407,-0.33855728067174023,0.05839039161626891,,0.48641005824295286,49.0,46.0,0.9387755102040817,1.7180083719367207,0.13624907777483755,4.5562370964868926e-05,0.731900906056889,1.4560475916462976,,1.00006950542348,0.17215344323766854,0.0,0.0,1.68465526212525,1.5709968314844014,0.6420318441800408,0.19086370944593908,0.807632894390124
SYNTH-ACTI-0443,active_flare,0,0,True,0.5391264690692814,0.29400000000000004,0.34800000000000003,0.0002173596184389417,12.99874294669271,17.874076204927054,159.7413000897697,0.5391264690692814,0.0002173596184389417,0.34800000000000003,0.6454886190261967,0.0014171748743116214,0.11014913444358404,0.13174008235905976,0.0009327466152895258,0.9967744959427207,0.9977440572048825,0.0018646549688221548,0.9935887498512073,0.0032255040572792826,1.7189446360919476,0.0009926653063475433,0.002922847846467766,0.0001536218968277714,0.9063092864507198,0.0,0.15355661643800605,0.6454886190261967,0.10873969926801656,1.0,0.6543318811007556,0.0013649030375704095,0.9661327512561854,0.3991824499037457,0.2887132972556378,0.14226925542194024,,0.7006076428864701,51.0,49.0,0.9607843137254902,4.748474483115181,0.11481939005686809,1.5028879344236579e-05,0.9063092808007469,0.5997188987771052,,1.0031328399466584,0.14258295724609849,0.0,0.0,1.6251035068328188,1.4903280827344123,0.6870761873839983,0.31551490115831504,0.43318528975440546
SYNTH-ACTI-0444,active_flare,0,0,True,0.6011589570262655,0.42600000000000005,0.34800000000000003,0.00012759194073026388,6.5857363704367895,12.256900559934989,75.10851570245526,0.6011589570262655,0.00012759194073026388,0.34800000000000003,0.5788818347171285,0.00111553893916442,0.1166415469646259,0.1054690229698454,0.0007343512265984842,0.9975038936083572,0.998219645474813,0.0014700513580345742,0.9946048221239852,0.0024961063916427717,1.7541002765394218,0.0011822327309576085,0.0027022462421888195,9.13167273679516e-05,0.8960282420256325,0.0,0.11309471118069116,0.5788818347171285,0.08060572314454724,0.7111111111111111,0.5800821933231999,0.0010629324431748449,0.938255681137981,-0.4185766440665107,0.211363582297177,0.165662844212616,,0.4589572709800511,46.0,43.0,0.9347826086956522,1.766614509604732,0.08108725792800656,1.0070681354723554e-05,0.8960282327748551,0.4795601660547018,,0.9846916931761065,0.12352469214973681,0.0,0.0,1.6545984215720773,1.6452242004409656,0.601328855860801,0.16597248113122276,0.7409422852711162
SYNTH-ACTI-0445,active_flare,0,0,True,0.5075728492121798,0.274,0.34800000000000003,0.00025027883836401937,11.544449183114567,15.930533324897704,126.90097770568075,0.5075728492121798,0.00025027883836401937,0.34800000000000003,0.6856158688159583,0.0018942343130886328,0.11185686750084968,0.10862343290299048,0.001245069545973032,0.9957308675887825,0.9970029366889427,0.0024927850942423335,0.992357973169585,0.004269132411217513,1.7319864681485204,0.0013720432468031392,0.003567312441688162,0.0002235239403504119,0.8212831593491183,0.0,0.13344570358508137,0.6856158688159583,0.11874816577498583,0.9387755102040816,0.6941990011525163,0.0018447152925586902,0.9800138500824668,0.0930655995989641,0.2164136479886573,0.11284798803979035,,0.6046761295877885,54.0,52.0,0.9629629629629629,3.048793522165596,0.10288732089079643,4.396243776305653e-05,0.8212831560104242,1.341009459742014,,1.006321067330365,0.17900880192285604,0.0,0.0,1.6646975734769058,1.4333373700882936,0.7241112995370078,0.23809603517421146,0.5396524832199106
SYNTH-ACTI-0446,active_flare,0,0,True,0.5291545234380228,0.21000000000000002,0.34800000000000003,0.00010168466444745121,6.027163405212179,14.900355738552893,111.01030056771327,0.5291545234380228,0.00010168466444745121,0.34800000000000003,0.6576528869846456,0.0008172200926415839,0.17280168719769326,0.10623744494962306,0.0005391262846221601,0.9981987652624575,0.9987154067857635,0.0010786853784026107,0.9969460310463201,0.0018012347375422344,1.6020401142143357,0.0008273253752511524,0.0033093015010046095,7.309505072594646e-05,0.8037297594476637,0.0,0.1263301312576175,0.6576528869846456,0.09112878101417383,1.0,0.676633967616121,0.000790117616034181,0.9850524008386978,-0.00668797403472457,-0.6598463311914357,0.13464977654997634,,0.5763064956073229,52.0,50.0,0.9615384615384616,2.78573385500283,0.0891353640116578,1.6386999706075045e-05,0.8037297498212382,1.107141369670967,,1.0188414964227177,0.22262208667462322,1.0,0.0,1.5043823195094965,1.4752172015352152,0.7018217622630856,0.27737783772579483,0.6621797244685778
SYNTH-ACTI-0447,active_flare,0,0,True,0.5651004918787125,0.21800000000000003,0.34800000000000003,0.00017291088004526563,8.775548087767245,18.80739645745555,176.85908075395605,0.5651004918787125,0.00017291088004526563,0.34800000000000003,0.6158196727860773,0.0010984026190040907,0.2562564366895853,0.17202119527350845,0.0007198713851931382,0.9976710764284424,0.9983321333777293,0.0014407685041690765,0.9964160005651032,0.002328923571557784,1.5110630042786557,0.0006798866855524079,0.0044759206798866856,0.00014790522131380435,0.9497802151241319,0.0,0.15954099534821717,0.6158196727860773,0.13648373009407858,0.9473684210526315,0.6246458923512748,0.0010429299971187465,0.962393179695597,0.2363658450419296,0.24836541115918787,0.22113167392614175,,0.39158957101771796,49.0,45.0,0.9183673469387755,2.1563697774340382,0.12274904837538117,7.637812616922979e-06,0.949780208879182,0.3830973674581777,,1.0135821119439514,0.15314953163282224,0.0,0.0,1.4405239081026127,1.5764267442767939,0.663709348954897,0.25943472214469526,1.1011649362148332
SYNTH-ACTI-0448,active_flare,0,0,True,0.5776945418098348,0.41000000000000003,0.34800000000000003,0.00010528548585345041,18.581217517756055,15.478704056391416,119.83850046504458,0.5776945418098348,0.00010528548585345041,0.34800000000000003,0.6023944746124232,0.0007453068822557284,0.05207856866377366,0.052606360196744806,0.0004915470242429221,0.9983089421950265,0.9987811501546163,0.0009836842889129338,0.9968922797758292,0.0016910578049734726,1.8407868978196182,0.0017425397516880855,0.0019059028534088435,6.627241386425453e-05,0.7449556352636181,0.0,0.13952392400545374,0.6023944746124232,0.08780306429787657,0.804878048780488,0.6017752123720322,0.000713814640268148,0.9457194796707868,0.13285785181362136,0.23219199380989192,0.030344029116803117,,0.5538470027207182,49.0,44.0,0.8979591836734694,2.0144281377687405,0.12542854336571455,1.9800234541955675e-05,0.7449556256679372,1.4641197287062775,,0.9874429538418587,0.1701920966529911,0.0,0.0,1.6995759194732842,1.5682237998869655,0.6283012721507257,0.1865115192272695,0.9200231920644695
SYNTH-ACTI-0449,active_flare,0,0,True,0.5446337952551373,0.17400000000000002,0.34800000000000003,0.0001455753000207538,16.988790311298054,19.266066171775915,185.6066838474007,0.5446337952551373,0.0001455753000207538,0.34800000000000003,0.6389614508533704,0.0008755094962068913,0.16096366791749547,0.11229932347025828,0.0005740834369698522,0.9980479539154965,0.9986307385653661,0.0011495227556352905,0.9966859879879112,0.0019520460845035004,1.686222665499717,0.0009457053849577214,0.003615932354250111,0.00010968372517861091,0.6821263592452421,0.0,0.16625449215528768,0.6389614508533704,0.12504497808570492,0.9249999999999999,0.6440253671562083,0.0008403863581622916,0.9580828292329154,0.08435567600083016,-0.13162082131120464,0.11586783352740326,,0.5516678509878332,51.0,48.0,0.9411764705882353,1.4489976748558373,0.11983772478299053,4.052321550840343e-05,0.6821263538944825,2.6001164211509793,,0.9981249778738026,0.20499404036119656,1.0,0.0,1.5836877888515388,1.4951358510741117,0.6792228636091431,0.28952658420322386,0.5892526728266325
SYNTH-ACTI-0450,active_flare,0,0,True,0.5813451513240027,0.17400000000000002,0.34800000000000003,0.0002948169143009622,20.349857613839742,22.34796026619567,249.73836132695143,0.5813451513240027,0.0002948169143009622,0.34800000000000003,0.598611683966808,0.0015059348748648943,0.169764509763926,0.13786656666960972,0.0009857452349375517,0.9966632183043127,0.9976405065295876,0.0019711155023799387,0.9948318614102738,0.0033367816956872964,1.6792250127116066,0.0008377548170901983,0.0037419715163362188,0.0002699668271139988,0.9601750153269949,0.0,0.19642532217415162,0.598611683966808,0.17950748673104483,1.0,0.6144652331750907,0.0014353771332202999,0.9544170461609558,0.025943688266765907,-0.2922165009879997,0.23891768287295,,0.5104871027020534,48.0,45.0,0.9375,1.428467426108373,0.12215145429669236,1.0924030193204537e-05,0.960175011826551,0.3986452189983826,,1.0013325987399073,0.16369902889951754,0.0,0.0,1.5723070390136882,1.6086359774892762,0.6613140895599241,0.24668804670794126,1.129833509279643
SYNTH-ACTI-0451,active_flare,0,0,True,0.558973864513362,0.44399999999999995,0.304,0.00033467862720420056,8.774474961862701,19.856089286605325,197.15285674062062,0.558973864513362,0.00033467862720420056,0.304,0.5438536920946383,0.001854674543514512,0.2275231232171429,0.19015222792009423,0.001202922863246414,0.9959782963238234,0.9971314449043345,0.002410292380278789,0.9932360519500262,0.004021703676176602,1.5182896664331658,0.0009841949863949517,0.005326231691078562,0.00023763642513929817,0.875542450600372,0.0,0.18097836437399895,0.5438536920946383,0.1292735908293278,1.0,0.5509176170902564,0.0017449591250094537,0.9492531787083767,0.24764745098619792,0.24795414138536157,0.16449783907606497,,0.5484650949012467,50.0,47.0,0.94,1.8985058332959752,0.10188679802802,3.083388877134219e-05,0.8755424470663427,0.8656762093402705,,1.0089380780716681,0.21296991187523034,1.0,0.0,1.4187268329590872,1.695325071406911,0.5872535371059902,0.197817820395375,0.8591060543342868
SYNTH-ACTI-0452,active_flare,0,0,True,0.5256566861443425,0.322,0.34800000000000003,8.28624182116967e-05,16.62311823634814,13.313345356656855,88.62258229280823,0.5256566861443425,8.28624182116967e-05,0.34800000000000003,0.6620290565550633,0.0007055269400829733,0.054624624039887534,0.05299185473782675,0.0004667058015548342,0.998367331059117,0.998847834653885,0.0009331572354973616,0.9971322155676801,0.0016326689408829864,1.8857971757331629,0.001206206480618455,0.002028619990131038,6.479491918487401e-05,0.9224005550113782,0.0,0.1194542169681178,0.6620290565550633,0.09291539274127214,0.8095238095238095,0.6610011513789134,0.0006861369225010711,0.983914825892051,0.0009545917808132243,-0.11501628255779779,0.012420537885692529,,0.39392037953021203,52.0,50.0,0.9615384615384616,2.345560444358269,0.08578774129409397,5.222971160123713e-06,0.9224005413069621,0.4175367506755709,,1.0117199550834646,0.22060221599256752,1.0,0.0,1.7595914675931266,1.4677151635376906,0.6856425229036784,0.16063454511800326,0.9442145234282654
SYNTH-ACTI-0453,active_flare,0,0,True,0.5175960223082925,0.17400000000000002,0.34800000000000003,0.00033857312452931183,23.624292857750003,31.250743718586982,488.3452889167314,0.5175960223082925,0.00033857312452931183,0.34800000000000003,0.6723390153735048,0.001342147197676469,0.24289221651665954,0.12188309397841568,0.0008725149279279476,0.9970991584408989,0.9979370450531284,0.001751927011075738,0.9958003983378931,0.002900841559101086,1.543514667205764,0.0006196484903109509,0.004562866155926093,0.0003075828193330743,0.955737640019216,0.0,0.24943829053587513,0.6723390153735048,0.22698096562738682,0.8780487804878049,0.6742338891392519,0.001272991471113817,0.9394049835922409,0.5479563786435344,-0.07989928861123798,0.1819664487551309,,0.6250112290072951,53.0,50.0,0.9433962264150944,2.334322549680922,0.07916255068974307,1.401160444869376e-05,0.9557376370000612,0.6017345152702108,,0.9904385023950462,0.1436551352980113,0.0,0.0,1.4176913186128002,1.407285401209447,0.7273586775684375,0.361033084588641,0.6210966531076241
SYNTH-ACTI-0454,active_flare,0,0,True,0.5462825579597644,0.304,0.304,0.0002518063548555774,9.569671895506701,16.973296118149594,144.04639055719554,0.5462825579597644,0.0002518063548555774,0.304,0.5564885709244823,0.0016172318840588984,0.18707795603964358,0.11103686233578003,0.0010645600404566302,0.9964858858503797,0.9974825839659569,0.0021253266544468685,0.994222528174576,0.0035141141496203288,1.6379138190286575,0.0008481284631912247,0.0031098043650344903,0.0002154602505175518,0.8295143209605612,0.0,0.15592246910961544,0.5564885709244823,0.13382651199771442,1.0,0.5523577971276716,0.0015401018298702956,0.9565869134457784,0.3323215467576279,0.03160596789717758,0.19461978043507466,,0.624086135368616,50.0,48.0,0.96,1.6792818606446378,0.10792827241671699,4.001639213702113e-05,0.8295143174265017,1.282887382384921,,1.0044938758551372,0.0922805343764285,0.0,0.0,1.5805955628503603,1.7257472435214523,0.5901825640681402,0.23725348218463557,0.8026580610308862
SYNTH-ACTI-0455,active_flare,0,0,True,0.6115811214530652,0.398,0.34800000000000003,0.0002469601175053305,14.194951556753182,14.938653995570643,111.58169159968924,0.6115811214530652,0.0002469601175053305,0.34800000000000003,0.5690169100922889,0.0017811035256297878,0.0956714005797225,0.09211136874737846,0.001166001353096302,0.9959836213442742,0.997145108779253,0.002333878731172412,0.9931388235169053,0.004016378655725794,1.7776299681328476,0.001664632116302297,0.002441460437243369,0.00020340143634778318,0.927526097316414,0.0,0.13640595804254396,0.5690169100922889,0.11216004029660666,0.5416666666666667,0.5845633115081567,0.0016666105459097016,0.9190058307570994,0.1291420642280506,0.30015936648453045,0.13453663602987165,,0.4023976542327205,45.0,43.0,0.9555555555555556,1.251878559221062,0.09310822377893421,1.540278431988451e-05,0.9275260929521748,0.47459000626958536,,0.9821397861984292,0.23045661918610288,1.0,0.0,1.6872801116463054,1.6450319483834652,0.609591712526713,0.1892709666266762,0.8361628027979607
SYNTH-ACTI-0456,active_flare,0,0,True,0.516342838844701,0.29400000000000004,0.34800000000000003,0.0001809403502042524,12.474349251220032,14.772561396994512,109.11428511398614,0.516342838844701,0.0001809403502042524,0.34800000000000003,0.6739708074167114,0.001428896840099708,0.07064469288094802,0.11593671272116657,0.000942235796773716,0.9967438649700392,0.9977160004300054,0.001883256994991478,0.9943567700430859,0.003256135029960805,1.7724775889268045,0.0014235654840122646,0.0022448532632501094,0.00015416819487490407,0.712641997510614,0.0,0.12893045199956638,0.6739708074167114,0.1094390472175273,1.0,0.6752080595707403,0.001389352356174518,0.9862565896457604,0.05385998654157384,0.3368638596088158,0.13094483150310543,,0.4711372816992699,53.0,50.0,0.9433962264150944,1.8717745122408753,0.09983219708058634,5.288820532012295e-05,0.7126419936386093,2.1118616289164738,,1.0143279479891152,0.18962075966624975,0.0,0.0,1.6819941935825367,1.4612399226911021,0.7050211289248951,0.21201317731146502,0.5541188566358675
SYNTH-ACTI-0457,active_flare,0,0,True,0.5838046318848971,0.17400000000000002,0.34800000000000003,0.00012956657236670472,10.282235550132652,16.475091827514188,135.71432536251223,0.5838046318848971,0.00012956657236670472,0.34800000000000003,0.596089823536398,0.0008724700697902258,0.07541314837106065,0.04366163352435937,0.0005812806917445679,0.9980109401563413,0.9986094246763697,0.0011628056178422108,0.9966259733873126,0.0019890598436587137,1.7377164448061548,0.001279768528822613,0.0014466948586690407,9.45558213126807e-05,0.9082905915516504,0.0,0.14475262215257192,0.596089823536398,0.10546040391695681,0.380952380952381,0.6008235032272424,0.0008423697675031205,0.9395154597044187,-0.26528908708411597,-0.054409490897117746,0.0973915496166371,,0.4171702019818835,47.0,45.0,0.9574468085106383,2.293421334092813,0.11961071013438233,9.117867472041574e-06,0.9082905824158748,0.562582875470765,,0.9730870578688874,0.15447906063018524,0.0,0.0,1.6341120654500043,1.6029180880403948,0.6318513244053093,0.16693516935592653,1.0020150412250188
SYNTH-ACTI-0458,active_flare,0,0,True,0.5038764572730579,0.366,0.34800000000000003,0.0003020737750912709,9.997584837316024,21.03764032905643,221.36249927619755,0.5038764572730579,0.0003020737750912709,0.34800000000000003,0.6906454845764184,0.0018163671429942782,0.2591483340942606,0.20634719146387948,0.0011770432602283831,0.9960485187981497,0.9972346024117258,0.002361533679017924,0.9936023913281916,0.003951481201850293,1.5478647567626398,0.0008365400702693659,0.005186548435670069,0.0002519588055630573,0.9561386234087953,0.0,0.1691913857565205,0.6906454845764184,0.14000915813964804,1.0,0.6919301767888015,0.001713280829185334,0.95204057669262,0.022367371847131,-0.39303398326959826,0.15728879863998113,,0.5008949837095621,55.0,52.0,0.9454545454545454,2.023105136518988,0.06133793174339205,1.1212023400486437e-05,0.9561386196683861,0.3634311308217801,,1.0093238614734636,0.19497426127131465,0.0,0.0,1.4257942733299807,1.3783503062970288,0.722072459343032,0.28429151941862596,0.933387221936959
SYNTH-ACTI-0459,active_flare,0,0,True,0.6682916907764348,0.21000000000000002,0.34800000000000003,0.00012110298332098466,14.902707718532596,17.03127539620319,145.03217081065822,0.6682916907764348,0.00012110298332098466,0.34800000000000003,0.5207307000864946,0.0007438612642898945,0.1467836918885508,0.06213999618524113,0.0004938087479271491,0.998364267678624,0.9988344602715356,0.0009886404512160496,0.9973261200247348,0.0016357323213760377,1.7432284076002906,0.0007778209900550031,0.0028334907494860827,8.455205934476684e-05,0.7803693112896755,0.0,0.16039877923339357,0.5207307000864946,0.11192393416584442,1.0,0.5308628257125396,0.0007100237695166904,0.9398783926897849,-0.5555382072841427,0.24686946513684815,-0.05765309759183346,,0.4291232476639359,41.0,38.0,0.926829268292683,1.9103880695648654,0.15424526659625568,2.0922931925348998e-05,0.7803693030980392,1.4416664355878308,,0.9846700342734691,0.3543994857798524,1.0,0.0,1.555507637873429,1.7358512737746319,0.5607086964832698,0.2356967403007748,0.8197409475357584
SYNTH-ACTI-0460,active_flare,0,0,True,0.5365370487749394,0.262,0.34800000000000003,0.00010398872595396123,10.715863046345222,12.634641544537216,79.81708347947276,0.5365370487749394,0.00010398872595396123,0.34800000000000003,0.6486038583814092,0.0009413628702630593,0.11923640606245244,-0.0034167231617092675,0.0006320479387231792,0.9978803574247093,0.9985056548323972,0.0012627895300161285,0.9965098681372448,0.0021196425752906256,1.7888889049554044,0.0006078019670681844,0.0017128964526467014,7.890398244181362e-05,0.9068019175822705,0.0,0.11007217725028151,0.6486038583814092,0.0837207160517074,0.29545454545454536,0.651287435075699,0.0009424033118137175,0.9999327997509807,0.4268960223065249,0.24025580969550642,-0.034796016209999614,,0.43744890516353524,51.0,48.0,0.9411764705882353,1.936206172583489,0.09592473132367899,7.667314911308232e-06,0.9068019065598723,0.44164055998926166,,0.9988288439183928,0.318974459854157,1.0,0.0,1.6762149696757946,1.5021898205229742,0.6762064055389156,0.1576895580916989,0.5928996587268582
SYNTH-ACTI-0461,active_flare,0,0,True,0.5568508972813352,0.17400000000000002,0.34800000000000003,0.00017644200394305456,8.758582512692763,16.704124958110473,139.52609911278253,0.5568508972813352,0.00017644200394305456,0.34800000000000003,0.624942873754914,0.0012596365454727821,0.20441334916645304,0.14610206811131166,0.0008203099125343449,0.9972587266340907,0.9980551049747324,0.0016466143473411465,0.9952310955210676,0.002741273365909347,1.5997598893496072,0.0010480445694743229,0.004081857796899994,0.00017493745387286985,0.8883837810649754,0.0,0.14098578845764947,0.624942873754914,0.14047164126016945,0.9183673469387754,0.6305918693805505,0.001192694788784548,0.9577125469356079,0.7038080814616089,0.3376062577587821,0.1937486338848391,,0.5517207409141484,50.0,47.0,0.94,2.1630971256828277,0.06733626180346382,2.0792417209425373e-05,0.8883837762960235,0.9327453907193805,,1.0114655782199709,0.26514939660843884,1.0,0.0,1.5291449017961694,1.5512345407194055,0.6627120311605116,0.2530961378589588,0.8191928436606094
SYNTH-ACTI-0462,active_flare,0,0,True,0.5078483611591781,0.17400000000000002,0.34800000000000003,0.00010559766913458787,8.430507709746102,13.689157520983493,93.70401313820021,0.5078483611591781,0.00010559766913458787,0.34800000000000003,0.6852439165220112,0.0009315306453573817,0.11072375825872027,0.14155904219238558,0.0006109747572866642,0.9978771228369776,0.9985134651233434,0.0012211467187673852,0.9968186820222216,0.0021228771630223964,1.7080371298698087,0.0016900456312320432,0.0033800912624640865,8.591405406432884e-05,0.9122323680631078,0.0,0.11550806448189187,0.6852439165220112,0.09437883424288204,0.19512195121951234,0.7041293448256436,0.0008969279956203898,0.9852988495115603,0.5071479249348679,0.18772967630837026,0.07242041915612862,,0.43669373816873763,54.0,52.0,0.9629629629629629,1.7495326153258586,0.09433521886353032,7.869577628771829e-06,0.9122323578891852,0.4886138832487405,,1.0233107647850126,0.2338535876467207,1.0,0.0,1.6141153977062208,1.4238346881418367,0.7277927455866289,0.16398907263880041,0.6239681814252974
SYNTH-ACTI-0463,active_flare,0,0,True,0.5073533000671107,0.17400000000000002,0.34800000000000003,9.15739539407372e-05,12.936136338411595,15.135658815860733,114.54408389507098,0.5073533000671107,9.15739539407372e-05,0.34800000000000003,0.6859125582783595,0.00072024903554637,0.06581273707382898,0.07639233928978584,0.00047928671348973495,0.9983426777250292,0.9988422303505451,0.0009578723190909466,0.9971728993455996,0.0016573222749708405,1.7657493545539542,0.0013759700588915184,0.002091474489515108,6.877422498086094e-05,0.8318094806335036,0.0,0.1272374899401318,0.6859125582783595,0.0953682114558896,0.9047619047619047,0.6866090593868678,0.0007053538052103357,0.9781038007369134,0.011659196874826916,0.2720649117714537,0.021602138299130047,,0.5366889931045078,55.0,52.0,0.9454545454545454,4.9413029729936335,0.09834396527803131,1.2754840844175774e-05,0.8318094696649256,1.007523458922526,,0.9987587986924179,0.17641309125521756,0.0,0.0,1.6346385581126919,1.4196709879462803,0.7139503303843332,0.2278579963579924,0.7048157840876136
SYNTH-ACTI-0464,active_flare,0,0,True,0.516342838844701,0.31800000000000006,0.34800000000000003,0.0002266735752748166,14.537597880710031,14.806247002012936,109.61247514230875,0.516342838844701,0.0002266735752748166,0.34800000000000003,0.6739708074167114,0.0018027998384759606,0.11325402266598264,0.019640096523992234,0.0011990028780590745,0.9959786744072363,0.9971309677006422,0.002395148443397055,0.9936506871239481,0.0040213255927636915,1.7689726297543853,0.0009321197499725847,0.002193222941111964,0.00019357157396049374,0.8784599431699486,0.0,0.12430507798256664,0.6739708074167114,0.1065069998271525,1.0,0.6732097817743173,0.0017508163911881612,0.9633346325515284,0.01611202191133263,0.5011942941178413,0.019204510071155312,,0.4610879626665497,53.0,50.0,0.9433962264150944,4.321372703026588,0.07796836841095547,2.5470328391064e-05,0.8784599389780878,0.8042018375763678,,0.9919369779166926,0.21603719782654,1.0,0.0,1.659806795913253,1.4356687710593092,0.6982108047279826,0.22720071423407506,0.6648955532030384
SYNTH-ACTI-0465,active_flare,0,0,True,0.5459647133875463,0.398,0.34800000000000003,9.857161316303927e-05,18.172691253945352,13.817528901377928,95.46205247020653,0.5459647133875463,9.857161316303927e-05,0.34800000000000003,0.6374038311757642,0.0008086102532913458,0.07214949517807612,0.09569130121507463,0.0005380786952784988,0.9981364916577404,0.9987006466153558,0.0010764094118586032,0.9968718394779319,0.0018635083422595677,1.8349544231130164,0.0014138118542686242,0.0022838499184339315,6.784393336178862e-05,0.8657309960766398,0.0,0.12082832324565428,0.6374038311757642,0.08366286928557894,0.4761904761904762,0.6459488852637303,0.0007888735975204626,0.9728125331449514,0.03904781726400039,-0.017538111085883802,0.023701571278965883,,0.5670108161870896,51.0,48.0,0.9411764705882353,1.8019556532466545,0.11346106833771541,9.661673204708343e-06,0.8657309840455109,0.6661029803427204,,0.9971511168630923,0.19211012983490025,0.0,0.0,1.6803271145738785,1.4797823093556712,0.6650785948466038,0.16851111630232204,0.9237849358566452
SYNTH-ACTI-0466,active_flare,0,0,True,0.6243587666223378,0.17400000000000002,0.34800000000000003,0.00018482168101834078,16.019610234328127,23.233488667163623,269.92386530092745,0.6243587666223378,0.00018482168101834078,0.34800000000000003,0.557371848693042,0.0009155475301624155,0.23356672342086407,0.1509386479500181,0.000599971008022615,0.9980260832900141,0.9985927120334965,0.0012006970033960895,0.9967725205927842,0.0019739167099857013,1.5763243240982994,0.0007884658706915972,0.004618157242622213,0.00014905268027776142,0.8159446604163354,0.0,0.198272701275047,0.557371848693042,0.15832379605939942,1.0,0.5764811894570849,0.0008534525461318637,0.9065375182006469,0.14509355482649852,0.058872665953620215,0.17130751230452868,,0.359918200120277,44.0,42.0,0.9545454545454546,1.28945821940719,0.08646025937009345,3.0108267678796707e-05,0.8159446554283709,1.7833711486537411,,0.9724948265136834,0.2943848814307428,1.0,0.0,1.4142754464743532,1.6355420814991284,0.6168970571974293,0.28310251830979255,1.3027036355145376
SYNTH-ACTI-0467,active_flare,0,0,True,0.5108890369041491,0.366,0.34800000000000003,0.00018057150501696876,8.409449890131077,19.566016206211447,191.35221102836047,0.5108890369041491,0.00018057150501696876,0.34800000000000003,0.6811655268799404,0.0011316139108057308,0.19637875206465477,0.13110421519624182,0.000742129214150733,0.997513044612157,0.9982548324348155,0.0014834640302932023,0.9959898294556608,0.0024869553878430484,1.6035237363192052,0.0009547879809042403,0.0033136759337264814,0.00012269086571348176,0.784545547773411,0.0,0.16110216543906994,0.6811655268799404,0.10894547049173006,1.0,0.6904240381915192,0.0010853292497939185,0.9637368280810983,0.07824035621827492,-0.032222703317257434,0.10214471489817534,,0.5630968544869838,55.0,50.0,0.9090909090909091,2.114663178459086,0.10338696483733546,2.9648636117651783e-05,0.7845455420721764,1.5061377980653816,,1.004836091185638,0.178710062067329,0.0,0.0,1.4678741069932513,1.4093455759267193,0.7203791758955108,0.2653452829018013,0.8422339578693379
SYNTH-ACTI-0468,active_flare,0,0,True,0.5500780206751735,0.17800000000000002,0.34800000000000003,0.0002697699517939927,9.796234718484545,19.88760014780751,197.75831981953633,0.5500780206751735,0.0002697699517939927,0.34800000000000003,0.632637529441478,0.001618678018296507,0.2115555979012527,0.10604056584653065,0.0010623662294588776,0.9965112500450078,0.9974900682770587,0.002125674870019134,0.9942969886531525,0.003488749954992154,1.609311622315964,0.0008411372175180844,0.003476700499074749,0.0001859080486183995,0.8816419780103433,0.0,0.16647764142138385,0.632637529441478,0.11446036236387137,1.0,0.6449279425783659,0.0015493328779620215,0.9538973914884148,-0.30242944981552433,0.20562629477415537,0.13905058669427728,,0.47754277716913474,50.0,48.0,0.96,1.959212080756332,0.08023917506066383,2.3421607455831328e-05,0.8816419735550812,0.8112362351773876,,0.9965919921248348,0.20888861769337114,1.0,0.0,1.450363041186109,1.505617534391318,0.6789692943639764,0.2594835557270475,0.8720460121044146
SYNTH-ACTI-0469,active_flare,0,0,True,0.5973321365115235,0.45000000000000007,0.34800000000000003,0.00020022036796510967,15.796091751085086,17.33141412964057,150.2029902834326,0.5973321365115235,0.00020022036796510967,0.34800000000000003,0.5825904529971435,0.0012580450548330144,0.07354166298148376,0.04384460484448338,0.0008356969672287384,0.9971365746475713,0.997978920580836,0.001670585646299405,0.9953038565705241,0.0028634253524286724,1.781533653326598,0.0012130569033965593,0.0014336127040141156,0.00015147427566752913,0.92060014753357,0.0,0.15943365397449277,0.5825904529971435,0.12074599555397819,0.6739130434782608,0.5901521835024262,0.0012177036349674724,0.970678599028708,0.3562830099176956,-0.0984298942543121,0.06179556057353386,,0.5328929625135737,47.0,44.0,0.9361702127659575,1.5503062155057439,0.11215036676927609,1.2623725336835534e-05,0.9206001417432417,0.5359520892770017,,1.0028363029177658,0.21808498343042315,1.0,0.0,1.6966716886871644,1.6518103856533322,0.6267926823472295,0.198338532157722,0.9050199056592462
SYNTH-ACTI-0470,active_flare,0,0,True,0.5097234534301338,0.258,0.34800000000000003,0.00017322706047485708,19.25154984400109,19.225597469228003,184.81179902439297,0.5097234534301338,0.00017322706047485708,0.34800000000000003,0.6827231465575466,0.0010848394574303113,0.12820058056830907,0.06961429442187406,0.0007183035669379167,0.9975904256669053,0.9983015815981348,0.0014369123902150394,0.9953810674643079,0.002409574333094633,1.7193181966374487,0.000944759364232522,0.0028342780926975657,0.0001488575023087524,0.8137169091291968,0.0,0.15314515880779883,0.6827231465575466,0.13153700314438005,1.0,0.6900077803712349,0.0010397671356024625,0.918783741927145,0.2379645877937831,-0.22814204215719275,0.09099822541414637,,0.5848008959613918,54.0,52.0,0.9629629629629629,3.586566045955155,0.0761946503816721,3.1163121678390304e-05,0.8137169042650596,1.670156902485484,,0.958611617889334,0.16175728814341278,0.0,0.0,1.5933050061079508,1.3794802784378255,0.7155808933111979,0.2795144715914688,0.4759901297406852
SYNTH-ACTI-0471,active_flare,0,0,True,0.5644206757156116,0.23,0.34800000000000003,0.00010678088249923018,8.613299868169252,18.133590235031246,164.41354740601025,0.5644206757156116,0.00010678088249923018,0.34800000000000003,0.6165613964420803,0.0006850149181455988,0.1993234554621848,0.18551075411775964,0.00043871828964781034,0.9985028834151544,0.9989263277657549,0.0008767045390203343,0.9974566402330477,0.001497116584845637,1.564727159389121,0.0011496895838123706,0.005231087606346286,6.426738401876797e-05,0.979412527659078,0.0,0.15989650582710785,0.6165613964420803,0.09607401842167769,0.5476190476190476,0.6255461025523109,0.0006375607621521127,0.9530965876882939,0.3467258381722651,0.22788483874365,0.14085949985937418,,0.32888965980348417,49.0,46.0,0.9387755102040817,2.9415993081382608,0.08599432989314829,1.3392727153949124e-06,0.9794125126034231,0.1099414010372238,,1.024036326822097,0.17506473097704006,0.0,0.0,1.4290878568773095,1.5189388890595843,0.6551673525981759,0.20733618305746984,0.7875793793569393
SYNTH-ACTI-0472,active_flare,0,0,True,0.7362477065578544,0.5820000000000001,0.34800000000000003,0.0001868919958025955,11.484834439585544,12.824633889481898,82.21665360751052,0.7362477065578544,0.0001868919958025955,0.34800000000000003,0.472667007177501,0.0014330532003667762,0.071951785710271,0.08860303445194395,0.0009461243524477858,0.996702691261098,0.9976939358008626,0.0018857033890600228,0.9943849306612643,0.003297308738901772,1.7753648070361425,0.0012612415003290195,0.002467646413687212,0.00015478374156452368,0.9128473172798112,0.0,0.1316415113931913,0.472667007177501,0.10847069382379984,1.0,0.475597718797982,0.0013785003195541665,0.966037418316561,0.19202983251292,0.08871225271908277,0.07616734333174868,,0.5925140367838334,38.0,35.0,0.9210526315789473,1.0424881230611054,0.11810488886190365,1.3966856091118807e-05,0.9128473115836766,0.47167259914232945,,1.0042674596117191,0.1996910630534068,0.0,0.0,1.6862786527322187,1.9884523124522322,0.503567522053779,0.15386688038563384,0.931612381581782
SYNTH-ACTI-0473,active_flare,0,0,True,0.5413034890332354,0.378,0.34800000000000003,0.00017145310855079082,11.604827295569846,21.149499650822122,223.63060758509474,0.5413034890332354,0.00017145310855079082,0.34800000000000003,0.6428925862301863,0.0009812871742320847,0.23818004183489566,0.1656059164306427,0.000635772991529393,0.9978999279594469,0.9984834231190454,0.0012715620075504086,0.9961701646216259,0.0021000720405530693,1.528092847027136,0.0011651616661811825,0.004485872414797553,0.00013100095185247795,0.7151632105640789,0.0,0.17357328374162728,0.6428925862301863,0.13253242475606294,1.0,0.6495193708127003,0.0009204545640170397,0.931215182194537,0.5304958276472306,0.669535421878973,0.20099329684575196,,0.43580984342006124,52.0,48.0,0.9230769230769231,2.4211410174523595,0.0749899774195098,4.329087389554065e-05,0.7151632058585885,2.482069464690589,,0.9927589589536511,0.21187964286070918,1.0,0.0,1.402847370235068,1.4758417329028997,0.6831516866996976,0.306841636653954,0.6747650978556411
SYNTH-ACTI-0474,active_flare,0,0,True,0.5543507244804576,0.462,0.26,0.00013908070597917093,8.052223569632751,10.441433458330383,54.51176633237076,0.5543507244804576,0.00013908070597917093,0.26,0.46901715559887525,0.0012667722182272533,0.04867992535520648,0.06935817244803966,0.0008471701412861576,0.9970956018950918,0.9979399500174434,0.0016949121975253778,0.9951875325902552,0.002904398104908057,1.8670414844060645,0.001697513963421312,0.0021355820830139087,0.00011449316166434187,0.7944899392935955,0.0,0.1098199174666113,0.46901715559887525,0.09043784625833691,1.0,0.46019055963202277,0.0012406288815933492,0.9799694796281939,0.3152777083870861,-0.6755681559353164,0.0897079821973854,,0.30237999568301743,50.0,47.0,0.94,2.837957701076494,0.4381456606103187,2.6447225803694074e-05,0.7944899331199545,0.9750619681132143,,1.0006200322446768,0.23667999939570855,1.0,0.0,1.8314482158848953,2.0897046426948878,0.48978292831078774,0.21235822486249928,0.7436295966357737
SYNTH-ACTI-0475,active_flare,0,0,True,0.5640813806297221,0.43000000000000005,0.34800000000000003,0.00016110354789881825,10.339732549054194,12.490176713081109,78.00914782075665,0.5640813806297221,0.00016110354789881825,0.34800000000000003,0.6169322582700818,0.0014349483613373647,0.06895808496205509,0.07653383476412756,0.0009504703356243427,0.9967259465353289,0.9977071090108152,0.001905893199245945,0.994629874553328,0.003274053464671134,1.8005219776861314,0.001644556517925666,0.0020831049227058437,0.00013602121722255944,0.7281861764497897,0.0,0.11096460452172778,0.6169322582700818,0.09346805870099689,0.9787234042553191,0.6205459927639513,0.001383067801813999,0.950386014234031,0.4261445064950995,0.10907067123215645,0.13738202228939,,0.36319928988065064,50.0,46.0,0.92,3.781442121085807,0.08485394509894185,4.2265369590399615e-05,0.7281861717667343,1.6233728010544393,,0.9860361523667918,0.2686456247513112,1.0,0.0,1.7097761999473837,1.5560069903722777,0.642400012251996,0.18331540188454645,0.7647439046005502
SYNTH-ACTI-0476,active_flare,0,0,True,0.5080675302002126,0.28600000000000003,0.34800000000000003,0.00017531102870515464,16.497710992233536,13.809364325716395,95.3492715401846,0.5080675302002126,0.00017531102870515464,0.34800000000000003,0.6849483175255556,0.0014692729547088597,0.058342267794859584,0.06523215505101954,0.0009707535021097891,0.9966312159837121,0.9976206322368668,0.0019415207729207573,0.9943385951855787,0.003368784016287929,1.8521902280785065,0.0015263846489315307,0.002126035761011775,0.00013861786431534906,0.9560663456735183,0.0,0.12019546959021983,0.6849483175255556,0.09468009672891103,0.30232558139534893,0.687527256868731,0.0014285782705109654,0.9757611654519023,0.27692591881611756,-0.1328686962650595,0.0456925692626835,,0.4242317573203902,54.0,52.0,0.9629629629629629,1.7587259587648114,0.08683890310539802,6.218443229677462e-06,0.9560663389188554,0.24393464974913184,,1.003556837064933,0.40666955721961384,1.0,0.0,1.7412377817709754,1.418304646445411,0.7116932889521677,0.17610428288347138,0.9495164065880917
SYNTH-ACTI-0477,active_flare,0,0,True,0.5443810223958977,0.17400000000000002,0.34800000000000003,0.0002445635496705037,16.009258174612892,17.9634022518058,161.35574625703822,0.5443810223958977,0.0002445635496705037,0.34800000000000003,0.6392581403157717,0.0015724949711090213,0.13941389188261702,0.11103836147174384,0.0010516997749534518,0.9964641229188357,0.9975304251390219,0.002104929667393507,0.9942167482991432,0.003535877081164318,1.7072370282460556,0.0010982373290868157,0.003239800120806106,0.000192027442514342,0.8783343631414741,0.0,0.15145293349958927,0.6392581403157717,0.11836089055291495,0.6170212765957447,0.6403272747240679,0.001517146075152735,0.9351307198736748,-0.04748106727198782,0.019992768904683524,0.11712911088595801,,0.49029879717045394,51.0,49.0,0.9607843137254902,1.7501782735578013,0.11285036309375647,2.4980527499329774e-05,0.8783343588636177,0.8920400833141672,,0.9692463886068945,0.23050310851627437,1.0,0.0,1.5959738485504558,1.4810091909253056,0.6698190346409258,0.19359989038921743,0.8574586445235617
SYNTH-ACTI-0478,active_flare,0,0,True,0.5899711567724185,0.398,0.34800000000000003,0.0003401692205136518,9.694422283989473,21.08117641011367,222.2079994171673,0.5899711567724185,0.0003401692205136518,0.34800000000000003,0.5898593448259727,0.0018985387612706368,0.27800770074729286,0.1643278636677019,0.001233775872937215,0.9959852474720262,0.9971120888193924,0.00246661425714656,0.9932795296444825,0.004014752527973786,1.4662604525304368,0.0006351772722023328,0.004965931400854602,0.00025136486447152606,0.763952628291677,0.0,0.17953879105088846,0.5898593448259727,0.13258827191601472,0.45454545454545464,0.6016283635523733,0.0017601057046331406,0.9284088858539057,0.1297067272984279,0.08084372142458364,0.13427975670783665,,0.4526319328824843,47.0,44.0,0.9361702127659575,1.3787684103824736,0.0957123368723823,6.966180742518091e-05,0.7639526257030418,2.027957582475611,,1.001428636622202,0.16429528769365662,0.0,0.0,1.3343300863427918,1.549945243518749,0.635205638792923,0.22399755905935528,0.8337212855806297
SYNTH-ACTI-0479,active_flare,0,0,True,0.506586371502494,0.334,0.34800000000000003,0.00015944449290919904,18.195358095109647,22.69193802582755,257.5463082032505,0.506586371502494,0.00015944449290919904,0.34800000000000003,0.6869509713967636,0.0008502930353113635,0.22021088650047252,0.142031436600913,0.0005567350656774939,0.9981726435214681,0.9986950440568642,0.0011136137327069084,0.9968972791613057,0.0018273564785319385,1.6190802647334461,0.0011325028312570782,0.003737259343148358,0.00011254516774616974,0.8326473861513219,0.0,0.1846712232321348,0.6869509713967636,0.13008331532687908,0.5581395348837209,0.6919026047565119,0.0008094304059993869,0.9355656297590392,0.2873802913738097,-0.12052811939164923,0.15146186383598437,,0.6072488924428863,55.0,52.0,0.9454545454545454,2.212089878326069,0.10045546514790238,2.0564964367864036e-05,0.8326473793754428,1.4026236291762777,,0.9827959675898355,0.2104762838359314,1.0,0.0,1.4700756359264497,1.3650730371529989,0.7225847895185061,0.2212489724048848,0.7225137389951852
SYNTH-ACTI-0480,active_flare,0,0,True,0.5462825579597644,0.262,0.34800000000000003,0.00016794364491288486,6.383846697534995,17.80332414485483,158.4791753033852,0.5462825579597644,0.00016794364491288486,0.34800000000000003,0.6370329693477628,0.0011335063041991425,0.2401165553628954,0.14303925496035452,0.0007304094725131272,0.9976017081826835,0.9982377460432762,0.0014625995650474621,0.9961674621325356,0.0023982918173165446,1.5223944789152786,0.0007445589919816724,0.005097365406643757,0.00012057322711522822,0.9990174497320989,0.0,0.14660057805629725,0.6370329693477628,0.10543651133016185,1.0,0.6419243986254296,0.001052613855401751,0.9204691235914921,0.44601174487731665,-0.17726752578663718,0.13102366754586914,,0.5597890785096598,50.0,47.0,0.94,3.0407400188269786,0.11020499875357069,1.1850199033158759e-07,0.9990174414488217,0.005955552894460391,,0.991206365997717,0.1897708985057522,0.0,0.0,1.40657865559515,1.4718977304411596,0.6676404009263027,0.22930803555318488,0.5955293457494879
SYNTH-ACTI-0481,active_flare,0,0,True,0.5496102134594,0.28200000000000003,0.34800000000000003,0.00020448259799252634,11.870825356540442,12.411116421243843,77.01790541083422,0.5496102134594,0.00020448259799252634,0.34800000000000003,0.633176006336547,0.0018729784860756944,0.09651261846007776,0.0869563430913991,0.00123690213671529,0.9957329458013368,0.9970017147438549,0.002476353254352359,0.9928001623860633,0.004267054198663245,1.8237604574216697,0.0013601741022850925,0.002720348204570185,0.00016141312814110798,0.9522024998320993,0.0,0.11052411144496152,0.633176006336547,0.08686540522428507,0.75,0.6430359085963003,0.0018095573576707138,0.9738237215329774,0.38868227099903235,0.005502589143741201,0.09774120114236773,,0.5885651490737467,50.0,48.0,0.96,2.6482840915706976,0.12450111713683479,7.884780063083241e-06,0.9522024940598521,0.23656586373392893,,1.0079541673159496,0.1696556497006871,0.0,0.0,1.7597247950079982,1.5540641584387618,0.6694610767591314,0.16609816467073132,0.7219548009033653
SYNTH-ACTI-0482,active_flare,0,0,True,0.6325235665233148,0.43800000000000006,0.34800000000000003,0.00027957462210211466,15.795166601756783,15.97433695516744,127.58972057861368,0.6325235665233148,0.00027957462210211466,0.34800000000000003,0.5501771292298131,0.001870228394628859,0.15117703886695463,0.0929463220892397,0.0012415126014924116,0.9958698708729168,0.9970669330727424,0.002483599084807775,0.993421764312193,0.004130129127083215,1.758796390544207,0.0008181966944853543,0.003436426116838488,0.0002424594694461213,0.8996565538617011,0.0,0.1460909432869889,0.5501771292298131,0.12634744452386718,0.7948717948717949,0.552010036546119,0.001778273670515417,0.9266717214508636,-0.14056252799802166,-0.4425023503743749,0.08128103963987243,,0.4865884966154002,43.0,42.0,0.9767441860465116,1.384713646544839,0.07257342988267294,2.5599415899080213e-05,0.8996565503352676,0.7217801476011588,,0.9745900165381685,0.13469781026351035,0.0,0.0,1.6679594016334225,1.6905628933835881,0.581808811428653,0.2040184966646547,1.149590502945895
SYNTH-SYST-0483,systematics,0,0,True,1.0504249927140519,0.786,0.34800000000000003,0.0004255528066680509,81.50942606687293,46.695383071287154,1090.2294000871254,1.0504249927140519,0.0004255528066680509,0.34800000000000003,0.3312944783433319,0.000779559645985808,-0.025152830673714852,-0.003501300641168381,0.0005248520233928078,0.9981626512492225,0.9987069239048004,0.0010475487972356756,0.9969005086920775,0.0018373487507774566,1.6954242843447775,0.0015378088874748118,0.0011666136387739952,0.0004224695502779152,0.94543207578879,0.0,0.5717781518433515,0.3312944783433319,0.5680085401549185,0.8750000000000001,0.3309470781631138,0.0007347141877804367,0.9878201469377907,0.4988258010967431,-0.06389435004148553,-0.02622929126822271,,0.5600164661115761,26.0,25.0,0.9615384615384616,0.19746701422069082,0.05071084991054652,2.3486081556223226e-05,0.9454320735921584,1.2675203035923155,0.0,1.0481146775875254,0.34974743724352436,1.0,5.302789267154523e-05,1.7824166344940222,2.7317986098894425,0.47703914402376124,0.4846241843351803,4.207784871126017
SYNTH-SYST-0484,systematics,0,0,True,1.045975576046302,0.8420000000000001,0.34800000000000003,0.00065570436914831,93.234015640847,30.367075441415963,461.07963543232154,1.045975576046302,0.00065570436914831,0.34800000000000003,0.33270375328973756,0.0017514004260433536,0.0011739542539226703,0.007869572737456032,0.0011758838297993846,0.9959200673620695,0.9970988134269471,0.0023511620935076083,0.9935996458616105,0.004079932637930717,1.8698089637822637,0.0010605578534309047,0.0015378088874748118,0.0006605805240624818,0.9897082975458336,0.0,0.38140560894392417,0.33270375328973756,0.3846118306115237,1.0,0.33078799448509916,0.001726276770267901,1.0050954343487215,0.7555894488945746,-0.0016640907537165258,-0.04088366588202286,,0.5587596435686727,26.0,25.0,0.9615384615384616,0.1749503051959967,0.0522943394580455,6.808723915563419e-06,0.9897082960498435,0.15591636986822333,0.0,1.0197232577365885,0.27621118040891923,1.0,0.0,1.92235687350453,2.8390879415556487,0.4307860797829274,0.5098664555082656,2.175970871973819
SYNTH-SYST-0485,systematics,0,0,True,1.0464421598446036,0.81,0.34800000000000003,0.0005020340493457425,99.76613726926098,35.55747515409913,632.1670196671903,1.0464421598446036,0.0005020340493457425,0.34800000000000003,0.332555408558537,0.0011567382125872968,0.01149893190020975,0.009608115533124906,0.000773571937273676,0.9973143251664942,0.9980917331363544,0.0015456352968270526,0.9954873683080272,0.002685674833505791,1.8423037367784898,0.0012738177379120004,0.0015391964333103338,0.0005013757514621409,0.982788043976007,0.0,0.44161682881168873,0.332555408558537,0.4408071412666527,0.8,0.33018417281460644,0.00109385848363329,0.9617151003304472,0.6923887322252819,0.09336901662364848,0.04351539771912272,,0.543607034062766,26.0,25.0,0.9615384615384616,0.06827408629300206,0.05413415739582954,8.672579899116073e-06,0.9827880420255258,0.31240895923394624,0.0,1.0169986545968939,0.38851309107950655,1.0,0.0,1.8958257012826214,2.8039464145390336,0.44525637674394475,0.40080165745362645,2.867107773983934
SYNTH-SYST-0486,systematics,0,0,True,1.0483126651079964,0.8260000000000001,0.34800000000000003,0.0005672566247394935,125.81623447120825,34.36849434909971,590.5021610601385,1.0483126651079964,0.0005672566247394935,0.34800000000000003,0.33196202963373467,0.0013455323271546707,0.012085513754678619,-0.033328304564158806,0.0009124571227231426,0.9968797812404648,0.9978049461736102,0.0018234114943691537,0.9950146232061282,0.003120218759535165,1.8961130525580518,0.0010606703436571913,0.0012728044123886295,0.0005590346666267676,0.9845855356289548,0.0,0.42912172265415616,0.33196202963373467,0.42359215502041797,1.0,0.3313003818413237,0.0013291641000148977,1.00713519055694,0.44105253410215184,0.008414433704533035,-0.07710685011549367,,0.5374550452863024,26.0,25.0,0.9615384615384616,0.21067739106748223,0.05669174767649966,8.7136052913106e-06,0.984585533887212,0.259964467617969,0.0,1.0195377355544384,0.4043508801779603,1.0,0.0,1.9528226572925058,2.9207108051424027,0.4492922069868201,0.4307265017216502,3.183158447885296
SYNTH-SYST-0487,systematics,0,0,True,1.0478444121640258,0.8300000000000001,0.34800000000000003,0.0005052786066575422,166.65313492021113,38.54929430149005,743.0240455714487,1.0478444121640258,0.0005052786066575422,0.34800000000000003,0.3321103743649352,0.0010656861611729644,0.004189737170967627,-0.03361146468373555,0.0007236705306986613,0.9975052250192976,0.9982349971732666,0.001446780714397411,0.9956984693743963,0.0024947749807023856,1.8660710426419858,0.0006911952360697575,0.0010633772862611655,0.0004926957740347682,0.9843634567604416,0.0,0.4851943114422818,0.3321103743649352,0.4729349646995602,1.0,0.33214589536367506,0.0010455447289242296,1.0036105148949341,-0.24092864931964578,0.009698840132168306,-0.1184945809872664,,0.5303629925500462,26.0,25.0,0.9615384615384616,0.16629860439717212,0.057246356667868384,7.745664914571293e-06,0.98436345477326,0.29276661588904246,0.0,1.0229441240946788,0.3741944489339956,1.0,0.0,1.953572434487511,2.8343693115919684,0.4615054736602943,0.502865158690362,2.8103120249042584
SYNTH-SYST-0488,systematics,0,0,True,1.0478444121640258,0.798,0.34800000000000003,0.0006779917134537282,112.71788192631028,32.594687533723544,531.2068277105433,1.0478444121640258,0.0006779917134537282,0.34800000000000003,0.3321103743649352,0.0016860475505142997,-0.002117793001868196,0.0549998001273706,0.0011334888893392847,0.996070975837122,0.9972539609631922,0.00226632048154618,0.9935155666593325,0.003929024162877992,1.8795818274158038,0.0020676492418619445,0.0016965327112713393,0.000642129979970818,0.907955383690359,0.0,0.4085197170688606,0.3321103743649352,0.38540932507939146,0.7741935483870968,0.3300286289895027,0.001635027416184501,0.9813508676025492,-0.034406522957411034,-0.10283597927902581,0.11630006541101068,,0.5008820242980511,26.0,25.0,0.9615384615384616,0.2868893694229395,0.06568327852666879,6.28164323598357e-05,0.9079553823599363,1.520150988611508,0.0,1.0119733835274423,0.27344808145979316,1.0,0.0,1.934000733753107,2.8874528201840506,0.4380358165964411,0.3638151539311064,2.869846373363871
SYNTH-SYST-0489,systematics,0,0,True,1.0530183153025447,0.7420000000000001,0.34800000000000003,0.00022893736440152772,32.207534822995235,13.178137270988598,86.83165096650954,1.0530183153025447,0.00022893736440152772,0.34800000000000003,0.3304785823217286,0.0013787014230637166,0.009728701712001351,0.044343267014844034,0.0009272025343338708,0.9967990029293902,0.9977317587226774,0.0018543269184883027,0.9930725617682395,0.0032009970706098345,1.9710736912582205,0.0016434289349520224,0.0017494566081747336,0.0002192724473282226,0.8226982615216848,0.0,0.16837204411368217,0.3304785823217286,0.1610545239512077,0.7333333333333333,0.33043524359857923,0.001380582306896826,1.0140308503051485,-0.30387538218114296,-0.23177079536807385,0.025281231879105803,,0.48655521540413543,26.0,25.0,0.9615384615384616,0.511728241967757,0.06836073107995805,4.3712784918770176e-05,0.8226982581847702,1.2436776703172923,0.0,1.012649350467663,0.18007648839547188,0.0,0.0,1.9750876386594287,3.0534485785027154,0.3786978148707903,0.240211094555982,1.2320327772456499
SYNTH-SYST-0490,systematics,0,0,True,1.0530183153025447,0.774,0.34800000000000003,0.000497407915377363,119.70066292508784,38.67944516607939,748.1693314623058,1.0530183153025447,0.000497407915377363,0.34800000000000003,0.3304785823217286,0.0010639387006030052,-0.018002264761199094,0.047150752496119885,0.0007138315784509519,0.9974975792387235,0.9982482314094531,0.0014276904584769046,0.9956033033277704,0.0025024207612764915,1.8246025829032881,0.0016964427715633781,0.0013253459152838892,0.0004890929756379281,0.994676661573805,0.0,0.4913624018184673,0.3304785823217286,0.48124358005928053,0.7586206896551724,0.3316015480040291,0.0010416317377808526,1.024914712666248,0.40412620417871675,-0.12838244887210049,0.01137459837916266,,0.5671671838160978,26.0,25.0,0.9615384615384616,0.18615689948439407,0.05621209855117782,2.6103596791893224e-06,0.9946766595453487,0.09944485718946851,0.0,1.0468636736685608,0.3917266671659515,1.0,0.0,1.8966758297870945,2.9002000907474885,0.4616613270300255,0.470853474305519,3.0046239550885954
SYNTH-SYST-0491,systematics,0,0,True,1.0434167843440665,0.906,0.34800000000000003,0.00027963095773646723,31.39312294033126,13.269641809851086,88.09771195762481,1.0434167843440665,0.00027963095773646723,0.34800000000000003,0.33351964931134087,0.0016703285542122486,-0.0011765868432274099,-0.03862658293863763,0.001128384989493858,0.9961258772170952,0.9972682516956393,0.002256574870819983,0.9934807221975878,0.0038741227829047764,1.955485610024324,0.0014318290290077954,0.0010075833907832634,0.0002586859909098349,0.8685658465428218,0.0,0.16657363754363547,0.33351964931134087,0.15397083725463356,0.8275862068965516,0.3334040409397041,0.0016392439632575229,0.9756839347954379,0.49416113419054775,-0.24831952353068476,-0.031216221576775283,,0.5407228329571246,27.0,25.0,0.9259259259259259,0.4611944060773943,0.098743887427057,3.547502558876037e-05,0.8685658433248054,0.8576166233366378,0.0,0.9941855957403676,0.16787073777255088,0.0,0.0,1.9676912796657628,2.9912680391149165,0.37848874736366567,0.2352631017035722,1.3929242686702668
SYNTH-SYST-0492,systematics,0,0,True,1.0473765773451673,0.81,0.34800000000000003,0.00029419498280083974,46.344694538824555,33.10844163603016,548.084453783211,1.0473765773451673,0.00029419498280083974,0.34800000000000003,0.33225871909613575,0.0007430141196058073,0.02315662297895997,-0.006235020500469535,0.0005014592890424385,0.9982959459607168,0.9987788803917556,0.0010023978003212974,0.9969767145104762,0.0017040540392831982,1.8014010355657066,0.001219318242061178,0.0013783597518952446,0.0002946311186620143,0.8313956270198726,0.0,0.40146747262729093,0.33225871909613575,0.40320838020804506,0.7666666666666667,0.3302231882521338,0.0007369154472461478,1.0084830318798035,0.16185107703288026,-0.05728483840963525,0.06533843224175184,,0.5048080504239831,26.0,25.0,0.9615384615384616,0.22257793778753887,0.08446318066993475,5.41120251547067e-05,0.8313956244293774,2.919690013926241,0.0,1.0168291828726956,0.19088395158943303,0.0,5.3013836611355566e-05,1.8486309202192117,2.857517618103437,0.43689001798845445,0.39563322951027735,2.3706413553911387
SYNTH-SYST-0493,systematics,0,0,True,1.0485469485521086,0.8180000000000001,0.34800000000000003,0.0007035368776661764,178.185759998282,45.97965358747285,1057.064272012002,1.0485469485521086,0.0007035368776661764,0.34800000000000003,0.33188785726813436,0.0012796696643319202,-0.028638732035694944,0.09002105684807526,0.0008548249576715294,0.9969954800874999,0.9978770647866875,0.0017095364452206496,0.9936032634516748,0.003004519912500059,1.7776308370847829,0.0017494566081747336,0.001219318242061178,0.0006843691000559815,0.9909485980313051,0.0,0.5654019980940415,0.33188785726813436,0.5495807540151869,0.8571428571428571,0.3312834649843609,0.0012076238571710233,0.9697790708792808,0.8141048646190139,-0.16441419270407473,0.20315041196947625,,0.5999720523479201,26.0,25.0,0.9615384615384616,0.11736063249915316,0.05900691353717454,6.234190538134676e-06,0.9909485965925499,0.20396377766493343,0.0,1.027635261376309,0.324421051401872,1.0,0.0,1.8893029306478673,2.714004980222368,0.4738711330262626,0.5475625067871354,3.1975475966003737
SYNTH-SYST-0494,systematics,0,0,True,1.0471428165576797,0.8380000000000001,0.34800000000000003,0.0003794091487451663,103.17523356273773,31.14004391086472,484.85116738529234,1.0471428165576797,0.0003794091487451663,0.34800000000000003,0.3323328914617361,0.0009858228649907586,-0.01480251365245182,0.029685072088466935,0.000659286446916374,0.9976720167473276,0.9983716602932411,0.001318128237581817,0.9963481640962976,0.002327983252672583,1.8852153937088991,0.001644736842105263,0.0015386247877758913,0.0003717529943595421,0.9939710897381792,0.0,0.3905931649753291,0.3323328914617361,0.3836281341064891,0.7241379310344828,0.3316001697792869,0.0009534890796644263,0.9839469811204992,0.3787406832039137,-0.10146378445434226,0.07009744143279217,,0.5209650638277331,26.0,25.0,0.9615384615384616,0.19833770417320634,0.05300030206843753,2.249771557716329e-06,0.9939710870745476,0.0930874305282449,0.0,1.0173136248908086,0.24521408830036703,1.0,0.0,1.9388749368392115,2.904550954723977,0.43647207897516527,0.3661324418731156,2.3994686138920778
SYNTH-SYST-0495,systematics,0,0,True,1.0480784863353458,0.8380000000000001,0.34800000000000003,0.0005488453365422672,128.54900702133244,51.216363088581645,1311.5579240107143,1.0480784863353458,0.0005488453365422672,0.34800000000000003,0.33203620199933487,0.0009135467525030605,0.013238929676079932,-0.04452424703232705,0.0006197590693151067,0.997896279363017,0.9985050995849356,0.0012397387530123094,0.9962791074091205,0.002103720636983053,1.694297350614989,0.0010602767322271114,0.001219318242061178,0.0005483386762639153,0.9594216316939873,0.0,0.6164064879339285,0.33203620199933487,0.6135961026780243,1.0,0.3316015480040291,0.0008669810639737524,0.9701599120721174,0.67517070265245,-0.1192014916098502,0.008440675246256912,,0.5798346245767314,26.0,25.0,0.9615384615384616,0.152778598304444,0.05682804235380522,2.275800558315666e-05,0.9594216299833029,1.039393823094449,0.0,1.0222673526684658,0.46516790607002545,1.0,0.0,1.792642142144307,2.6983880114771828,0.49302681908475005,0.5975122099678815,4.061843423080808
SYNTH-SYST-0496,systematics,0,0,True,1.0508955553973325,0.786,0.34800000000000003,0.0005390496058765347,86.43213921626618,58.66575337924621,1720.8353097772742,1.0508955553973325,0.0005390496058765347,0.34800000000000003,0.33114613361213135,0.0008267786997132948,0.06465748340332311,0.22898862551603383,0.0005452562921874904,0.998093617140769,0.9986521785467025,0.0010907187226645298,0.9966985742150394,0.0019063828592309484,1.5492887336490169,0.001802470444786089,0.0032338440332926894,0.0005226491703250735,0.9977583117512104,0.0,0.6990595792405132,0.33114613361213135,0.6773396894904032,0.967741935483871,0.3311774373111382,0.0007493926399507872,0.9711933106771231,0.9093548677878716,0.010294535771683764,0.13669255988675966,,0.598061798085585,26.0,25.0,0.9615384615384616,0.10763590722950944,0.056379344171681715,1.1724820109249023e-06,0.9977583098435794,0.061831206702494396,0.0,1.0714836252256394,0.28097663859867705,1.0,0.00047712452950220006,1.66269519111166,2.5934116429530247,0.5060379794258444,0.6775934274837069,3.9007246589356983
SYNTH-SYST-0497,systematics,0,0,True,1.0478444121640258,0.8220000000000001,0.34800000000000003,0.0007132330028013429,126.95343438161292,48.58418044245948,1180.2112946327327,1.0478444121640258,0.0007132330028013429,0.34800000000000003,0.3321103743649352,0.001247620714197458,-0.05589269402444761,-0.008283569812855607,0.0008435760166425332,0.9970447262747044,0.9979137977288677,0.0016855526822541211,0.9949976679604903,0.002955273725295582,1.7584132589149213,0.0016964427715633781,0.0006361660393362667,0.0007171455454628717,0.9171615509790657,0.0,0.5942060473943322,0.3321103743649352,0.5985094330945512,0.8965517241379309,0.33091236812808145,0.0012042573011169766,1.0050391571857171,0.5837664664088924,-0.10136587131185078,0.00015099472024981964,,0.5559545925608704,26.0,25.0,0.9615384615384616,0.1502086093220776,0.061119336663226255,6.249506899946855e-05,0.91716154976335,2.042338787235982,0.0,1.041229037948474,0.33262775191172766,1.0,0.0,1.871918568570734,2.7733749456269585,0.48444031125122317,0.5177193442991705,3.667280244085124
SYNTH-SYST-0498,systematics,0,0,True,1.0499548512527128,0.782,0.34800000000000003,0.00036817701089079903,101.27962743010029,38.035917516913294,723.3655106767166,1.0499548512527128,0.00036817701089079903,0.34800000000000003,0.33144282307453254,0.0007890550195173489,0.0039657350882317316,0.02275556755015229,0.0005327043202260073,0.9981402688702871,0.9987091032779829,0.0010659373263149918,0.9970505837842665,0.0018597311297129382,1.8148229381651668,0.001280273124933319,0.0014936519790888724,0.0003621029151683608,0.9837566631403581,0.0,0.482911833056763,0.33144282307453254,0.47415511181350367,0.8709677419354838,0.33239091006081295,0.0007629003424461968,0.9989786936869808,0.489347801783817,-0.08998897207725631,0.0269784916806195,,0.5339198575433538,26.0,25.0,0.9615384615384616,0.13268542803092298,0.05453678743499846,5.908970230117383e-06,0.9837566604360813,0.3056404680260603,0.0,1.0332268958185546,0.3586409273849088,1.0,0.0,1.8829525686127477,2.8546345132165754,0.46051342775209564,0.45969653644393954,3.0265235869569076
SYNTH-SYST-0499,systematics,0,0,True,1.0473765773451673,0.8340000000000001,0.34800000000000003,0.0003565476981524385,44.6918898232605,22.53370504571127,253.8839315435565,1.0473765773451673,0.0003565476981524385,0.34800000000000003,0.33225871909613575,0.0012655458180950787,0.006491838918342957,0.06415634353339206,0.0008581348590598337,0.9970568062982661,0.9979480133377284,0.0017150383483116594,0.9946210966290054,0.002943193701733904,1.9096150748076635,0.0016436032023752717,0.0014315253698107206,0.00032774835006521563,0.9979211152250277,0.0,0.28186648313336465,0.33225871909613575,0.25915330421389593,0.8387096774193549,0.3311595355495467,0.0012436175533882556,0.9833385830160198,0.09340077430084859,-0.10314815672415546,0.18966481110754962,,0.5779805768431135,26.0,25.0,0.9615384615384616,0.2718012079829419,0.09032749129587005,6.821901004094855e-07,0.997921112183994,0.021654607152261036,0.0,1.0006774414826434,0.13935207182447099,0.0,5.3019458141137794e-05,1.942350811630004,2.8741850838022525,0.4040866014993004,0.30993107999416475,1.714335035148898
SYNTH-SYST-0500,systematics,0,0,True,1.0448109348621029,0.882,0.34800000000000003,0.00022706293786279205,24.826350631827054,10.344863155402551,53.49955059791366,1.0448109348621029,0.00022706293786279205,0.34800000000000003,0.33307461511773906,0.0017201703808798923,-0.048272577478372304,-0.034980033745370065,0.0011622460811250845,0.9959555725920157,0.9971235864045297,0.002323507206817177,0.99319830482574,0.004044427407984275,1.9706153420206118,0.001486988847583643,0.001168348380244291,0.00020111274412404345,0.6940551153139121,0.0,0.13147730775480262,0.33307461511773906,0.11672782966823352,1.0,0.3325013276686139,0.0017251862219455215,1.0013151793952628,-0.008156538189182952,-0.6584710688771549,-0.039626599936590345,,0.5023439511860937,27.0,25.0,0.9259259259259259,0.5655171902812394,0.10365632857960975,7.185230948159038e-05,0.6940551123586471,1.6409236433875405,0.0,0.9984039355350001,0.15292270241610434,0.0,5.310674455655868e-05,1.948264661735412,2.994778387980363,0.36823305086945307,0.21427434229232242,1.0339442965531127
SYNTH-SYST-0501,systematics,0,0,True,1.047610442523968,0.754,0.34800000000000003,0.00027180777436285286,26.717203536788958,13.18414719847218,86.91086867549096,1.047610442523968,0.00027180777436285286,0.34800000000000003,0.3321845467305355,0.0016350219534847473,-0.008094097856502551,-0.03990507146775002,0.0010942205914109548,0.9962102997640913,0.997289578332598,0.0021885991262624582,0.9937381029987046,0.003789700235908744,1.9801277227602303,0.0011666136387739952,0.0013787252094601761,0.0002532642161827692,0.7034648914424024,0.0,0.16493070741872232,0.3321845467305355,0.15373820328232732,1.0,0.32829568352953653,0.0015787429365076034,0.9583395007851776,0.08572700927936626,0.15467280212997764,0.054665198572728446,,0.5385045249454739,26.0,25.0,0.9615384615384616,0.42712814399786125,0.09656259646672627,8.951999269823929e-05,0.703464889112174,2.2299422645055627,0.06542569006689662,0.9925023804962133,0.12467582849438494,0.0,0.0,1.9969774585414326,2.92944167122462,0.36858200397853635,0.24120962372603796,1.0245858864472364
SYNTH-SYST-0502,systematics,0,0,True,1.0513665398688976,0.774,0.34800000000000003,0.0006257174315322475,102.4443554764659,35.51962192192109,630.9227022214263,1.0513665398688976,0.0006257174315322475,0.34800000000000003,0.33099778888093073,0.0014525352443370296,0.004682656850025946,-0.007500044868859135,0.000973646053174404,0.9966492544101667,0.9975929921747956,0.0019459507175410007,0.9946520990004515,0.0033507455898332816,1.8547642801446587,0.001590415098340667,0.0013253459152838892,0.000611493306004296,0.9790697278351841,0.0,0.4409896677765596,0.33099778888093073,0.43001813973603015,0.8571428571428571,0.3313364788209723,0.0014069097184407284,0.9893758344693534,0.7417936274460577,0.08988459118575493,-0.05775964708800707,,0.5752808236952822,26.0,25.0,0.9615384615384616,0.2567516573531072,0.06373152358569335,1.2985557611422394e-05,0.9790697262571081,0.36097901311492475,0.0,1.0214609015956118,0.21165343801935746,1.0,5.3013836611355566e-05,1.9387350505347074,2.883129734406833,0.44868238858495263,0.44500698172645425,2.2245355419924664
SYNTH-SYST-0503,systematics,0,0,True,1.0508955553973325,0.7380000000000001,0.34800000000000003,0.00027887312109446335,31.299945356931044,12.878596808967409,82.92912788397307,1.0508955553973325,0.00027887312109446335,0.34800000000000003,0.33114613361213135,0.0017056117731582407,0.026716918523010044,0.027250556094232437,0.0011458940482564905,0.9960849248899075,0.9972125866334662,0.002289147217097942,0.993544787156831,0.003915075110092481,2.017406284833408,0.001219318242061178,0.0019084981180088002,0.0002742264376865977,0.7997727023610379,0.0,0.16436359377911344,0.33114613361213135,0.16138427336338793,0.923076923076923,0.3291629115199067,0.0016727711019645633,0.9844380836188736,0.6263426163464632,0.15502691889178213,0.013158247016905822,,0.6203084687046436,26.0,25.0,0.9615384615384616,0.2491235735622578,0.11035524921501441,6.150956480921455e-05,0.7997726997576001,1.4532695830626494,0.0,1.003765059901936,0.101685488952059,0.0,5.3013836611355566e-05,2.0315214933818964,2.952896367733308,0.3723156902537117,0.25686143196729083,0.9157225958885744
SYNTH-SYST-0504,systematics,0,0,True,1.0469091600916254,0.8180000000000001,0.34800000000000003,0.00039022143826568134,54.59766477673529,19.009399310759747,180.67863107795645,1.0469091600916254,0.00039022143826568134,0.34800000000000003,0.33240706382733637,0.0016489736053381075,-0.02939220808888602,0.08235813970822203,0.0010936972126964761,0.996066034110267,0.9972310265174054,0.0021854031793806517,0.9937124097074909,0.003933965889733049,1.9283015464432247,0.0015374012617293113,0.001802470444786089,0.0003786062814499225,0.8126435065715099,0.0,0.244186224149125,0.33240706382733637,0.23630356938939426,1.0,0.3302231882521338,0.00161649503630656,1.0089202575208802,0.6147428782689103,-0.18685996985850412,-0.030449240869875993,,0.5280954626739112,26.0,25.0,0.9615384615384616,0.17474666146103918,0.07090441133996392,7.750601904832344e-05,0.8126435046070942,1.8914829867914738,0.0,1.0291914526036,0.14498586715188813,0.0,0.0,1.9577775811798197,2.946143789687461,0.39575004181270107,0.3016987472676865,1.540328322982462
SYNTH-SYST-0505,systematics,0,0,True,1.0504249927140519,0.81,0.34800000000000003,0.0006138719894898497,86.29886634473681,35.74666513545232,638.9120341530831,1.0504249927140519,0.0006138719894898497,0.34800000000000003,0.3312944783433319,0.0014281599689749095,0.0413198176666458,0.03133689144779961,0.0009564869528824183,0.9967405161472668,0.9976683647314092,0.001911920502527309,0.9949305584964674,0.003259483852733225,1.8431543588634005,0.0013786521024444563,0.0020679781536666842,0.000614706273789345,0.9522857152251986,0.0,0.441008004200721,0.3312944783433319,0.440499213111408,0.888888888888889,0.3317779309613447,0.0013934280890994318,0.9985321493334529,0.3629713539299199,-0.15787481274805767,0.08489672251972236,,0.5511031779557424,26.0,25.0,0.9615384615384616,0.21108921428283378,0.05687822720653796,3.002316669087346e-05,0.9522857137117796,0.851575906221201,0.0,1.0234210538515656,0.41448154982640945,1.0,5.3025080863248316e-05,1.9002948448802681,2.912671041152964,0.4517837459290129,0.452083259701773,3.0032287734581136
SYNTH-SYST-0506,systematics,0,0,True,1.0501898693659966,0.782,0.34800000000000003,0.0007458389040280072,120.56900753830145,36.27709798368276,658.0139190588576,1.0501898693659966,0.0007458389040280072,0.34800000000000003,0.3313686507089322,0.0016805169637069254,0.011697717238923537,0.03689388671711269,0.0011176629974234409,0.9960642020109827,0.9972239210577496,0.002236718889850997,0.9936881883915198,0.003935797989017331,1.8478618723936329,0.001219318242061178,0.001961511954620156,0.0006926662652986249,0.9898214253430535,0.0,0.45757859034020265,0.3313686507089322,0.42468993448085485,0.9354838709677419,0.3305942851084133,0.0016248752322275918,0.9962491180609107,0.6101461504430126,0.014095098659686363,-0.041055571814991865,,0.5780084740678391,26.0,25.0,0.9615384615384616,0.22086007671463703,0.05725839812802894,7.088827781331908e-06,0.989821423921807,0.17168197123902962,0.0,1.030364368767067,0.3693688592478962,1.0,5.3013836611355566e-05,1.9284920123336542,2.790878801451185,0.4496746759982429,0.4801232607216409,2.760070207397912
SYNTH-SYST-0507,systematics,0,0,True,1.0539645193331784,0.766,0.34800000000000003,0.00046878224470426266,62.59606815490075,24.129002166042966,291.1043727644536,1.0539645193331784,0.00046878224470426266,0.34800000000000003,0.3301818928593274,0.0015527958497527764,0.008331958411958326,0.02233056589763649,0.0010414712643187496,0.9963830651039398,0.9974506768186183,0.002085234162285232,0.9941783774203102,0.0036169348960601866,1.9170955406936003,0.0017494566081747336,0.001590415098340667,0.0004695215857325463,0.9601106771623967,0.0,0.30956266244281416,0.3301818928593274,0.3103173249771703,0.6451612903225807,0.3318136033504745,0.0015772641675107567,1.0424491910859415,-0.18458808622668382,-0.2158835484413594,-0.054016947198361365,,0.4989600502328096,26.0,25.0,0.9615384615384616,0.14872279103611497,0.059907753773304845,1.9275965770004788e-05,0.9601106751755617,0.48378961957125954,0.0,1.0262775322228004,0.21901717343606417,1.0,5.3013836611355566e-05,1.9491192275669627,2.9550210806673483,0.4163325244648391,0.32087583861607616,2.014867851235566
SYNTH-SYST-0508,systematics,0,0,True,1.0499548512527128,0.794,0.34800000000000003,0.0005652806533190888,169.94556683479652,55.96481520749389,1566.0302706044702,1.0499548512527128,0.0005652806533190888,0.34800000000000003,0.33144282307453254,0.0008639448430483599,-0.007009424987924207,-0.004774339163079677,0.0005817915080753577,0.997981063606815,0.9985832834515685,0.001163394893654357,0.9968186527046256,0.0020189363931849558,1.6866739430755344,0.0017495493584985685,0.001219382886226275,0.0005532380419255301,0.9432868434300158,0.0,0.678971506417613,0.33144282307453254,0.663313674151742,0.870967741935484,0.33082387869791113,0.0008006643080413014,0.9599693869217452,0.8291231239481522,-0.02518686248399464,0.08321221088562236,,0.6006638080599604,26.0,25.0,0.9615384615384616,0.12180098852157385,0.04872576477337924,3.2454413025795326e-05,0.943286841781649,1.5910810798542658,0.0,1.0358406050898372,0.426543471826618,1.0,0.0,1.826732970121683,2.638863409679033,0.5041988259433502,0.6649085891282437,4.205687881578176
SYNTH-SYST-0509,systematics,0,0,True,1.0508955553973325,0.794,0.34800000000000003,0.000389495070812737,56.98855345311567,33.45976891420863,559.7780678961223,1.0508955553973325,0.000389495070812737,0.34800000000000003,0.33114613361213135,0.0009746438813163817,-0.03670673083700135,0.04391677775972802,0.0006527313954542979,0.9976834744665016,0.998380785541434,0.0013048808207622997,0.9961086956615457,0.0023165255334983703,1.7888733082760782,0.001802470444786089,0.0014313735885066003,0.0003695226259468054,0.9921645291696815,0.0,0.40382157408204783,0.33114613361213135,0.38401691138272304,0.9354838709677419,0.3313364788209723,0.0009390932708407003,0.9759285955617204,0.4021367367328354,-0.3668044741179252,0.11353801520609252,,0.5758052755497806,26.0,25.0,0.9615384615384616,0.18451847422791104,0.05855398459457142,2.910868210692641e-06,0.9921645264989744,0.12209347089007405,0.0,1.012873655685337,0.4988775512278461,1.0,0.0,1.8251917577711212,2.8537822953389593,0.4365893548745384,0.4331345262199528,2.9114803161634097
SYNTH-SYST-0510,systematics,0,0,True,1.045276479972459,0.8700000000000001,0.34800000000000003,0.0004086398008046417,74.64697652508437,19.348876570140504,187.18951226326692,1.045276479972459,0.0004086398008046417,0.34800000000000003,0.33292627038653844,0.0016962979347590165,-0.0013298684481886079,-0.035967257456760215,0.001154742782024265,0.9960704422158303,0.9972231192020774,0.0023091522992091384,0.9933737818020132,0.003929557784169702,1.963337092946051,0.0011663662389990457,0.0011133495917718163,0.0004002322003577863,0.9691536384122911,0.0,0.2422356189149324,0.33292627038653844,0.23783828789753034,0.6333333333333334,0.3315130951118651,0.0017477462618658813,1.0385995385426092,0.05819257741653924,-0.0021278789478444086,-0.10566842824522871,,0.5588215238634029,26.0,25.0,0.9615384615384616,0.2893550293668109,0.06828200299453019,1.2607576059364689e-05,0.9691536360411086,0.2846694181585941,0.0,1.0080263312310782,0.28879139468955556,1.0,0.0,1.9911278014099847,2.9675067992755007,0.3992962168895687,0.25677018542182656,1.770352905113529
SYNTH-SYST-0511,systematics,0,0,True,1.0513665398688976,0.762,0.34800000000000003,0.0007101087379513553,139.78910213006907,36.672088295275074,672.4210299682233,1.0513665398688976,0.0007101087379513553,0.34800000000000003,0.33099778888093073,0.001588626193733099,-0.006360745559611179,0.02925148462970517,0.001068587500765994,0.9963031018745521,0.9973879225807061,0.0021378543437714503,0.9923318388596754,0.003696898125447934,1.8785783645595866,0.0014314494751351925,0.001537482769589651,0.0007150806887287198,0.9300362456379468,0.0,0.4508670359458413,0.33099778888093073,0.45511096219447356,0.870967741935484,0.32981656240059376,0.001529002554541238,0.9731290954482223,0.9055473642697982,0.1289774822899345,0.05432290040962906,,0.5443766719133324,26.0,25.0,0.9615384615384616,0.1877582983972214,0.05411131009738353,5.1379369460646807e-05,0.930036244371508,1.322156250529915,0.0,1.011076381999039,0.35474063295651354,1.0,0.0,1.948797957823965,2.7765111124719173,0.4477538595114758,0.41281678843524994,2.7822220970366818
SYNTH-SYST-0512,systematics,0,0,True,1.047610442523968,0.8420000000000001,0.34800000000000003,0.0006831458731912456,124.59896027626641,32.21832387292317,519.0101965902884,1.047610442523968,0.0006831458731912456,0.34800000000000003,0.3321845467305355,0.001727003867656479,-0.013082280413709508,0.03576077503035924,0.0011533469495873527,0.995912587568034,0.9971494825737194,0.002304234903456104,0.9933790695253398,0.0040874124319659755,1.8782025329554235,0.0016434289349520224,0.001590415098340667,0.0006691456650208538,0.9901922675012209,0.0,0.4057206086491223,0.3321845467305355,0.39649518994395844,0.9285714285714285,0.3316015480040291,0.0016658255828451431,0.9870673388627664,0.4490100387584022,0.06484399348394812,-0.005065618536868932,,0.5596775285438816,26.0,25.0,0.9615384615384616,0.12252985415650852,0.05628223233465915,6.622253874710715e-06,0.9901922660347201,0.1568110021343007,0.0,1.0233178847823312,0.19370840475639806,0.0,0.0,1.9430802229459274,2.8613976549710567,0.4394793451478438,0.4095460799108651,2.2908003247881994
SYNTH-SYST-0513,systematics,0,0,True,1.0506602213675769,0.774,0.34800000000000003,0.0006309459297473426,145.93078100519605,63.85825195857006,2039.265239002113,1.0506602213675769,0.0006309459297473426,0.34800000000000003,0.3312203059777316,0.0008689292869849976,-0.013001256661034574,-0.037307036903456936,0.0005908660528399778,0.9979700183919902,0.9985611862079584,0.0011817586365470145,0.9966796481508144,0.002029981608009823,1.6154710932991727,0.001219318242061178,0.0011132905688384669,0.0006288343884470748,0.9793687108807132,0.0,0.7566450019821069,0.3312203059777316,0.7528349540506444,1.0,0.33048825743519056,0.0007991705957755696,0.9567599511138436,0.8963336557933531,0.06854207188316615,0.005229781192393368,,0.5884554095131328,26.0,25.0,0.9615384615384616,0.10719800366229627,0.054715328066708646,1.30800068062209e-05,0.9793687093359403,0.6453544531950617,0.0,1.0402744376879232,0.48387724596051984,1.0,0.0,1.7822174206071726,2.551157968971339,0.520629851526981,0.6729081314585607,4.642658542187525
SYNTH-SYST-0514,systematics,0,0,True,1.045390335777603,0.8101666666666667,0.34800000000000003,0.00020416907153972074,66.67022097354199,22.286136013409983,248.33592920410274,1.045390335777603,0.00020416907153972074,0.34800000000000003,0.3328900106400388,0.0007289464416025787,0.0009243447107466211,0.032640389395568015,0.000491936039731522,0.9983030037656029,0.9988031905332504,0.0009850826290294101,0.9973100558290864,0.001696996234397119,1.9540808510894476,0.0014447000909625983,0.001819251966397346,0.00020665656225471452,0.8600152707552788,0.0,0.28206616808579915,0.3328900106400388,0.2848325642939939,0.6363636363636364,0.3319064690459629,0.0007243233759919584,0.9983272842194276,0.572346971519971,0.0642773646195004,0.006898116972683166,,0.4882166555341996,26.0,25.0,0.9615384615384616,0.20752433489219063,0.06838696179239433,3.087841199400643e-05,0.8600152668564708,1.6730162662345567,0.0,1.0046992068838012,0.15190277925751497,0.0,0.0,2.0034695569286898,2.981755199191706,0.4110378447856607,0.3360473480068001,1.796515552270001
SYNTH-SYST-0515,systematics,0,0,True,1.0422578312049406,0.886,0.34800000000000003,0.00032526562204661705,38.771204678144926,17.974536540696366,161.64540188923553,1.0422578312049406,0.00032526562204661705,0.34800000000000003,0.33389051113934237,0.001432208596140503,-0.010479736138075117,0.029220544447618124,0.0009666026170877529,0.9966431763263212,0.9976438151904515,0.0019323625529862332,0.9945461665951522,0.0033568236736788437,1.9367450421157655,0.001802566005725798,0.0013254161806807337,0.00030298755901747576,0.9888689997910705,0.0,0.2243269452838526,0.33389051113934237,0.20911343602091376,0.6333333333333334,0.331248011875729,0.001389053742566996,0.958685570680942,-0.36950566081415526,0.05770136399300908,0.03236354622516435,,0.5040750730120853,27.0,25.0,0.9259259259259259,0.587893398772556,0.1016511363071812,3.3954899032462293e-06,0.9888689965493878,0.09636514884495949,0.0,0.9884698289554374,0.22193429889658364,1.0,0.0,1.9502905340652243,2.8473785101432965,0.38628172944538836,0.2271425351804607,1.598595316055593
SYNTH-SYST-0516,systematics,0,0,True,1.0532547070004548,0.7300000000000001,0.34800000000000003,0.0004255998572185736,83.19514989569149,30.894920023505613,477.24804162940245,1.0532547070004548,0.0004255998572185736,0.34800000000000003,0.3304044099561283,0.001121794049781862,-0.016017838394420652,0.02329287527371493,0.0007601364666494081,0.997383120887719,0.9981452959643203,0.0015229677101353811,0.9952014753509402,0.002616879112281034,1.8603798464595203,0.001219318242061178,0.0015374012617293113,0.00042266083579234337,0.9464267073844912,0.0,0.38419310128091627,0.3304044099561283,0.38209114145324163,0.8125,0.3300111329056884,0.0010961115967332844,0.9908997846247642,-0.2778262737988845,0.13235525146624533,0.06544096916406872,,0.5337912761149187,26.0,25.0,0.9615384615384616,0.20208434518306848,0.06716346306613073,2.316527682622027e-05,0.9464267051957328,0.8321893720722179,0.0,1.0141170713228664,0.27996750274913984,1.0,0.0,1.9155457408096634,2.9345686709020558,0.4338370961878033,0.37737755071071766,2.814848414195693
SYNTH-SYST-0517,systematics,0,0,True,1.0492504276154644,0.758,0.34800000000000003,0.0002949221587822237,38.508500591779224,13.99519210975562,97.93270109448359,1.0492504276154644,0.0002949221587822237,0.34800000000000003,0.3316653401713334,0.001685770855716712,-0.0026552138562994793,0.0793508933207625,0.0011343938373482576,0.9960661332109676,0.9972297404645761,0.002270489973478673,0.9917006491153403,0.003933866789032403,1.9855186589920635,0.0013254161806807337,0.0016965327112713393,0.0002917798993800069,0.8994535956223524,0.0,0.17567187804098963,0.3316653401713334,0.17375511482357048,0.888888888888889,0.32923337928109425,0.0016801998927321662,1.0005600999540019,0.36079247480439114,0.17236286209277668,0.12063525217294124,,0.4928791656859462,26.0,25.0,0.9615384615384616,0.26568105239216966,0.06221493241127558,3.077541796658867e-05,0.8994535926837465,0.7234546353423658,0.0,1.0038776119385986,0.1766179988249456,0.0,0.0001060332944544587,1.9998742376353835,2.9986749231468446,0.3775728918756724,0.22172730965547607,1.5206635211159485
SYNTH-SYST-0518,systematics,0,0,True,1.0494851304479866,0.77,0.34800000000000003,0.00033611034141297036,64.32421895209016,19.817535841099275,196.36736340662728,1.0494851304479866,0.00033611034141297036,0.34800000000000003,0.3315911678057331,0.0013631144271037017,-0.026487020630023936,-0.05863097269872375,0.0009296539109664437,0.9968412405511331,0.997710120929555,0.001858945379862531,0.9944105374104177,0.003158759448866899,1.9760008321242941,0.0008482213857816891,0.0009012352223930445,0.00031652734994835896,0.9779923521992951,0.0,0.24559324743715105,0.3315911678057331,0.23193134430529905,0.6000000000000001,0.3296930498860203,0.0013511645042846672,0.9900484110061042,0.44290312364444917,0.16227847825760797,-0.04639633178882008,,0.48977135726758675,26.0,25.0,0.9615384615384616,0.26641353728870704,0.05969931178921062,7.052430156639922e-06,0.9779923491473952,0.20512339411793074,0.0,0.9988045632444982,0.183769209609016,0.0,0.0,2.0054318061499625,3.0017425706953604,0.3982082766381544,0.2837689166874051,1.3347735420079911
SYNTH-SYST-0519,systematics,0,0,True,1.049015829735555,0.8140000000000001,0.34800000000000003,0.0007317362892170945,117.35257530063497,39.66541437335649,786.6725487050355,1.049015829735555,0.0007317362892170945,0.34800000000000003,0.3317395125369337,0.0015180412604523768,-0.004801589665779145,0.06356214523757231,0.0010152414733655135,0.996419635275443,0.9974914104870632,0.002031293673560808,0.9938968764386428,0.003580364724557028,1.8051403300597475,0.001590415098340667,0.0016434289349520224,0.0007224341871487905,0.9200982259858203,0.0,0.5000974195495529,0.3317395125369337,0.4953018696053084,0.6896551724137931,0.3311774373111382,0.0014443458901832846,0.9902455233852122,-0.07060724876406843,-0.0014904483661183057,0.0264315450173096,,0.5550832338589355,26.0,25.0,0.9615384615384616,0.1949374659637925,0.05627996791501793,5.9985635726289566e-05,0.9200982247602355,1.6399781976423258,0.0,1.040771170322819,0.35909925062642434,1.0,5.3013836611355566e-05,1.8941076449579075,2.797258511143313,0.46238812079466785,0.4500173427135814,2.998176930244292
SYNTH-SYST-0520,systematics,0,0,True,1.0501898693659966,0.802,0.34800000000000003,0.0004751108513340386,61.611062029517,24.50051461853474,300.1376082865148,1.0501898693659966,0.0004751108513340386,0.34800000000000003,0.3313686507089322,0.0015522373499976606,-0.0014735522324151303,0.027162904655381848,0.0010448142418613138,0.9964080500354013,0.9974785519028199,0.0020896765580358245,0.9932818785138503,0.003591949964598662,1.9056647745020285,0.0015374012617293113,0.0010072628956157557,0.00048203587847561735,0.9750310287792746,0.0,0.3087533285287473,0.3313686507089322,0.31360851465249695,0.9333333333333332,0.33123045114774957,0.0015160998359803797,0.9863618847839585,0.2615861274027541,-0.1109272177720045,0.07090319062538653,,0.5748182532332928,26.0,25.0,0.9615384615384616,0.2662805538531696,0.053128703438984286,1.2217810634651549e-05,0.9750310267866491,0.3185038369956577,0.0,1.0098726494391386,0.2568608056731175,1.0,5.3013836611355566e-05,1.934028387888985,2.907767490406813,0.4136806679682324,0.36744351740431036,1.869397281266373
SYNTH-SYST-0521,systematics,0,0,True,1.0497199383035667,0.8300000000000001,0.34800000000000003,0.00042000406680263,70.7052533192726,24.216618568104106,293.2223074365229,1.0497199383035667,0.00042000406680263,0.34800000000000003,0.3315169954401328,0.0013881095708885584,-0.005046517670387046,-0.04091440917899636,0.000934436659469462,0.9967743540466452,0.9977072312261803,0.0018671584823185539,0.9947358526530018,0.0032256459533548387,1.9230544983074667,0.0011674184133722474,0.0011143539400371451,0.0003992019421772408,0.9459770349680471,0.0,0.30695778147353975,0.3315169954401328,0.2921571086636939,0.7777777777777778,0.33239586097107987,0.0013748415589430454,1.0061818150001614,-0.3258560684167603,-0.1255754972481525,0.00725327521270458,,0.5384652184516893,26.0,25.0,0.9615384615384616,0.36929756624658605,0.062140769022525154,2.2274077783435153e-05,0.9459770326736991,0.6433600720648402,0.0,1.015892048338644,0.13881018099243306,0.0,0.0,1.9653148728832532,2.9506480639940693,0.4153412457836251,0.30917004395444186,2.068646294058484
SYNTH-SYST-0522,systematics,0,0,True,1.0431847875678288,0.89,0.34800000000000003,0.00045227857356261057,66.34166368722818,21.54647815820461,232.16241756088377,1.0431847875678288,0.00045227857356261057,0.34800000000000003,0.3335938216769411,0.0016988925979700253,-0.02050188113959712,0.017450206983540273,0.0011349796799456913,0.9959830149231939,0.9971820355931019,0.00227164278051295,0.9929785894684974,0.0040169850768061455,1.9490699025010862,0.002014846235418876,0.0014316012725344644,0.0004114946020017385,0.9727628792849817,0.0,0.2734898922731158,0.3335938216769411,0.24837171602666738,0.7,0.33213149522799573,0.0017171348894402263,1.0364358051475215,-0.2277507329992166,-0.09753073000820266,-0.0713094471585416,,0.5026236344688697,27.0,25.0,0.9259259259259259,0.31703255169183203,0.06461212468946309,1.1399378421761419e-05,0.9727628769607094,0.2627399764242553,0.0,1.025425042880722,0.3496321258317899,1.0,0.0,1.9642402969499724,2.9984159879390138,0.4084956442014827,0.26914860064007273,1.9091887578728308
SYNTH-SYST-0523,systematics,0,0,True,1.0525458500973504,0.7220000000000001,0.34800000000000003,0.0006924459262987533,171.3043724126726,47.25601513945473,1116.5654834301897,1.0525458500973504,0.0006924459262987533,0.34800000000000003,0.33062692705292923,0.0012250532971467352,-0.011037692414976938,-0.020889732574193243,0.0008245465734750823,0.9971364624127144,0.9979668700020652,0.001648847650061902,0.9948213103080481,0.002863537587285636,1.8013314343671805,0.001219382886226275,0.0010073162973173577,0.0006826869429612525,0.9167616588398857,0.0,0.5771690317284823,0.33062692705292923,0.5705980490001578,0.8620689655172414,0.3293394125755487,0.0011863033191128654,0.9915267406053666,0.7292150722428021,0.22949030251945898,0.04001507125526205,,0.5905771207087388,26.0,25.0,0.9615384615384616,0.11143598851444896,0.05209119403683471,5.969044308562488e-05,0.9167616575614612,1.9781502302290277,0.0,1.0239144434798597,0.3329470377912368,1.0,0.0,1.9086470717322621,2.7924931509309943,0.48297666180793086,0.568155313642518,3.00593926035017
SYNTH-SYST-0524,systematics,0,0,True,1.0445783177806205,0.898,0.34800000000000003,0.00040265838433485465,113.71560010055137,39.47504393178689,779.0155588745981,1.0445783177806205,0.00040265838433485465,0.34800000000000003,0.3331487874833393,0.000850507202693813,0.007031899040374237,0.04358502673013698,0.0005723306627328784,0.9980121676580945,0.9986042120329187,0.0011447315409551795,0.9965062439730531,0.001987832341905471,1.8252472774477233,0.0017494566081747336,0.0016964427715633781,0.00040021818939273146,0.9775719327577663,0.0,0.4904116778593708,0.3331487874833393,0.48465573249372,0.8333333333333334,0.3331389492657584,0.0008305900033072707,1.0058268642553543,0.2903261938576827,0.01452769005776542,-0.022187080708760742,,0.5260206807139441,27.0,25.0,0.9259259259259259,0.18550837879915877,0.06904338074472717,9.063638510276029e-06,0.9775719303387544,0.431149793420339,0.0,1.0299461699584636,0.3421805390190836,1.0,5.3013836611355566e-05,1.9085720513077729,2.8734225045541955,0.4646878377291732,0.42249095980966456,3.25001952232914
SYNTH-SYST-0525,systematics,0,0,True,1.0501898693659966,0.774,0.34800000000000003,0.0006922536990042184,165.44109525876004,49.80666048916838,1240.5509358256995,1.0501898693659966,0.0006922536990042184,0.34800000000000003,0.3313686507089322,0.001174311239934219,-0.011048589669911658,0.09834772109107215,0.0007925286008481081,0.9972287756755505,0.9980458472206403,0.00158570219659393,0.994659114623464,0.0027712243244495394,1.741788950334625,0.0014843874251179558,0.0016434289349520224,0.0006639250221855963,0.9685931512733843,0.0,0.6145929624245431,0.3313686507089322,0.588622378052463,0.8387096774193549,0.3300641467422997,0.0011251393650541057,0.9975256038978584,0.5428754959288488,0.15912149853074628,0.006186658477252305,,0.5978576576911313,26.0,25.0,0.9615384615384616,0.172615547828405,0.0509615913891211,2.133657218783558e-05,0.9685931498476418,0.7493868062260604,0.0,1.0411203848716946,0.3795669161022017,1.0,0.00015904150983406669,1.8660670031819349,2.7029325881834634,0.4879055954080795,0.6180854405781299,3.4672360302323333
SYNTH-SYST-0526,systematics,0,0,True,1.0457424401413806,0.8660000000000001,0.34800000000000003,0.000322167493061605,43.04045592634458,19.452524314099737,189.20035109531926,1.0457424401413806,0.000322167493061605,0.34800000000000003,0.3327779256553379,0.0013269020955700116,0.0035731283479709863,0.004903552893614549,0.0008892143387168594,0.9968637341102492,0.9977996347658495,0.0017783551446017842,0.9952186184456197,0.0031362658897508,1.9589580619350522,0.0013787252094601761,0.001590836780146357,0.0003155835010720809,0.9714463778635951,0.0,0.24744811626738283,0.3327779256553379,0.24228301186383974,1.0,0.3316894686605154,0.0013225117196702918,1.0153323021590992,0.7181942218391579,-0.20182284637617925,0.0017434130853852814,,0.5282397582046148,26.0,25.0,0.9615384615384616,0.3228542838834221,0.08429087534297289,9.136663656872379e-06,0.9714463748276606,0.2728494106959262,0.0,1.018702926708814,0.23522716891634157,1.0,5.302789267154523e-05,1.9926278219835605,2.9562423351643874,0.3997277503926944,0.3612120038511448,1.7360900249864024
SYNTH-SYST-0527,systematics,0,0,True,1.0501898693659966,0.798,0.34800000000000003,0.00042621296866242163,64.40747795469562,53.02595327700587,1405.8758604676154,1.0501898693659966,0.00042621296866242163,0.34800000000000003,0.3313686507089322,0.0007210361842375599,0.00554847473043773,0.07429442020711097,0.0004808613536908535,0.9983185402519946,0.9988113542753875,0.0009614537971425197,0.9969886602858097,0.0016814597480053761,1.5932612719276384,0.0016964427715633781,0.0014843874251179558,0.00041384090577822885,0.9126523920551176,0.0,0.6184434839714628,0.3313686507089322,0.5994861875044406,0.7586206896551724,0.33112442347452686,0.0006935724490355688,1.004702767235062,0.42368901495184896,-0.11685563576288974,-0.023354196831878227,,0.5467781792484072,26.0,25.0,0.9615384615384616,0.09944882648471588,0.05665654834207611,3.786842281927605e-05,0.9126523899499863,2.151403356333878,0.0,1.0444864852798317,0.580140518453781,1.0,5.3013836611355566e-05,1.7001501577225242,2.696988389641944,0.4906646355867489,0.5158459331127658,3.726802721578516
SYNTH-SYST-0528,systematics,0,0,True,1.0497199383035667,0.802,0.34800000000000003,0.0006541639092072454,89.64293141893785,29.92602965074195,447.7836253285461,1.0497199383035667,0.0006541639092072454,0.34800000000000003,0.3315169954401328,0.0017663379717594728,-0.014002124702341811,-0.024543517048753127,0.0011993888158224886,0.9958551512782785,0.9970922194196516,0.0023968467074901856,0.9923185283394473,0.004144848721721384,1.8587804362989493,0.0012723995334535045,0.001378432827907963,0.0006718853852628603,0.9648572922405756,0.0,0.3727387868689573,0.3315169954401328,0.3839640558839124,0.9677419354838709,0.3310889619340473,0.0017241979872801847,0.985331824242573,0.6746675006016334,-0.04496538758469188,0.11193567966455431,,0.5793532096682679,26.0,25.0,0.9615384615384616,0.25527174636386474,0.06347811038181891,2.418664516012914e-05,0.9648572908386575,0.5562396433982019,0.0,1.0094136687214827,0.34471982826386016,1.0,5.301664722722935e-05,1.916844651444893,2.8885220375120575,0.4298871340508078,0.39270014375249956,2.617907791611869
SYNTH-SYST-0529,systematics,0,0,True,1.0516021904525468,0.758,0.34800000000000003,0.0007454615159098561,139.67722376510775,44.85776827480451,1006.1096872980285,1.0516021904525468,0.0007454615159098561,0.34800000000000003,0.3309236165153304,0.0013992950584912182,0.012809088519008036,0.0054401263121817145,0.0009471176643899293,0.9967600255756023,0.9976998436193385,0.0018945082989698658,0.9946170167553201,0.003239974424397718,1.7871190689516807,0.0010073162973173577,0.0014844661223624219,0.0007598299626345728,0.8419139879928785,0.0,0.5516173684874446,0.3309236165153304,0.5624172162254045,0.8965517241379309,0.3303467288728661,0.001330724630116192,0.9849867455048897,0.8864102933522615,0.04515634096908235,0.023602210509019894,,0.5625299191364669,26.0,25.0,0.9615384615384616,0.19303793308469608,0.05662142966416503,0.00013082862740987355,0.8419139869755567,3.887800562102901,0.0,1.0357417714166712,0.37578880448680013,1.0,5.301664722722935e-05,1.8848109114337355,2.7791096432634648,0.4743316873072929,0.5149058368145648,3.2282158676344146
SYNTH-SYST-0530,systematics,0,0,True,1.0478444121640258,0.8260000000000001,0.34800000000000003,0.0005703255810966567,118.5944227270399,28.45822048740713,404.8703151566716,1.0478444121640258,0.0005703255810966567,0.34800000000000003,0.3321103743649352,0.0016092270891857432,0.01024186705706282,0.0033711329737413642,0.0010681828095279178,0.9962439089405313,0.997371862924161,0.0021357912027661907,0.9941164185420568,0.0037560910594687247,1.9090394732493425,0.001590415098340667,0.0010602767322271114,0.0005668358440999999,0.9424556645412431,0.0,0.3629851513256036,0.3321103743649352,0.36027244004522596,0.9285714285714285,0.3310714096379155,0.001546093939661385,0.9826743350455379,0.5874747416253048,-0.08379257703723235,0.05705608034474041,,0.5673410881413776,26.0,25.0,0.9615384615384616,0.17272919135880224,0.05721005628702299,3.402665988361253e-05,0.942455662947405,0.8657442890427064,0.0,1.0228008268043547,0.1651531393449085,0.0,0.0,1.952543444359326,2.894733009141016,0.42754781704855654,0.4366671539372352,2.0141223825514922
SYNTH-SYST-0531,systematics,0,0,True,1.0499548512527128,0.8140000000000001,0.34800000000000003,0.000506049852067439,130.98423143983675,37.98627839602594,721.4786731901942,1.0499548512527128,0.000506049852067439,0.34800000000000003,0.33144282307453254,0.0010921823370398118,-0.005292568770247262,-0.005981604031537913,0.0007338628099728961,0.9974297341787756,0.998209151781086,0.0014685609432432134,0.9953002660803443,0.002570265821224438,1.8175092838149303,0.0013783597518952446,0.0013253459152838892,0.0005075771987228528,0.9820856935379667,0.0,0.46943135183986906,0.33144282307453254,0.47023847116912965,0.8965517241379309,0.3316015480040291,0.0010344769960151641,0.9583781192098355,0.7929476633800282,-0.16005234049458117,0.08759990055250588,,0.5762422230138167,26.0,25.0,0.9615384615384616,0.19094708794500145,0.058959394293670746,9.173772191783947e-06,0.982085691620175,0.35109055456563876,0.0,1.011838502004808,0.3936412156888822,1.0,0.0,1.8956231883200396,2.772766557144092,0.45350481116366304,0.48406588545187923,3.042623627137617
SYNTH-SYST-0532,systematics,0,0,True,1.0487813367378762,0.8180000000000001,0.34800000000000003,0.0006157799005207935,96.03806480586266,29.12740208122742,424.2027760007418,1.0487813367378762,0.0006157799005207935,0.34800000000000003,0.331813684902534,0.001705437094811792,-0.022055777831429067,0.001512989590162661,0.0011658454630853465,0.9960073023577559,0.9972008649897306,0.002332393403069899,0.9931231484280765,0.003992697642244081,1.884073740851273,0.0015384615384615385,0.00116710875331565,0.0006198445693885724,0.9553141800010677,0.0,0.36280054916561916,0.331813684902534,0.36581506097604277,0.6206896551724139,0.3314588859416446,0.001681270214560238,0.9922390167316305,0.7426712342099782,-0.10625971029808413,0.01329683057797304,,0.5352295460165603,26.0,25.0,0.9615384615384616,0.294890130465774,0.052190262311518805,2.8224963666279024e-05,0.9553141784886123,0.6631741898328728,0.0,1.0065016387007857,0.2924255494811067,1.0,5.305039787798409e-05,1.9263203936566413,2.9523401814758987,0.43080591900404697,0.3401296556266097,2.5954820003292935
SYNTH-SYST-0533,systematics,0,0,True,1.047610442523968,0.8220000000000001,0.34800000000000003,0.0006445565379662629,79.72309120098829,33.48102026568523,560.489359015614,1.047610442523968,0.0006445565379662629,0.34800000000000003,0.3321845467305355,0.0015848440245237818,0.03955499299933214,0.004327409273165106,0.0010612235163234285,0.9963746864412832,0.9973717394246348,0.002121073971630416,0.9941697688799305,0.0036253135587167584,1.8493801414109228,0.0013253459152838892,0.0015374012617293113,0.0006670840260644129,0.888768873631885,0.0,0.41575509374748204,0.3321845467305355,0.42963511314240577,1.0,0.33080634045485874,0.0015210650499831821,0.9796411386162949,0.7260124082968579,-0.05029537347776767,0.022274077867673103,,0.5727994930614966,26.0,25.0,0.9615384615384616,0.20370541446252974,0.06368285430755469,7.893708882211747e-05,0.8887688723795109,2.051181277301044,0.0,1.0207179533386,0.3810479819749906,1.0,5.3013836611355566e-05,1.9078359763534896,2.815818239492376,0.4407796360520622,0.44224904305373136,2.728631946642732
SYNTH-SYST-0534,systematics,0,0,True,1.0506602213675769,0.77,0.34800000000000003,0.0006805111320292676,130.74156098223298,29.96395627739752,448.9193378968943,1.0506602213675769,0.0006805111320292676,0.34800000000000003,0.3312203059777316,0.0018266033277683027,0.012791092310399911,-0.006430358747279374,0.001227956758900306,0.995756652737606,0.9970070452677795,0.002455200039202965,0.99245565354687,0.004243347262393948,1.925297671654827,0.0011133495917718163,0.0014314494751351925,0.0007154621828411312,0.9971891713542176,0.0,0.3792156295109788,0.3312203059777316,0.3987218964851163,1.0,0.33029371222563886,0.0017651778825927425,0.9837208588524977,0.24513570035398488,0.14088852073196018,0.03820534144875021,,0.5590744714107737,26.0,25.0,0.9615384615384616,0.19898300911713307,0.057343472846531886,2.014614925327507e-06,0.9971891699629205,0.04503112841610773,0.0,1.0179528148946526,0.24382270671241016,1.0,0.0,1.9833205385798003,2.8093095513328628,0.4280183228932057,0.4702996997834101,2.438262121448121
SYNTH-SYST-0535,systematics,0,0,True,1.047610442523968,0.8180000000000001,0.34800000000000003,0.0005935358006628101,138.40748953181603,42.941752131738134,921.9970380718098,1.047610442523968,0.0005935358006628101,0.34800000000000003,0.3321845467305355,0.0011344864170717052,-0.01569774079264822,-0.01131538215660477,0.0007610217414099618,0.9973698057287499,0.9981137188980632,0.0015225361063511134,0.9952731176241045,0.002630194271249997,1.7925990772480829,0.0015382983237852749,0.00122002970507108,0.0005958961807943641,0.9478444234916463,0.0,0.5459265460050616,0.3321845467305355,0.5453816978087732,0.8620689655172414,0.3308932739231912,0.0010928429001375167,1.000201940413073,0.5290044118651017,0.12614815056289624,-0.03546254742895849,,0.5476716412096518,26.0,25.0,0.9615384615384616,0.251220466175405,0.05238107285726968,3.1723708123543304e-05,0.9478444219333364,1.1445742283978761,0.0,1.0383153109972245,0.33361422332136276,1.0,0.0,1.8826395191417273,2.814160459007125,0.4737594925555323,0.5093447041509659,3.19776278684907
SYNTH-SYST-0536,systematics,0,0,True,1.0483126651079964,0.8140000000000001,0.34800000000000003,0.0005636511604913894,117.60346181022904,65.29867654196688,2131.9585790662013,1.0483126651079964,0.0005636511604913894,0.34800000000000003,0.33196202963373467,0.0007748275021991233,0.02608333338208948,0.010866953082400599,0.0005212494637611975,0.9982137807314027,0.9987344251647058,0.0010415424849290478,0.9970353329486594,0.0017862192685973444,1.5545878734147736,0.001219318242061178,0.0014313735885066003,0.0005545245923254116,0.92810137266558,0.0,0.7714040019476358,0.33196202963373467,0.7586785982392554,1.0,0.33085935429147006,0.0007099468861139738,0.9713212287349642,0.9234157508381063,-0.10167150927439242,-0.000889434484308893,,0.589126935578956,26.0,25.0,0.9615384615384616,0.17009425758636817,0.05306174370384565,4.129412852682535e-05,0.9281013710496309,2.291425140799877,0.0,1.0600883195829292,0.46202785558699194,1.0,0.00015904150983406669,1.719971785627021,2.535525202150958,0.5240676912725274,0.7398297924675286,4.725494690586683
SYNTH-SYST-0537,systematics,0,0,True,1.0508955553973325,0.762,0.34800000000000003,0.0006054746276077537,118.0539382201464,77.5416973768442,3006.357416041054,1.0508955553973325,0.0006054746276077537,0.34800000000000003,0.33114613361213135,0.0007331892239174088,1.2138751497874139e-05,-0.01705200442797805,0.0004960508905174077,0.9983172806830067,0.9987962585129555,0.0009919400232520914,0.9971031408357239,0.0016827193169932642,1.3845871823713622,0.0015374012617293113,0.0012723320786725335,0.0006033143887853587,0.9717925291384276,0.0,0.9019775975402996,0.33114613361213135,0.8967522374317161,0.84375,0.33017017441552243,0.0006427241023344559,0.9553299035020493,0.8580225677320545,0.15880929088860538,0.10693837887816438,,0.6072444127997498,26.0,25.0,0.9615384615384616,0.11387177762816025,0.05260830914650469,1.7247452735014157e-05,0.9717925275491025,1.0603882497460262,0.0,1.0897951204718819,0.4391431684370886,1.0,0.0,1.5696313491921476,2.4297189193032778,0.5493789249347675,0.8429373426055693,5.994493328144647
SYNTH-SYST-0538,systematics,0,0,True,1.0506602213675769,0.7420000000000001,0.34800000000000003,0.0005324727489144579,100.40813027846922,24.99113888335831,312.278511343653,1.0506602213675769,0.0005324727489144579,0.34800000000000003,0.3312203059777316,0.001718657227842732,0.004464186140047871,-0.0036921373066598484,0.0011679182163006896,0.996016748797753,0.9971803403808475,0.0023354327172846467,0.9935393268645227,0.003983251202246962,1.941604943173348,0.001325486453528445,0.0014315253698107206,0.0005290043966816871,0.9337711609979884,0.0,0.30700965779421996,0.3312203059777316,0.3055757990311918,0.9333333333333332,0.32930385451460686,0.0016756457660970043,0.9679254030405134,0.2635200738287353,0.34970188507358047,0.055914745271369526,,0.5543776055528173,26.0,25.0,0.9615384615384616,0.28883415099148285,0.05861934701282531,3.623319456647067e-05,0.9337711592911949,0.8517824715309995,0.0,0.9927706819699414,0.18720658616155086,0.0,0.0,1.992264560799184,2.944059693713168,0.41318711521052254,0.374145150769418,1.9795153387028563
SYNTH-SYST-0539,systematics,0,0,True,1.049015829735555,0.798,0.34800000000000003,0.0005724733956808787,82.26694016738725,32.152408609885995,516.8886897085364,1.049015829735555,0.0005724733956808787,0.34800000000000003,0.3317395125369337,0.0014668043561004128,-0.00295370610808231,-0.01205645833292568,0.0009924031381463028,0.9965817213255157,0.9975924566529989,0.0019878537862658696,0.9940615021887977,0.0034182786744842986,1.8650841988574307,0.0015374012617293113,0.0014843874251179558,0.0005675952850696664,0.9233690101105736,0.0,0.40265982364874997,0.3317395125369337,0.40000980697822064,0.5517241379310345,0.3305942851084133,0.0014542579347593485,1.0248806695218284,0.6354443786213573,0.02097112490071686,0.0003803802436119774,,0.5297837869428386,26.0,25.0,0.9615384615384616,0.2226642453275099,0.07376746467351517,4.4875587000392514e-05,0.9233690085337991,1.2179182295610342,0.0,1.033722694307659,0.27677718969627324,1.0,0.0,1.9024364238247704,2.9404352486733987,0.43976466056926533,0.329333961121137,2.7838872444127234
SYNTH-SYST-0540,systematics,0,0,True,1.0492504276154644,0.802,0.34800000000000003,0.0006664902200878514,126.8426160757598,29.709700510415505,441.33315220929177,1.0492504276154644,0.0006664902200878514,0.34800000000000003,0.3316653401713334,0.0018122964077448688,0.020858208774162407,0.009481921929996862,0.001221814055182291,0.9958661465398628,0.997020562077914,0.00244023779461644,0.9926214142955602,0.004133853460137171,1.9172737025502786,0.0016434289349520224,0.0013253459152838892,0.000669897029600075,0.9856741837436401,0.0,0.37038081096872516,0.3316653401713334,0.3716895397919699,0.8275862068965517,0.33085935429147006,0.001758776624223454,0.9758497876080399,0.7702405995110513,-0.16898680162878232,0.01783281162874628,,0.5923316805261309,26.0,25.0,0.9615384615384616,0.2886036150227787,0.057471392948409486,9.646145685215934e-06,0.9856741822797821,0.216413131083998,0.0,1.0055450136321296,0.26920519821638267,1.0,5.3013836611355566e-05,1.976379699589355,2.908803171760225,0.4312115145354356,0.414979842828306,2.036717879205949
SYNTH-SYST-0541,systematics,0,0,True,1.0537278089442126,0.7340000000000001,0.34800000000000003,0.00038390115179584084,106.8656366055405,49.71084289155573,1235.5839504944727,1.0537278089442126,0.00038390115179584084,0.34800000000000003,0.33025606522492773,0.000668687361564988,-0.009041450510507733,0.03688018196171594,0.00045120753715377493,0.9984486851615995,0.9989016813005435,0.0009022734171084679,0.9972632394765104,0.0015513148384005415,1.6985625436026592,0.0014843874251179558,0.0012723320786725335,0.0003847731798531928,0.9311592576383579,0.0,0.6014511104866599,0.33025606522492773,0.6015620247189327,0.8333333333333333,0.33054127127180194,0.0006242812475171821,0.9760136904390869,0.396213445426779,-0.004478502788044505,0.07916041156965203,,0.5651447822933208,26.0,25.0,0.9615384615384616,0.16747194163392273,0.06232796960933764,2.7574438767774545e-05,0.9311592553136798,1.7589682832507496,0.0,1.045439090324521,0.3833393755844422,1.0,5.3013836611355566e-05,1.7854444894395491,2.7395075773478887,0.4850384524341043,0.5596175148668766,3.780398988836557
SYNTH-SYST-0542,systematics,0,0,True,1.0516021904525468,0.754,0.34800000000000003,0.0007210758387172641,111.69156088637217,53.9122705102433,1453.2664557848218,1.0516021904525468,0.0007210758387172641,0.34800000000000003,0.3309236165153304,0.0011532083865347649,-0.016944053290726777,-0.04131430562897531,0.000773125879781511,0.9973397449563149,0.9980771018756591,0.0015444497670477064,0.9951378716315767,0.002660255043685056,1.7004598908050403,0.001219318242061178,0.0008482213857816891,0.0007065780516868347,0.9561034867632416,0.0,0.6545161919751709,0.3309236165153304,0.639406879301494,1.0,0.33017017441552243,0.001087131605810155,0.9837829321213897,0.7281079045353817,0.08947297530214735,-0.022339995499601084,,0.5873026409753288,26.0,25.0,0.9615384615384616,0.2026997943747391,0.05893771367407269,3.191130028079581e-05,0.9561034854480458,1.151283674148775,0.0,1.0435780928351246,0.30707756382261564,1.0,5.3013836611355566e-05,1.848368953987887,2.651148196125163,0.4944856310920092,0.6700899878860096,3.1639869147202866
SYNTH-RED_-0543,red_noise,0,0,True,0.532638748096405,0.24200000000000002,0.34800000000000003,0.0005315071819840199,19.393491835844898,37.304650817518684,695.8184863084973,0.532638748096405,0.0005315071819840199,0.34800000000000003,0.6533508897798284,0.0022212260314364196,-0.019574388818764152,0.012529999378727119,0.001485928633568001,0.9947801860537309,0.9963166308497652,0.0029733768961547336,0.9910100393115959,0.005219813946269136,1.074250619248393,0.001378798324229729,0.001484859733785862,0.0004891008509724237,0.9840972822634402,0.0,0.2416713713425116,0.6533508897798284,0.22263019489491964,0.8571428571428571,0.654717081190009,0.002173297015190269,0.9892469765578806,0.24125185371875368,0.27356272515758623,0.006768122701728885,,0.3616218289401458,52.0,49.0,0.9423076923076923,2.271913798430753,0.07776365091286745,7.85001813841113e-06,0.984097280269837,0.2003122168085595,,1.0110634305811919,0.17568106844538167,0.0,0.0,1.0843155107397489,1.493320738773807,0.7134958366374012,0.32368999675122356,1.6384233582132948
SYNTH-RED_-0544,red_noise,0,0,True,0.5604428191303789,0.394,0.34800000000000003,0.00036120796475754696,11.641389795858847,23.92149910737365,286.02109056821473,0.5604428191303789,0.00036120796475754696,0.34800000000000003,0.6209375660124978,0.002275037823305035,-0.02614801022405666,-0.036711458688543974,0.001533528517604299,0.9946553372069863,0.9962070873403464,0.003067170490439808,0.9915901444556864,0.00534466279301371,1.138089598486888,0.0012723995334535045,0.0010073162973173577,0.0003954533916148417,0.9984754160233437,0.0,0.1568146610669892,0.6209375660124978,0.1724969900392273,0.9333333333333333,0.6193404729084933,0.0022611839837367157,0.9863297151826823,0.0789833091085633,0.13859784525249438,-0.005471193512470052,,0.3794149082075688,50.0,47.0,0.94,1.6136257886001895,0.0777428999079392,6.034239289354204e-07,0.9984754135006402,0.014405820891919616,,0.9923727677312085,0.13081570501525688,0.0,0.0,1.170788728732122,1.615047585958648,0.6648289614076863,0.29223164549874864,0.9380317161920619
SYNTH-RED_-0545,red_noise,0,0,True,13.085461375926842,2.148,0.04,0.002669854452514905,8.67381776233859,19.076594518698005,181.95822921541264,13.085461375926842,0.002669854452514905,0.04,0.003056827638770727,0.0014843692309510622,-0.04845335741369595,-0.004630642056111078,0.0010007573789916346,0.9964764799659751,0.997550268079253,0.002000592706415949,0.9940137082925594,0.0035235200340248962,1.138303118708848,0.0016439518481200614,0.00106061409556133,0.002638113250902685,0.8763896861285689,0.00036722090047280886,1.976217425250256,0.003056827638770727,1.7836337290587607,,0.0030227501723497905,0.0009468443498562744,0.6401633887379546,,-0.15272023854672637,-0.13768180662702356,0.0,0.5669372266613315,2.0,2.0,1.0,,0.526016423453317,0.00033559786362857835,0.8763896858057695,1.0800543020877909,0.13754341551815935,1.003585052990203,0.14513417442748394,0.0,0.0,1.1485017338018284,229.54509629542585,0.013531965980204296,,1.7389044574647345
SYNTH-RED_-0547,red_noise,0,0,True,0.5172536421217413,0.366,0.34800000000000003,0.0003043442031000714,7.350222074737364,22.688745724597368,257.4099157874532,0.5172536421217413,0.0003043442031000714,0.34800000000000003,0.6727840495671066,0.0021226641658904978,-0.0015436032968064093,-0.05083220645419395,0.0014370758583235332,0.9950475513539517,0.9965267403387105,0.002872895923850205,0.9912572674837479,0.004952448646048269,1.0717655876672945,0.0011664280791050315,0.001060389162822756,0.00027400285234624455,0.8448985297549904,0.0,0.14529247696237294,0.6727840495671066,0.1305259809968301,1.0,0.6714384178993691,0.002167618726352129,1.0325825379609006,0.09914363979408392,0.258994183382865,-0.0816935380126278,,0.425414261431936,54.0,51.0,0.9444444444444444,3.684791457148478,0.0720017167897132,4.612115271651618e-05,0.8448985269136693,1.1955064720824313,,1.0111676583189873,0.22233623823277893,1.0,0.0,1.0756341715253632,1.5050500741348556,0.7140116649616653,0.3544822691527658,0.8664768312139759
SYNTH-RED_-0548,red_noise,0,0,True,0.523954306212179,0.322,0.34800000000000003,0.00020341767585713085,7.158443750129802,19.973464885642468,199.46964976899636,0.523954306212179,0.00020341767585713085,0.34800000000000003,0.664180055157472,0.0015849569459472517,0.008664623687738638,-0.014751191696057209,0.0010664797854723629,0.9963289086044821,0.9974108849129281,0.002133899735347944,0.9935801525860459,0.0036710913955179114,1.1415531257352078,0.0012195121951219512,0.0014316012725344644,0.00019161624332741933,0.943211176459532,0.0,0.12644685262477118,0.664180055157472,0.11794513858658576,1.0,0.6643160127253447,0.0015599057910015558,0.9601654927934237,0.08357331189555872,-0.7365154516845218,0.003601511239631261,,0.4980185740162429,53.0,50.0,0.9433962264150944,3.7905008927596056,0.0751841597758112,1.1227258390977823e-05,0.9432111716886564,0.4029297808575394,,0.9755851769001381,0.21439677502771345,1.0,0.0,1.1411041114781197,1.48445901160715,0.6947408481388305,0.2793611037272628,1.6661281117494449
SYNTH-RED_-0549,red_noise,0,0,True,0.5611130811160229,0.382,0.34800000000000003,0.0001185111423010779,7.003333014827001,19.182112693240978,183.97672368809785,0.5611130811160229,0.0001185111423010779,0.34800000000000003,0.6201958423564948,0.0009189441277871621,-0.026937075326482176,-0.06597115702071976,0.000627869214766319,0.9978509437200996,0.998487236413174,0.0012554610368452623,0.9962848225684834,0.002149056279900363,1.1688207926556928,0.0010073697046816181,0.0010073697046816181,0.00010839576495746961,0.5980614727661983,0.0,0.12367120251640894,0.6201958423564948,0.11322458600169041,1.0,0.619479348921054,0.0009174702272268233,0.9583417459841954,-0.26239169482719765,-0.1292568222875695,-0.05125806683893375,,0.5843910955776981,49.0,47.0,0.9591836734693877,1.9516351094477156,0.10463586915347722,5.5050064072470484e-05,0.5980614683995559,3.243487505265076,,0.9598813059551731,0.1250840875666789,0.0,0.0,1.1222713085029188,1.5546436511748798,0.6462205411294635,0.2969670578462835,1.133650340867724
SYNTH-RED_-0550,red_noise,0,0,True,0.5311914500987087,0.152,0.304,0.0002777805527194014,8.595533117526422,25.51663748999332,325.5791493923277,0.5311914500987087,0.0002777805527194014,0.304,0.5722983680243896,0.001548075177637414,-0.012566479022424444,-0.013703407389060285,0.0010534187140596174,0.9964062575653698,0.9974649502264321,0.0021109916153682073,0.9941799333194283,0.003593742434630176,1.1477947771748702,0.0013789445770352692,0.0012728719172633255,0.00024471001402226467,0.7174229961777892,0.0,0.18135060093476926,0.5722983680243896,0.1602747855684052,0.6744186046511628,0.5802704852824184,0.0015770173823696767,1.032880177817124,0.3964672268980098,-0.18009686187307847,-0.04649837250876576,,0.6192954770827998,52.0,50.0,0.9615384615384616,1.987149870498076,0.06592550043353836,7.962409312856078e-05,0.7174229936317352,2.6362326724339415,,1.0139242487928288,0.14510430136121868,0.0,0.0,1.1873060712741783,1.7603274844588872,0.6371913513936683,0.37392721907110776,1.2619040552490606
SYNTH-RED_-0551,red_noise,0,0,True,0.526718911088384,0.21000000000000002,0.34800000000000003,0.0005085170117144822,20.095581713707332,34.510382520686896,595.4832508620672,0.526718911088384,0.0005085170117144822,0.34800000000000003,0.660693953974258,0.0022705873580064883,-0.0043295100549232916,-0.03642173987481634,0.0015339397062794635,0.994714160037021,0.9962651478668387,0.0030681187298252643,0.9908410781651878,0.005285839962979044,1.1136400541935263,0.001060332944544587,0.0013254161806807337,0.0005144486807514559,0.8916288708677408,0.0,0.22560861057690762,0.660693953974258,0.2282539269818492,0.975,0.6624430071042308,0.0022431631465252215,0.9952611722270298,-0.4503688383753673,-0.440227354385753,-0.09280145778815996,,0.5130599322595808,52.0,50.0,0.9615384615384616,1.547348308999376,0.07222420162018867,5.859710891076286e-05,0.8916288692187374,1.4614136795815744,,1.0074289242287189,0.19325226131523907,0.0,0.0,1.0878430575087281,1.4668518399287183,0.7146163077800546,0.3746992832101063,1.4520751492866293
SYNTH-RED_-0553,red_noise,0,0,True,0.5336686984604807,0.28600000000000003,0.34800000000000003,0.00038084389249803225,14.71931694746862,25.45049395581792,323.86382129756146,0.5336686984604807,0.00038084389249803225,0.34800000000000003,0.6520899595646233,0.0023541911332652333,-0.006764673767723019,-0.016288367845699536,0.0015920002772860098,0.9945888974163972,0.9961299171498418,0.0031816059786072826,0.9903260381821332,0.005411102583602778,1.113410506757977,0.0012194475372461694,0.0014315253698107206,0.00033613356622064217,0.7442381041029097,0.0,0.1568786779595895,0.6520899595646233,0.1386972131817184,0.5681818181818182,0.6484279730661152,0.0023134257911561033,0.9545780082119008,-0.3908158826300092,-0.23664231003904987,-0.005235189930311801,,0.3825099004709714,52.0,49.0,0.9423076923076923,1.6698053025298083,0.0831367688316906,9.77291820726256e-05,0.7442381021552034,2.3404567623292305,,0.9713988196783293,0.20270221749632433,1.0,0.0,1.1249810177678898,1.522152665283851,0.6904715226077711,0.28643962711794135,1.0636317890121532
SYNTH-RED_-0554,red_noise,0,0,True,0.5370898284159917,0.402,0.34800000000000003,0.00019908228724639323,7.625372368299686,18.581005379419935,172.62688045501733,0.5370898284159917,0.00019908228724639323,0.34800000000000003,0.6479363070910066,0.001640817479968861,0.009677158719684572,-0.03204148064224599,0.00109824563179306,0.9962339128143293,0.9973092371611412,0.0021958272513205035,0.9935242890937035,0.003766087185670508,1.1762924715375125,0.001325556733828208,0.0011664899257688229,0.00015219176619940544,0.9779362664294641,4.810103404695454e-06,0.12289740195813839,0.6479363070910066,0.09372048346046512,0.39024390243902446,0.6470837751855779,0.001623668431349431,0.9998634891074558,0.5325579274878646,0.36898983069262353,-0.0040076423349222345,,0.22663119606882715,52.0,49.0,0.9423076923076923,1.553358223163028,0.062490730624984,3.4076250076120473e-06,0.97793626009751,0.11607648223200177,,1.0104239626970335,0.13606547756634088,0.0,0.0,1.176773930285035,1.5319955519809805,0.6782909817750749,0.31126099581975125,1.1559347289240036
SYNTH-RED_-0557,red_noise,0,0,True,0.5085080568155588,0.322,0.34800000000000003,0.00012379446732629348,6.967440758772667,19.779171111436895,195.60780492774973,0.5085080568155588,0.00012379446732629348,0.34800000000000003,0.6843549386007531,0.0009957994449224506,0.00963155470910954,-0.05341788742604647,0.0006730206318837917,0.997733161364609,0.9983742909131867,0.0013489509697217628,0.9957938243834018,0.002266838635391011,1.121352847440664,0.0012724669953873072,0.0013785059116695826,0.0001172863514785627,0.6204051425023207,0.0,0.1256557255681534,0.6843549386007531,0.1194028026864841,0.8124999999999999,0.684905360267218,0.0010045598686336111,1.02268731415985,0.200381278670573,-0.16247978879062092,-0.07162200809447716,,0.6372829918661299,54.0,52.0,0.9629629629629629,2.693667202356563,0.07435602590542068,5.309531704622561e-05,0.6204051380668524,3.0001872714833566,,1.0137688071839988,0.215616427612153,1.0,0.0,1.139774686462343,1.4697556535570864,0.7206136643534227,0.2555818248270553,0.7873507179436474
SYNTH-RED_-0558,red_noise,0,0,True,0.5866515518202422,0.25,0.34800000000000003,0.0001852255442538905,6.013513847883087,17.685937747558697,156.39619700526086,0.5866515518202422,0.0001852255442538905,0.34800000000000003,0.5931971012779863,0.001549646335481761,0.009029330515898847,0.007988508390440963,0.0010511260396131594,0.9964446866745771,0.9974968556992102,0.002104011356477864,0.9933721289401654,0.0035553133254229152,1.1248943272356846,0.0012195121951219512,0.0011664899257688229,0.00016188099198921613,0.7300756124215776,0.0,0.11972086949073092,0.5931971012779863,0.10452528274837929,0.9249999999999999,0.5963414634146341,0.0015573262708502252,1.005553319088523,0.25625911813548763,-0.17366425550581802,0.01394231502042631,,0.37737435048559925,47.0,45.0,0.9574468085106383,1.6804604327219947,0.06418041786438448,5.1348913806981145e-05,0.7300756085838097,1.7422197198903857,,1.0005944452515536,0.19762749704313162,0.0,0.0,1.1157853788333223,1.69136348014765,0.6333094702805873,0.2645811012078013,0.9122514747472864
SYNTH-RED_-0561,red_noise,0,0,True,8.663625042048626,6.152,0.04,0.0025419313468179917,6.977294335666017,17.793589541492107,158.3059143855444,8.663625042048626,0.0025419313468179917,0.04,0.004617004984156319,0.0018548873115478391,0.009735750955189424,-0.032156054873090145,0.0012561178064836032,0.9957330044574604,0.9969745222556672,0.002511748265621394,0.9920387061298973,0.00426699554253962,1.1479732865555197,0.0011664280791050315,0.0011134086209638938,0.0023952894432845984,0.34014023037882457,0.00041796001426019913,1.5129580016555035,0.004617004984156319,1.2889649833827002,,0.004559673400137851,0.002037130845699759,1.0962309102298293,,-0.237657518502716,-0.26995506153926874,0.014491782218982436,0.524149440213321,3.0,3.0,1.0,0.7864958729173869,0.5269528487012537,0.0017804190467165526,0.34014023025276163,5.198736168919963,0.16442616147716907,0.9981611196964504,0.10601394680772844,0.0,0.0,1.1565675258552106,217.232178069458,0.01585597290383259,,2.2481491804635327
SYNTH-RED_-0563,red_noise,0,0,True,0.5634040127687363,0.41400000000000003,0.34800000000000003,0.00028994001957521773,7.0891175749479824,20.687552332679616,214.06104083550005,0.5634040127687363,0.00028994001957521773,0.34800000000000003,0.6176739819260847,0.0020825706107890445,0.03549341904168286,0.05314059884078892,0.0013931683554868068,0.9951465740164547,0.996631645379535,0.0027843053256929595,0.9913940216273806,0.004853425983545323,1.1589035684071403,0.0012196415314455404,0.002068087814190264,0.00022306794164905774,0.8675313695310516,0.0,0.13912972024702053,0.6176739819260847,0.10686718565718042,1.0,0.6164492523067133,0.0020554238703535113,0.9847105896679927,-0.16128976754674537,0.37842862674392996,0.0649595125040845,,0.4696468589077017,50.0,46.0,0.92,1.8162857891399362,0.07311094763430148,3.181396513773915e-05,0.8675313659187798,0.8328860625733067,,0.9977160252705481,0.11844178797219966,0.0,0.0,1.1661457946328488,1.6032865320634722,0.6537941891822767,0.30077008872818534,1.09719246270306
SYNTH-RED_-0565,red_noise,0,0,True,0.5301111276807601,0.31400000000000006,0.34800000000000003,0.00033730641638672783,7.526731181030589,24.64054720705951,303.5782833316631,0.5301111276807601,0.00033730641638672783,0.34800000000000003,0.656466129135041,0.002109957128553401,0.01266174409706818,0.013004035254747581,0.0014090197509532554,0.9950845009007154,0.996555176508547,0.0028181377899203497,0.9919017560568475,0.00491549909928457,1.0929872167409798,0.0015376458112407211,0.0015376458112407211,0.00035131729725068617,0.7431672957342069,0.0,0.1624612160609472,0.656466129135041,0.16790128442310748,1.0,0.6551961823966066,0.002079342074844008,0.9937575173595764,0.18718097725584118,0.14216634113288745,0.02043979085597547,,0.46970661023428756,52.0,50.0,0.9615384615384616,1.743225856776767,0.07576765334386565,0.00010329119223140282,0.7431672938863275,2.7675211083142512,,1.0083890395781412,0.2003079521604074,1.0,0.0,1.1424172898400702,1.5206140619910353,0.698473282434953,0.3061889627749639,1.3324801221049567
SYNTH-RED_-0568,red_noise,0,0,True,0.5609789004935171,0.342,0.34800000000000003,0.0002343675400750683,7.115078996216067,17.620259857429353,155.2367787216679,0.5609789004935171,0.0002343675400750683,0.34800000000000003,0.6203441870876955,0.002004714892620851,0.01908001879801476,0.02685883574539938,0.001347073945171473,0.9953943915728183,0.9966698456660077,0.002693724635357997,0.9914941786393388,0.004605608427181718,1.1570614308272795,0.0012195121951219512,0.0019088016967126194,0.00022615840268569443,0.9911391984070436,0.0,0.114819010844265,0.6203441870876955,0.11105235274526765,1.0,0.6195652173913043,0.001949343401845739,0.9572015388890361,0.0561723555419375,0.10592069509007929,0.048461720804687136,,0.3740542432705992,49.0,47.0,0.9591836734693877,1.5182123322680252,0.08874821418023013,2.0148730720537245e-06,0.9911391940483135,0.05585906969449752,,0.9843910408158554,0.10981777183896294,0.0,0.0,1.137082238696344,1.5743421667018265,0.6463536542180044,0.20308811597594817,1.1734431574303503
SYNTH-RED_-0569,red_noise,0,0,True,0.5226119632706329,0.29400000000000004,0.34800000000000003,0.0003259234309278942,10.477200607249909,27.868885925789428,388.33740137233275,0.5226119632706329,0.0003259234309278942,0.34800000000000003,0.6658860195662788,0.0018107041988972181,0.016420956157508503,-0.08983467108022847,0.001239426576418845,0.9958184191398114,0.9970528079378809,0.002479573190865114,0.9935692946178625,0.004181580860188605,1.1011561648733472,0.0009544514555384697,0.0011135266981282146,0.00033156960332536567,0.9073709041253376,0.0,0.1761461341403769,0.6658860195662788,0.1806294457609016,0.5918367346938775,0.6654117397529031,0.001821977302970485,0.9925600752417465,0.1684234131902439,-0.28866007197686483,-0.049647504881352944,,0.4387530917185443,53.0,50.0,0.9433962264150944,2.257677541841114,0.0975688699189934,3.231107134604727e-05,0.9073709015240946,0.993271753147699,,0.9864188170554192,0.17451331288708619,0.0,0.0,1.1117935271898105,1.5023771113875868,0.713467609392272,0.2698523897037767,1.1046900010625065
SYNTH-RED_-0570,red_noise,0,0,True,0.5463461712889186,0.386,0.34800000000000003,0.00038667689609152707,8.434940647497951,26.21533171485373,343.6504007222194,0.5463461712889186,0.00038667689609152707,0.34800000000000003,0.6369587969821624,0.0022313896670368327,-0.034350374303345865,0.020587605329570824,0.0014929227926517852,0.9946717863127248,0.9963430693307719,0.0029897243053781386,0.9906107323566968,0.005328213687275207,1.1051595050536833,0.0016965327112713393,0.0005831831194995228,0.0003641967162661963,0.9582537058613582,0.0,0.17240019934829134,0.6369587969821624,0.16201318259538539,0.95,0.6371540663768424,0.0021712787712041275,0.9658949911219425,-0.05420901113785452,-0.7710920973259485,0.05073972714729624,,0.517483936016528,51.0,48.0,0.9411764705882353,2.1442265321319125,0.08021542587504127,1.5514779282299607e-05,0.958253703282943,0.3921211882844805,,0.9926353682520814,0.14407281496141225,0.0,0.0,1.125396706744201,1.5462927947337548,0.6817953837557875,0.29083636124481804,1.3394844771050396
SYNTH-RED_-0571,red_noise,0,0,True,0.5189126892857517,0.404,0.304,0.0003796828878025679,9.102043749452312,24.361432929651357,296.7933623248904,0.5189126892857517,0.0003796828878025679,0.304,0.585840366359966,0.002239677931279443,-0.003916169682706063,0.08338958289789833,0.0014963332030439869,0.9947583970116222,0.9963749666264432,0.0029940849342978693,0.9900754672582049,0.005241602988377836,1.1415976588815526,0.0019621360767884603,0.0016439518481200614,0.0003563573736963255,0.8325339224066871,0.0,0.16812662561231104,0.585840366359966,0.15726813870219544,0.75,0.5865726255501935,0.0021685918022333155,0.9570459923545838,0.04656481340129648,0.2412614469275732,0.14005109478123812,,0.4415452047047838,54.0,51.0,0.9444444444444444,1.9260269933340175,0.07074766904896415,6.356428574150197e-05,0.8325339202132984,1.5437966273980714,,0.988417823072349,0.14130206441427381,0.0,0.0,1.1569468622746766,1.6704222079761852,0.6303847330387307,0.2634343256232007,1.7427678114087686
SYNTH-RED_-0572,red_noise,0,0,True,0.5020330534612369,0.326,0.34800000000000003,0.00021163412244757924,7.74122022390544,25.015669215238017,312.89185314310464,0.5020330534612369,0.00021163412244757924,0.34800000000000003,0.6931814501071887,0.0013288277161898187,0.004207024326320048,-0.03239054741878933,0.0008896406536960111,0.9969301980830683,0.9977982344948818,0.0017783049633059989,0.9943230077005947,0.003069801916931736,1.1030092490130048,0.0012723320786725335,0.0007952075491703335,0.00019798183027575078,0.9137144190383294,0.0,0.15855076565294185,0.6931814501071887,0.14734061794818262,1.0,0.6923607061443037,0.0013039201241572228,0.9703940840470526,-0.009934680112974591,0.27857119884418824,-0.033448365184065576,,0.5945229820555448,55.0,52.0,0.9454545454545454,3.926847295157105,0.11034769588037398,1.7687776538211075e-05,0.9137144145809925,0.7752259882685665,,0.9889306335706753,0.15657494362731705,0.0,0.0,1.103071099021404,1.4076395254803773,0.7264151654665706,0.26575574989176587,0.9049756747834147
SYNTH-RED_-0573,red_noise,0,0,True,0.5563226727615115,0.17400000000000002,0.34800000000000003,0.00021216397256748076,9.280643482766934,20.39774017590435,208.05146812193615,0.5563226727615115,0.00021216397256748076,0.34800000000000003,0.6255362526797164,0.001564795219625162,-0.02190593229368542,-0.024494559192973497,0.0010452650488906867,0.9963322373501609,0.9974005325103728,0.0020924480221256037,0.9937609288973739,0.003667762649839146,1.1784952064223686,0.0016966226605164094,0.0011134086209638938,0.0001864576441398258,0.9459157486282553,0.0,0.1379580483686308,0.6255362526797164,0.12085409928255528,1.0,0.627909442765495,0.001557301639688922,1.0093782308796844,0.39375656456151037,0.13539421919549088,-0.031747100847495435,,0.28641418746191855,50.0,47.0,0.94,3.772389626623247,0.10292567973091124,1.037816436522121e-05,0.945915743698757,0.363240438202331,,1.0142352581030734,0.20728015725142068,1.0,0.0,1.1979682184464977,1.6060767420069875,0.6681736525676341,0.35616098703292626,1.1171362297509253
SYNTH-RED_-0574,red_noise,0,0,True,0.5194872448910463,0.17400000000000002,0.34800000000000003,0.00034071949367787946,7.223528173338353,25.393914312772445,322.4509282247373,0.5194872448910463,0.00034071949367787946,0.34800000000000003,0.6698913273086949,0.0020711799624128914,0.0040781201063200415,-0.05069110416298406,0.0014108956589484745,0.9952235534100421,0.9965902481865005,0.0028216461233243617,0.9921627302119983,0.004776446589957906,1.0886056832808229,0.0011135266981282146,0.0010605016172649663,0.00033278550759385794,0.8977088932176526,0.0,0.16655813601269687,0.6698913273086949,0.16289510302375373,0.4347826086956521,0.6708202980009544,0.002078873383756134,1.0175872635462837,0.11649390302784218,0.08168873630293143,-0.0006036645322233802,,0.4041032835266095,53.0,50.0,0.9433962264150944,3.2669145806734314,0.09567484313993559,3.589115128488363e-05,0.897708890659149,0.9712652454304912,,1.0138214124688922,0.2636461721547235,1.0,0.0,1.1195362027918847,1.5151991840818158,0.7177630758161205,0.34339479201423906,0.7425279332599144
SYNTH-RED_-0575,red_noise,0,0,True,0.8517260404330251,0.7180000000000001,0.084,0.0007588355154661317,7.442326269615872,21.642576105094424,234.20055023240099,0.8517260404330251,0.0007588355154661317,0.084,0.09862326148592762,0.002045910804741219,0.023539503068734313,-0.04858819803800962,0.001380255476270631,0.9953083103533698,0.9966312691754469,0.0027587609685157943,0.9922785738348248,0.004691689646630248,1.1503263058498923,0.0009014263746752214,0.0014847022641709528,0.000812367755149368,0.6449614225899445,0.0,0.37161459107983413,0.09862326148592762,0.401068382366588,0.39999999999999997,0.09936900153772735,0.002036494789676534,1.0054235484068101,,0.04594591972415888,-0.03902568895482217,0.0,0.48786665055672895,32.0,31.0,0.96875,1.6759258373200119,0.09713257591526601,0.0003412002619948007,0.6449614219188249,3.639637669813408,0.0,1.0100722631131667,0.11196535572238525,0.0,0.0,1.1782726666001644,10.550230155520067,0.14774607615448518,0.36644639426563225,1.9910445043997456
SYNTH-RED_-0576,red_noise,0,0,True,6.996918748550141,3.3760000000000003,0.128,0.0008957978752925309,7.509619023093996,23.157046092267514,268.12439185969606,6.996918748550141,0.0008957978752925309,0.128,0.018293766813645418,0.0010173200502496744,0.010581897199316792,-0.007431973479625764,0.0006826040332542638,0.9976612586625746,0.9983305759531714,0.0013619945445405568,0.99603874689675,0.0023387413374253985,1.1411749652808516,0.0014847809948032665,0.0013787252094601761,0.0008492972521892961,0.8980377142299977,0.0002095370212065184,0.8936260352086209,0.018293766813645418,0.8459648222450846,,0.01956729239580019,0.0008438471417902207,0.8405360967157312,,0.1704830899901974,0.17286165611474358,0.0,0.48722272059811256,4.0,4.0,1.0,0.030891301067932815,0.26579182631262466,9.294296148532055e-05,0.898037713244813,1.0760046969087083,0.24815439387999172,1.0133283408810645,0.11722916815469286,0.0,0.0,1.153093049745451,44.188913615601344,0.04592599177961074,,3.127311465891447
SYNTH-RED_-0577,red_noise,0,0,True,1.3368597518560215,0.0011402481439786172,0.084,0.0007306974149217672,7.047775053749675,19.426039695097103,179.41113663568552,1.3368597518560215,0.0007306974149217672,0.084,0.0628338162498939,0.0018113745967638074,-0.011683154936403288,0.00831644249310326,0.0012153811266703007,0.9957037744406406,0.9969905450986665,0.0024298914915616976,0.9925856711059526,0.004296225559359379,1.15354340584313,0.0011134676564156945,0.0012725344644750796,0.0007652463106506691,0.9293051002777248,0.0001575171437300238,0.3978420199985146,0.0628338162498939,0.42776105623812377,1.0,0.06256627783669141,0.0017968245044365197,1.0043975870184576,,-0.45952487430550093,-0.026469892977253995,0.0,0.5912535302666693,21.0,20.0,0.9523809523809523,0.5485123857995664,0.100122453306226,5.530709957191071e-05,0.9293050990898641,0.533013537391863,0.23844900396910523,1.0125308674742506,0.10073795348115303,0.0,0.0,1.1612061050719522,15.421890891571055,0.09532198816821082,0.4424164898573846,2.1707101705395684
SYNTH-RED_-0580,red_noise,0,0,True,0.5535005483382127,0.194,0.34800000000000003,0.00021226724247249096,6.740418027941013,21.489789541435567,230.90552726759725,0.5535005483382127,0.00021226724247249096,0.34800000000000003,0.6287256644005292,0.0015050226333465375,0.01006179006479957,0.0021346757998341737,0.0010053443169100174,0.9964841513801086,0.997519938304834,0.0020094265650593135,0.9943460071163543,0.003515848619891404,1.108833687532529,0.0011139992573338284,0.001644475094159461,0.00018200674576407394,0.7288580184607462,0.0,0.14045686915666644,0.6287256644005292,0.11978995495640231,1.0,0.6342899580924088,0.0014755422659894198,0.9711461014102141,0.2719327225955126,0.19854893928033374,0.01847161670765196,,0.4992467431593133,50.0,48.0,0.96,1.904597622660159,0.09215418089057562,5.6928258884592076e-05,0.728858014989289,2.1056959106320114,,0.9905489639963346,0.3293249708951281,1.0,0.0,1.072605168552605,1.5748943057259597,0.6706879388717094,0.30354250488942164,1.0013545632791305
SYNTH-RED_-0582,red_noise,0,0,True,0.5749336873455485,0.42200000000000004,0.17200000000000001,0.00039939425215085344,9.266920038450857,21.610317026300827,233.50290098861325,0.5749336873455485,0.00039939425215085344,0.17200000000000001,0.29916493638443564,0.0019419151145023336,-0.053559497525323685,0.01597922877645397,0.001307989556148914,0.995372648522388,0.9967634689896697,0.0026105235683795414,0.9913361574626666,0.004627351477611952,1.1178460085735982,0.001855779427359491,0.0011134676564156945,0.0004061261126898641,0.9288890078955571,4.282128270860497e-06,0.20802080149814187,0.29916493638443564,0.21173134067236193,1.0,0.2949628844114528,0.0019547642306466974,1.0191042592951027,-0.6167007951034535,0.5501618393753688,-0.021531061215938063,0.0,0.47147252612382345,48.0,45.0,0.9375,1.465024625158703,0.07139684104493532,2.9674205237362195e-05,0.928889005669576,0.5664389188046677,0.14215178168132928,1.0124054519475965,0.16026356387745372,0.0,0.0,1.143328562042988,3.2948862030209876,0.34934306929758857,0.3585872677714848,1.644501146929119
SYNTH-RED_-0584,red_noise,0,0,True,0.5038661667795858,0.22600000000000003,0.34800000000000003,0.00015806190684097238,7.744578050634901,18.149325399214963,164.68636138596491,0.5038661667795858,0.00015806190684097238,0.34800000000000003,0.6906595896767785,0.001378946115172379,0.001036385192640488,-0.024659657355306397,0.0009372857086965558,0.9967986199087634,0.9977422335196751,0.001877966589256208,0.9937578634807909,0.0032013800912366053,1.1800415892193097,0.0012197062098955294,0.00106061409556133,0.0001646369877336129,0.8683368019685629,0.0,0.11523021676750717,0.6906595896767785,0.1201300447328643,0.44444444444444436,0.6907249297343162,0.0013960562918530512,1.0186550853399983,-0.2094683240485267,0.44818563646010134,-0.03659327906640675,,0.4333708502248999,55.0,52.0,0.9454545454545454,2.1721829352552633,0.08899299363435904,2.3081675761815745e-05,0.8683367970153697,0.9417425681152558,,1.0061703677906093,0.16932350433827129,0.0,0.0,1.2579283380674684,1.4617082203100464,0.7237402500667576,0.2420903452705464,0.6586420856505671
SYNTH-RED_-0585,red_noise,0,0,True,0.5960420922278287,0.21800000000000003,0.34800000000000003,0.0001867180281082114,6.490929471807203,20.389622513906026,207.86835312979238,0.5960420922278287,0.0001867180281082114,0.34800000000000003,0.5838513832123486,0.0013264427381346957,-0.008771176117745371,-0.02175575072262559,0.0008939553021316549,0.9968802268007866,0.9978131284346884,0.001788910832748014,0.9938692572234752,0.003119773199213416,1.132007927145434,0.001060332944544587,0.001060332944544587,0.00016977975349308227,0.9938839650423135,0.0,0.13906481292502118,0.5838513832123486,0.12656663379374888,1.0,0.5845085356802036,0.0013146416907970375,0.9800330724115647,0.5243721021999181,-0.745978675023983,-0.0345613170473289,,0.23041152426876707,46.0,44.0,0.9565217391304348,1.7771659764886958,0.09406704756805724,1.0403380911183646e-06,0.9938839591993773,0.041564330532888875,,0.9888304631842455,0.14710265244146656,0.0,0.0,1.1424497626732435,1.687993041866521,0.6226824339934911,0.3229470705240053,0.8815216899023779
SYNTH-RED_-0586,red_noise,0,0,True,0.9284118262778203,0.48000000000000004,0.128,0.000509400929613332,6.9944265312749225,23.52834378546501,276.79148064351466,0.9284118262778203,0.000509400929613332,0.128,0.13786985083244402,0.0015220306839019457,0.013193700030382359,-0.0808721257987699,0.001036595661734696,0.996515934057374,0.9975016929050196,0.0020744420164799937,0.9942141293569534,0.003484065942625958,1.1137429756154735,0.000742469240560034,0.0010076368264743318,0.0005566195642240368,0.8993967323867073,0.00010131544027358608,0.33888411729275697,0.13786985083244402,0.36614192067541806,1.0,0.1391599490878235,0.0014570904356902216,0.958467730944986,0.2656321929556059,0.23549915522388326,-0.1754388742558577,0.0,0.5323849645443397,30.0,28.0,0.9333333333333333,0.8916115054600723,0.08800529660933992,5.949387343651136e-05,0.8993967308658406,1.045404001424899,0.19109539375978865,1.001185142868022,0.12371931495856377,0.0,0.0,1.117509779505702,6.676730874676618,0.1903236482271065,0.37520937104667784,2.293587196374087
SYNTH-RED_-0587,red_noise,0,0,True,0.7065341397734956,0.442,0.084,0.00047930551662372727,7.776331827083311,17.630806636407677,155.42267132519893,0.7065341397734956,0.00047930551662372727,0.084,0.11889022096926437,0.0017714279785781917,0.009522439219024575,0.007403703638932502,0.0011903392448513461,0.9958814755292104,0.9970844700407392,0.00238235667758957,0.9931151897739295,0.004118524470789642,1.1860312883847406,0.001325627021581208,0.0015907524258974494,0.00047021176499661976,0.8024186036206854,0.0,0.2694587228015747,0.11889022096926437,0.2665502499233247,1.0,0.11872315605281299,0.001749640000984822,0.9918232895378597,0.9531354441432491,0.09758297742899999,0.10146699587469543,0.0,0.5599068435262199,39.0,37.0,0.9487179487179487,1.3475894575797345,0.09285503072571348,0.00010002872953729369,0.8024186020357109,1.35786512266007,0.0,1.0041743009441315,0.1252974980467682,0.0,0.0,1.1925042923494984,8.340048019976376,0.15643486270790555,0.2911760585076488,1.7332641052250588
SYNTH-RED_-0588,red_noise,0,0,True,2.977867018967355,0.328,0.04,0.0014009782831511158,8.17132313615408,18.086235567798063,163.55595850694155,2.977867018967355,0.0014009782831511158,0.04,0.013432433263548127,0.001854658996336173,-0.02210591137412593,0.005430879703863134,0.0012473662315652945,0.9955977386742468,0.9969309909031723,0.0024929516241218863,0.9929980603341063,0.004402261325753165,1.163736384831371,0.0012725344644750796,0.0014846235418875928,0.0015536795982520335,0.6481346995344265,0.0,0.8645404423637669,0.013432433263548127,0.8441160317516241,,0.015217391304347827,0.0017463262702600468,0.9487812049884434,,0.12702264729816,0.18722434610767724,0.0,0.5038427428494804,10.0,10.0,1.0,0.446775911917388,0.19919824613891976,0.0006616840169012539,0.6481346991897663,3.290945702058276,0.0,1.0076385079659016,0.10951276979641446,0.0,0.0,1.172589549800188,62.26395244356183,0.032745968184251205,,2.531219414448953
SYNTH-RED_-0590,red_noise,0,0,True,14.02419207142703,11.07,0.084,0.0017739299377092987,6.642359792100284,24.138040014928986,291.3224878811428,14.02419207142703,0.0017739299377092987,0.084,0.005989649854492659,0.0010774652109971528,-0.01714260232723568,0.08537947328859685,0.000726080785675598,0.9974870024573651,0.9982477666211237,0.0014521911361571327,0.995163568950952,0.0025129975426348983,1.1686215229618337,0.0019089029110769395,0.0012726019407179596,0.001633969798252699,0.4574114101095099,0.00011475575996755527,1.4284288356630563,0.005989649854492659,1.5257586683426945,,0.006416034784453046,0.0012070707772227345,1.1271314216579635,,-0.38290924835253815,-0.41887147975376715,0.0,0.6098453754049599,2.0,2.0,1.0,,0.6607015815428513,0.001310502718092188,0.45741140992012747,6.139220454017939,0.06639919186468765,1.006109101450083,0.11905665601992241,0.0,0.0,1.190745072402644,190.28434338149415,0.026467784232225375,,2.5292712711972496
SYNTH-RED_-0591,red_noise,0,0,True,0.8357947213945996,0.484,0.216,0.0004056305404844795,7.34509371849412,20.64750141015686,213.15965724121486,0.8357947213945996,0.0004056305404844795,0.216,0.25843666449530134,0.0019329355087860608,-0.011253918890872861,-0.0501353225231953,0.0012994715250736477,0.9954864984417348,0.9968027810627892,0.0025968747376368118,0.9927138106262726,0.004513501558265243,1.1220001851897243,0.0012196415314455404,0.0010605578534309047,0.00040072520188982885,0.8664056694726886,0.0002443073469275969,0.2133591862469374,0.25843666449530134,0.2094468656504084,0.5384615384615385,0.26280623608017817,0.0018619446884182039,0.9731818142818869,0.5935378195413287,0.14552628174894092,-0.03080319895132666,0.0,0.5353371467506295,33.0,32.0,0.9696969696969697,1.1934898030894359,0.08175006814503004,5.737414545248232e-05,0.8664056674552837,1.0849524760286084,0.6417564089887438,1.0102865552512026,0.15754060605139783,0.0,0.0,1.1213241869821207,3.719119277220656,0.31161212709275143,0.22724893831103885,2.756099489288942
SYNTH-RED_-0596,red_noise,0,0,True,0.5178245276861219,0.202,0.34800000000000003,0.00012446109353891517,11.074863583828469,23.239895076765226,270.0463615895287,0.5178245276861219,0.00012446109353891517,0.34800000000000003,0.6720423259111037,0.0008359405955507664,-0.03847665725970498,-0.0026040319725191274,0.0005588333348434116,0.998054732912404,0.9986150857564323,0.0011178772405135984,0.9962641382639059,0.0019452670875960143,1.164636677121688,0.002015166781566527,0.0007954605716709975,0.00010944394962653092,0.6740481069744025,0.0,0.1516120488425069,0.6720423259111037,0.13296924186759934,0.9347826086956521,0.6711565996712097,0.0008285541279678736,1.0066542245424464,0.4867440027548946,-0.6967187582891261,0.023937347122940267,,0.5272091346168275,53.0,50.0,0.9433962264150944,1.5647351174832553,0.06691508520668224,4.269607109119722e-05,0.6740481018285601,2.884577149512245,,1.0156284346100513,0.17538606270212628,0.0,0.0,1.193108830752926,1.5004612050336665,0.7121815265473264,0.3004879757494277,1.0346683069652556
SYNTH-RED_-0598,red_noise,0,0,True,1.768779752163183,0.444,0.128,0.00039316419002139,7.137470368128816,18.038636257836156,162.69619902126104,1.768779752163183,0.00039316419002139,0.128,0.07236627389218953,0.0011693799491972938,-0.010079502376501978,0.013432958293203345,0.0007841219326422122,0.9972438351327524,0.9980662474687547,0.001567932476563172,0.9954191329785261,0.0027561648672476124,1.1468821105285338,0.001696712619300106,0.001696712619300106,0.0004179687269211252,0.5921266345001276,2.158048356137865e-05,0.3249472155651412,0.07236627389218953,0.3591885107138997,0.33333333333333304,0.07815482502651114,0.0011806345039874562,1.0145982746329352,,0.0262634330885043,-0.017666848755711673,0.0,0.47970473763488375,16.0,16.0,1.0,0.7280811689240998,0.12368724776879922,0.0002037211841887654,0.5921266333146216,3.4092288151536176,0.12097686868987838,1.0049264821914177,0.12833745192131096,0.0,0.0,1.1571947706174877,13.31803952785244,0.11083167785185719,0.3114038895092074,2.2406541273789644
SYNTH-RED_-0599,red_noise,0,0,True,0.5080125180346914,0.35,0.34800000000000003,0.00022731509122330074,7.858986235843553,20.28476839740466,205.73591446817292,0.5080125180346914,0.00022731509122330074,0.34800000000000003,0.6850224898911559,0.0017672719439470283,0.012374373606472639,-0.02758141496836375,0.0011907387991735296,0.9958763161464316,0.9971097368731151,0.002378582449458988,0.9934362443195974,0.004123683853568427,1.1429557184367427,0.0009544514555384697,0.0012195768598547113,0.0001943792378682474,0.6932089541312032,0.0,0.1303613104712474,0.6850224898911559,0.11187853621331258,0.8571428571428572,0.6846598441062622,0.0017630319423644503,1.0147453769869357,0.1620015225537524,0.597592402696438,-0.011227625012524722,,0.44978875238709837,55.0,52.0,0.9454545454545454,3.1559671852972992,0.0985703637526119,7.090012211796726e-05,0.6932089511316273,2.2868848785955858,,1.0171857876799877,0.30071859381825866,1.0,0.0,1.1431993479872715,1.4603195826350919,0.7184156418615726,0.2809211703007551,0.7432767395321338
SYNTH-RED_-0600,red_noise,0,0,True,0.5285583970096289,0.354,0.34800000000000003,0.0002561429445657684,8.819333539249314,18.58294191174609,172.66286504766518,0.5285583970096289,0.0002561429445657684,0.34800000000000003,0.6583946106406486,0.002150637469053258,-0.014067120783881002,-0.008370194892802552,0.0014560778595121282,0.9949667637156561,0.9964346290516947,0.0029120925815883103,0.9919547815710288,0.005033236284343934,1.1543931617612915,0.0015376458112407211,0.001325556733828208,0.0002616955460656989,0.9737484416899712,0.0,0.11676773008762806,0.6583946106406486,0.11984225647285439,0.7346938775510204,0.6565747613997879,0.002148177132475476,0.9837477126745435,-0.3087899134779555,0.32484507003014157,0.011063528491232155,,0.42693260154419305,52.0,50.0,0.9615384615384616,2.508483039246521,0.08100945310843426,6.973568743240399e-06,0.9737484380243568,0.180703808611729,,0.9848744123513125,0.21256860909281414,1.0,0.0,1.181073409027243,1.5061986712852793,0.6857028718224154,0.25701491997209264,1.5271285482287504
SYNTH-RED_-0601,red_noise,0,0,True,0.5774812273596123,0.17800000000000002,0.34800000000000003,0.00021824771654426205,6.511344084846762,22.28305332323948,248.26723270316708,0.5774812273596123,0.00021824771654426205,0.34800000000000003,0.6026169917092241,0.0014845849136375469,0.03344026036510259,-0.030542508117495704,0.0010058831842714167,0.9966131101317354,0.997583502029056,0.0020102801200916343,0.9934427210654198,0.003386889868264631,1.1005977598689718,0.0009544514555384697,0.002014953072803436,0.00016913084522462984,0.5590296909624476,0.0,0.1449323651490286,0.6026169917092241,0.11308221025552412,0.7333333333333334,0.6074553263693727,0.0014852048637591768,0.9930196260361641,-0.4241366239127776,0.1490794158464061,-0.029681328714497024,,0.4104796229863817,48.0,46.0,0.9583333333333334,2.3577737186577035,0.09461329555053695,9.394838613430156e-05,0.5590296883385016,3.380383034547017,,0.9926051225202088,0.19843150280414945,0.0,0.0,1.1017897714621154,1.6185608945214862,0.6448013660644017,0.22759473814488448,1.5538046715924048
SYNTH-RED_-0602,red_noise,0,0,True,0.524129902970091,0.17400000000000002,0.34800000000000003,0.0003175833518324657,7.854038265706968,24.34479965299395,296.35829263528126,0.524129902970091,0.0003175833518324657,0.34800000000000003,0.663957538060671,0.002044715781881272,-0.009644664325505106,-0.07723393305768544,0.0013846383778771676,0.9952253012714725,0.9966522776980052,0.002769240100131576,0.9923306139818275,0.004774698728527538,1.108846602986869,0.0009544008483563097,0.0005302226935312832,0.00027469611433850183,0.8156470151892957,0.0,0.15691831706961484,0.663957538060671,0.13613809739491603,0.29268292682926816,0.6641569459172852,0.002058737291593412,1.0203004821834356,0.2827775958820759,-0.16417040359752194,-0.1134320862893965,,0.53311578488649,53.0,50.0,0.9433962264150944,1.4702434824352708,0.09835816505183523,5.594894508076376e-05,0.8156470125017212,1.519719901301767,,1.013351488167223,0.19687968040860274,0.0,0.0,1.1378181623753953,1.5093982987852521,0.7077018428578931,0.2782290918937599,0.8730631849286337
SYNTH-RED_-0604,red_noise,0,0,True,0.5323969843251538,0.27,0.34800000000000003,0.00042336974943617495,14.825205370196025,27.542363454253163,379.2908923230909,0.5323969843251538,0.00042336974943617495,0.34800000000000003,0.6536475792422296,0.0023926415836252337,-0.0377293331646425,-0.0006014492571875252,0.0016143894383997548,0.9944005144551743,0.9960259519047313,0.00323134948232795,0.9903850307473465,0.0055994855448257,1.1157850610445605,0.0014315253698107206,0.0011134086209638938,0.00040478610172201,0.9011139732124336,8.851593987779793e-06,0.1839831731850952,0.6536475792422296,0.17425681787291067,1.0,0.6519802767615714,0.0024210340582105664,1.0422336368540712,0.1290016747759773,-0.47894791662293196,-0.039034839013481815,,0.39431014807565806,52.0,49.0,0.9423076923076923,1.6720612931453818,0.07894023475650429,4.170469964603907e-05,0.9011139710758019,0.9527157945753175,,1.030010928980135,0.2184300889737753,1.0,0.0,1.1389073232559108,1.5482063342267278,0.7046052124927747,0.37148959436174617,1.3346009334269817
SYNTH-RED_-0605,red_noise,0,0,True,0.5146436996435465,0.326,0.34800000000000003,0.00022004127762898897,9.690401223097307,21.70969977996014,235.65553226800037,0.5146436996435465,0.00022004127762898897,0.34800000000000003,0.6761959783847202,0.0015837451118654619,0.037806703340954255,-0.04262556203782841,0.001078849090666134,0.9963920010346208,0.9974539602402603,0.0021582905565510346,0.9934260055834893,0.003607998965379222,1.1399430131389032,0.0010607828577490189,0.0011138220006364698,0.00022664230874247515,0.9742425375723689,0.0,0.13499011765958716,0.6761959783847202,0.1391630326368192,0.9767441860465116,0.670786040097592,0.001578964903375449,0.9695168814685187,0.0883751321284715,-0.30060109278413827,0.023176291386274972,,0.3906089809463331,53.0,50.0,0.9433962264150944,1.782633760438668,0.07537442052737635,5.928061302062915e-06,0.9742425333392792,0.21037114761250228,,0.9724520276634081,0.26025981264861964,1.0,0.0,1.1416227809179584,1.4625774887058443,0.7040034734715716,0.3148883957980966,1.1826544195901867
SYNTH-RED_-0606,red_noise,0,0,True,0.53739742067099,0.23,0.34800000000000003,0.0002557658433579861,12.002623997135252,19.61864852749198,192.4456850226315,0.53739742067099,0.0002557658433579861,0.34800000000000003,0.6475654452630051,0.0019905389486922884,0.042333951635938186,-0.01486164263759715,0.0013440623197135682,0.9954819145354924,0.9967357646309194,0.002689463769451672,0.9906983477764937,0.004518085464507604,1.1737760503766619,0.0007425480004243131,0.0016442134295109791,0.0002528648352484453,0.952323842364377,0.0,0.13096703930590967,0.6475654452630051,0.13028622259482014,1.0,0.6461228386549274,0.0020066237460161385,1.0338939686122999,-0.22922550035495898,0.22692943155027379,-0.021184971024115207,,0.44010141581016915,51.0,48.0,0.9411764705882353,1.584003149014091,0.06622560049096331,1.2474406387852355e-05,0.9523238387246734,0.3417462306906169,,1.0256064284232154,0.14274909335043942,0.0,0.0,1.225215275172965,1.560024398328474,0.6860565159281372,0.33344273268621305,1.1217756825446912
SYNTH-RED_-0607,red_noise,0,0,True,0.5444441936114532,0.18600000000000003,0.34800000000000003,0.0002858332014714474,10.648849220108115,21.895103736086305,239.6977838069902,0.5444441936114532,0.0002858332014714474,0.34800000000000003,0.6391839679501714,0.0020087605508619173,0.01692231062764459,-0.01474336217636063,0.0013558455976939165,0.995378019938395,0.9967100043693307,0.0027098459877940018,0.9920182845197425,0.004621980061604969,1.1523174408981625,0.0010605578534309047,0.0016438646728179022,0.00026828314626681227,0.9615327257974519,0.0,0.1405312251335322,0.6391839679501714,0.1320568113665092,1.0,0.640736027150281,0.001996587457538774,0.9827787430028074,0.28371164737903454,-0.7504671727400913,-0.004564394329747756,,0.3014587442703892,51.0,48.0,0.9411764705882353,1.6147303098952015,0.08556454416646422,1.059686895787948e-05,0.9615327223070301,0.2916826992210899,,0.9887706955763863,0.12697213025430443,0.0,0.0,1.169582063554723,1.556278693049489,0.6791051853512691,0.30839876021416845,0.9746359674323047
SYNTH-RED_-0608,red_noise,0,0,True,0.514756627605257,0.378,0.34800000000000003,0.00022602045053926188,8.972447907909615,24.33346327694227,296.24549062980884,0.514756627605257,0.00022602045053926188,0.34800000000000003,0.6760476336535197,0.0014700179816887122,0.017424798702503644,-0.017328260969716958,0.0009955958610348148,0.9965889851779075,0.9976252321009803,0.001992118184165781,0.9943719041463125,0.003411014822092495,1.087652565749861,0.0011135266981282146,0.0012726019407179596,0.00021295838372559217,0.9795019109294869,7.1871776878840166e-06,0.15093995906639318,0.6760476336535197,0.1410433015693879,1.0,0.6724110504268519,0.0014545233443583284,0.9633373953588683,-0.22778323100628545,0.007457736756654061,-0.015935827338005915,,0.46990338058331843,54.0,50.0,0.9259259259259259,1.389730518351586,0.06503012751745055,4.380656035918307e-06,0.979501906346174,0.16950824134560377,,0.9735995638044818,0.14424636572962266,0.0,0.0,1.0557004594230865,1.4371119356378683,0.7045719421957346,0.3161501588605066,1.5308165719987463
SYNTH-RED_-0609,red_noise,0,0,True,0.5320347498988229,0.366,0.34800000000000003,0.0001868997628620571,10.145676862670236,23.562224803240618,277.6119125294479,0.5320347498988229,0.0001868997628620571,0.34800000000000003,0.6540926134358314,0.0012056545334408267,0.007577397081360288,0.06907451880685223,0.0008074451302659824,0.9971798069583645,0.9980449213581025,0.0016143011690349374,0.9950072149983346,0.0028201930416354992,1.1531140665455124,0.001909105372010394,0.0014318290290077954,0.00018427046030811134,0.7998207102611519,2.5489106152409846e-06,0.15921664424373239,0.6540926134358314,0.15689530100611668,0.44897959183673464,0.6486715808453094,0.0012024675633408115,1.023829375500527,0.3587582055779538,0.6263769077386552,0.12166810076874901,,0.37055382280662164,53.0,48.0,0.9056603773584906,1.3847379204463721,0.08700146847175003,4.191419157484333e-05,0.7998207064412632,1.9256072614963176,,1.0265428903650544,0.16325377724830434,0.0,0.0,1.206193331389379,1.55268497632524,0.6955845793528017,0.3492381180493393,1.0602037008503147
SYNTH-RED_-0610,red_noise,0,0,True,0.509336106598965,0.22200000000000003,0.34800000000000003,0.00013628968195750752,6.767857858628957,22.583732348975836,255.01248340508897,0.509336106598965,0.00013628968195750752,0.34800000000000003,0.6832423531167487,0.0009540079534793739,-0.010666519613787508,-0.0459038402947205,0.0006516458567156214,0.9978080997291917,0.9984303799712179,0.001303574448254241,0.9960933270282278,0.002191900270808289,1.104696309550981,0.001325486453528445,0.0010073697046816181,0.00012622828609121228,0.8843810672539897,0.0,0.14502684838243216,0.6832423531167487,0.13358045668928745,0.9374999999999999,0.6897301309580616,0.0009756650923681933,1.0324927371679837,-0.5091568695782762,0.29105257427847103,-0.05161614679455262,,0.6093450118060794,54.0,52.0,0.9629629629629629,2.770665247402145,0.08957771933876314,1.5473636931440105e-05,0.8843810606458992,0.9050943548386559,,1.0095741775254852,0.20400165017234456,1.0,0.0,1.1377247927141112,1.4779359947356998,0.7305356956305281,0.27573856942784314,1.319466379955593
SYNTH-RED_-0611,red_noise,0,0,True,0.5496102134594,0.42600000000000005,0.17200000000000001,0.0002428386230297046,6.586732084285905,18.967340013828952,179.87999360009908,0.5496102134594,0.0002428386230297046,0.17200000000000001,0.31294906060312094,0.0013645548057101477,0.005891989248982999,0.010357417946827763,0.0009214160622250667,0.996815582603606,0.9977619778877375,0.0018436796806557965,0.9943942734126584,0.003184417396393968,1.163430228085886,0.001325486453528445,0.0012724669953873072,0.00022416235587341404,0.7321264882675527,5.6534450038392414e-05,0.1781473604739954,0.31294906060312094,0.16491979976355928,1.0,0.31148931657918455,0.001348286885172263,0.9919560412365149,0.14142535186633134,0.0064040375572679935,0.05799352270755076,,0.45951362228301806,50.0,48.0,0.96,1.897356466003035,0.09219537571531582,6.93473682089607e-05,0.7321264854395104,1.9650887886200672,0.38846827549897717,1.0039246083370164,0.18345458445604926,0.0,0.0,1.1801323822745184,3.216072006895684,0.36041811901147647,0.252270350367132,1.6014421397447245
SYNTH-RED_-0612,red_noise,0,0,True,3.9178152599499283,0.28,0.128,0.000808193007083539,6.231573732065766,25.352641270207144,321.37820968790584,3.9178152599499283,0.000808193007083539,0.128,0.032671269957133174,0.0011233648200060253,-0.02863629692200101,0.020735100279793528,0.0007530098704906507,0.9973236958761926,0.9981348432811722,0.0015072054811305913,0.9953145492016642,0.0026763041238073715,1.0817601772574175,0.0014847809948032665,0.0012726694241170856,0.0007800889670250832,0.5738406373974078,0.00010638976749499651,0.7134923229371397,0.032671269957133174,0.7010401034934391,,0.03414996288047513,0.0010418273166518442,0.936255684621696,,0.42842881976153957,-0.2054184547960154,0.0,0.571407127493229,7.0,7.0,1.0,0.4848101119692555,0.3198111104892325,0.00042256512192084816,0.5738406368186862,5.124839853053549,0.1694149526289313,1.0095307368352902,0.1258692588617432,0.0,0.0,1.0984154205876753,26.474361665380396,0.06982050693494783,0.5500542781537713,3.4365838220233353
SYNTH-RED_-0613,red_noise,0,0,True,0.533304732050799,0.19,0.34800000000000003,0.00029265039059678954,12.936309278168087,22.534294377148296,253.89721153798914,0.533304732050799,0.00029265039059678954,0.34800000000000003,0.6525349937582251,0.00201504930804034,-0.011644867387730231,0.03635027035017124,0.0013549289884893234,0.9952675423550164,0.9966866821949056,0.0027090951561417054,0.9917455556784253,0.004732457644983645,1.1614129960495752,0.0016437775067606978,0.0013786521024444563,0.00026476888522375397,0.995329960659451,1.4662287589839451e-05,0.14924421646530978,0.6525349937582251,0.13467956045067572,1.0,0.6555490747123389,0.00203529832552776,1.0352919061332466,0.2509966642471797,0.3813833340359712,0.018367535951828717,,0.3542856259328242,52.0,50.0,0.9615384615384616,2.031709560052879,0.07859028086283833,1.240227536003502e-06,0.9953299569115661,0.033932359956241914,,1.0249918711708335,0.19917068247792577,0.0,0.0,1.1694899369021026,1.5392624788203604,0.6986266012797848,0.38939468367968333,0.9414832917026408
SYNTH-RED_-0615,red_noise,0,0,True,0.5625258628428356,0.42200000000000004,0.34800000000000003,0.00029958619888097344,7.675736388098203,18.701886400184236,174.91029209883595,0.5625258628428356,0.00029958619888097344,0.34800000000000003,0.6186382226788886,0.002406682455791502,-0.013528802705356727,-0.00526248741951818,0.0016114550980135256,0.9944329124471583,0.9960529800984739,0.0032269284933668096,0.9906341238687594,0.005567087552841743,1.1299992993832633,0.0017498276684871944,0.001166551778991463,0.00029355053165880385,0.9276325402138302,0.0,0.1261915263316721,0.6186382226788886,0.12407145878582519,0.7777777777777777,0.6179012672994326,0.002400043250273195,1.0143973016426935,-0.006431550055208566,-0.22998690407397088,-0.0325657074363539,,0.48354609935157405,50.0,46.0,0.92,1.9348083809438443,0.0904297235650523,2.252122870094464e-05,0.9276325372330688,0.5072287351599758,,1.0172034144750581,0.1112645136531103,0.0,0.0,1.1367340297076833,1.610874814145845,0.6529962966134646,0.2663180204835827,0.9146991424815574
SYNTH-RED_-0616,red_noise,0,0,True,0.5582422710897867,0.30600000000000005,0.34800000000000003,0.0002683954819051409,11.745584280916443,22.434391158612698,251.65095332881984,0.5582422710897867,0.0002683954819051409,0.34800000000000003,0.6233852540773077,0.001791549047500268,0.014840028550202507,-0.010945179479056932,0.0012124581839185744,0.9958910719828826,0.997070328882593,0.00242521353661318,0.9925661568336813,0.004108928017117375,1.1470149191185086,0.0013788714467543488,0.0013788714467543488,0.0002517098566043874,0.9516068141942358,0.0,0.1512532623238666,0.6233852540773077,0.14056977879709504,0.47727272727272724,0.6211815867628341,0.0017840584603503124,0.9963245242584517,-0.604036015061167,0.5295897374157933,-0.015439786405295752,,0.4266445289517175,49.0,46.0,0.9387755102040817,1.6481559879221104,0.07108378545062956,1.2507988868093456e-05,0.9516068105124861,0.3794068107388361,,1.0005077143525312,0.2103718544525965,1.0,0.0,1.1495480479235836,1.6086678583182943,0.6652331775739662,0.3447481349536556,1.25020729133598
SYNTH-RED_-0617,red_noise,0,0,True,0.5351905878626458,0.152,0.304,0.0002409989119493206,8.1605565254251,22.808851179713958,260.1460277040181,0.5351905878626458,0.0002409989119493206,0.304,0.5680219474973655,0.0015244489290373992,-0.008182679543810495,0.03862445470779541,0.001033793026410379,0.9964417338420858,0.9975258774811209,0.002068362981210825,0.9933518263334362,0.003558266157914214,1.1059127882161819,0.0015378088874748118,0.0013787252094601761,0.0002472101653716585,0.6759393881070709,0.0,0.1550444183180439,0.5680219474973655,0.15797201680770656,1.0,0.570421041467812,0.0014961467883090114,0.9560663706292867,0.013768908801955745,0.4261429679725287,-0.0005524712350872818,,0.5157462273591955,52.0,49.0,0.9423076923076923,1.6532971254405926,0.0720454476919631,9.523721229620641e-05,0.6759393858070736,3.2907913020421335,,0.9741519790593336,0.12452145159813886,0.0,0.0,1.077358871569096,1.687685732107208,0.6091595047741297,0.2628680954414289,1.4977629010550264
SYNTH-RED_-0618,red_noise,0,0,True,0.532457404690105,0.394,0.34800000000000003,0.00020756285013070328,6.556300764197237,16.04946396094937,128.80318793860508,0.532457404690105,0.00020756285013070328,0.34800000000000003,0.6535734068766291,0.0020077154601333565,-0.004244015895907756,-0.015019068125910362,0.0013597634333943898,0.9953992644391225,0.99667764202711,0.002717069658730642,0.9917361573477644,0.004600735560877478,1.15792755641955,0.001537727345034201,0.001166551778991463,0.00021279559441378382,0.8242724342344446,0.0,0.10466644806237957,0.6535734068766291,0.10763153348360632,0.6444444444444444,0.647860437987168,0.0020230916305896116,1.023275200682937,-0.20235518181795661,0.13854393324021427,-0.03216052084160248,,0.369129172591476,53.0,48.0,0.9056603773584906,1.2670357778109373,0.07511065695643053,4.120928388429146e-05,0.8242724307195234,1.1272983070777713,,1.0154979682178045,0.15474970961260923,0.0,0.0,1.164236870393871,1.530351749156007,0.6781937775441395,0.2271776169756398,0.9015092522097156
SYNTH-RED_-0619,red_noise,0,0,True,0.5149261125023518,0.378,0.34800000000000003,0.00026710058599194295,9.54149488063386,25.882696505682052,335.06264553546794,0.5149261125023518,0.00026710058599194295,0.34800000000000003,0.675825116556719,0.0016183581007632375,0.004380104506411226,-0.014537167901391257,0.001085348835644262,0.9962850118145993,0.9973040680042983,0.0021699593585861043,0.9933819938566042,0.003714988185400725,1.0827995824868981,0.0011664899257688229,0.0017497348886532343,0.00026641600453836123,0.9325212708369576,0.0,0.16717621379248765,0.675825116556719,0.16676713862693143,1.0,0.6723753976670201,0.0016021900028042578,1.002915131796702,-0.4644784111018922,0.39221844008815987,0.00013134705738471197,,0.5622282005238527,54.0,50.0,0.9259259259259259,4.046062198755343,0.08425196994555512,1.8626237569097093e-05,0.9325212674586397,0.6530806076409508,,1.0130357979268432,0.1993631400794667,0.0,0.0,1.0876750489483995,1.4592614992754334,0.7133580783322544,0.3547534226608345,0.7941514545636649
SYNTH-RED_-0620,red_noise,0,0,True,0.5446337952551373,0.34400000000000003,0.216,0.00042482379165303496,7.27451258471169,21.386645798850704,228.69430926274927,0.5446337952551373,0.00042482379165303496,0.216,0.3965967625986437,0.002428087925632471,0.05317952895159817,-0.018261025160840827,0.001618076549431191,0.9944984848210162,0.9960573601838995,0.0032340996511239783,0.9911797779588571,0.005501515178983785,1.093976841984193,0.0012196415314455404,0.0014317531021317213,0.00038644732464843123,0.9687634274465419,0.0,0.17486507522254194,0.3965967625986437,0.15869280818374268,0.9444444444444444,0.3957471630077421,0.002377286653942015,0.9762217795530107,0.5983194774374484,0.5906816798971625,-0.01186402968293443,,0.2572310167900403,50.0,48.0,0.96,2.311850178195048,0.09332726719337689,1.2332738300591117e-05,0.9687634249928411,0.22291965663587548,,0.9970830870318448,0.188841784318085,0.0,0.0,1.0919739134967674,2.4354440020577828,0.4428700537081631,0.29069005951097476,1.2500045325601836
SYNTH-RED_-0621,red_noise,0,0,True,0.5130678948482705,0.17400000000000002,0.34800000000000003,0.0002160253903965054,10.09203174803551,19.96122588820077,199.24074929880675,0.5130678948482705,0.0002160253903965054,0.34800000000000003,0.6782728046215287,0.001698669869454393,0.01771614948623506,0.0029276402444766703,0.0011444089475809438,0.9960624379633578,0.9972297875169751,0.002285342130513901,0.9934926078651779,0.003937562036642195,1.1851268383356321,0.0012197062098955294,0.001378798324229729,0.00021293940514977017,0.7855581541524033,0.0,0.12798322351701832,0.6782728046215287,0.12559534774621145,0.673469387755102,0.6825051704937158,0.0016928706057877628,0.9984843917156175,-0.46017198569320866,0.32103027038303866,0.006615653461120363,,0.5177741604483387,54.0,52.0,0.9629629629629629,1.1821210429655313,0.06428799509610422,5.006584612687881e-05,0.7855581507877035,1.6820995335086621,,1.0019048978280023,0.10903036745372072,0.0,0.0,1.2049788686370002,1.4542857810379484,0.7128319651065949,0.29107672529670886,1.0484308976379284
SYNTH-RED_-0622,red_noise,0,0,True,0.5220885690444002,0.18200000000000002,0.34800000000000003,0.0002382713611387069,6.9675033552185575,19.275150772992937,185.76571866080448,0.5220885690444002,0.0002382713611387069,0.34800000000000003,0.6665535708566815,0.0019308961574091674,-0.004277472099480623,-0.0017471418671153316,0.0012841491734221222,0.9955452123702924,0.9968046531930808,0.0025652518908756416,0.9920670793911216,0.004454787629707635,1.149344702506191,0.0016437775067606978,0.0013786521024444563,0.00022308722869557318,0.8411804671854415,0.0,0.1254200829070057,0.6665535708566815,0.11656730061335602,0.9130434782608695,0.667532742987433,0.0018949972695629816,0.9901719505605219,-0.05088257872631206,-0.12623784534502205,0.01194093411762287,,0.35341408048265344,53.0,50.0,0.9433962264150944,2.895780659947891,0.08161201762401392,3.8082864270205796e-05,0.84118046367741,1.1285368157834563,,1.0089297991192212,0.1312410823964752,0.0,0.0,1.1658154326485994,1.492449670851435,0.6990645943592868,0.24464775139517575,1.220541926451901
SYNTH-RED_-0624,red_noise,0,0,True,0.5174818452287592,0.278,0.34800000000000003,0.0002553883126373818,9.532284694672537,19.842243233769643,196.85730827403856,0.5174818452287592,0.0002553883126373818,0.34800000000000003,0.6724873601047054,0.0019979500140314068,-0.002040397665824015,-0.00536163755706065,0.0013427734745077302,0.9953698829948467,0.9967707353542654,0.0026881029757943598,0.9917684479998677,0.004630117005153256,1.1829949224073935,0.0013786521024444563,0.001007476536401718,0.0002467772686870484,0.6793974122311592,0.0,0.13100647290838202,0.6724873601047054,0.12583226280726773,1.0,0.6711914735669972,0.00199817207757982,1.0188722621734896,0.1759960028763996,-0.44754302141618324,-0.01471281144195169,,0.3522500178508728,53.0,50.0,0.9433962264150944,3.7036340412759516,0.08877552134948648,9.74748739278608e-05,0.6793974099965673,2.749353139571155,,1.018759031490078,0.1779107142076295,0.0,0.0,1.2264719099966381,1.4833503502546799,0.706202326887735,0.26562121040720427,1.0201643221176944
SYNTH-RED_-0626,red_noise,0,0,True,0.6159974211828877,0.21800000000000003,0.34800000000000003,0.00019375018641409593,8.44582161608758,23.201675150940993,269.158864904897,0.6159974211828877,0.00019375018641409593,0.34800000000000003,0.5649374299842725,0.0011976825535615658,-0.04851475587101397,0.0348030890484341,0.0008021338564623282,0.9971386690370384,0.9980064203493818,0.0016027964738778433,0.9950180250016847,0.0028613309629615946,1.1119664298432117,0.001590921143341995,0.0011136448003393965,0.000188489919671464,0.7394265154066602,0.0,0.1659652342893077,0.5649374299842725,0.160759008861725,1.0,0.5687012780399852,0.0011963025306026805,1.0203007643786253,0.10853417596414916,-0.3573823925033003,0.026426000329527355,,0.3743488367700051,45.0,43.0,0.9555555555555556,1.679043303981074,0.11145285923003817,5.800826246427082e-05,0.7394265120851515,2.511270847217872,,1.0214777563549786,0.17202620031178065,0.0,0.0,1.121993732027853,1.7759073828868572,0.6187563715206991,0.3462754973275773,1.2505975347490028
